loan_id,month_end,days_past_due,pd_estimate,lgd_estimate,prev_dpd
LOAN000408,2023-01-31,30,0.156,0.8168,
LOAN000464,2023-01-31,0,0.0962,0.5755,
LOAN000152,2023-01-31,0,0.1546,0.7245,
LOAN000672,2023-01-31,0,0.0369,0.7835,
LOAN000616,2023-01-31,30,0.294,0.6262,
LOAN000084,2023-01-31,0,0.0869,0.8445,
LOAN000042,2023-01-31,30,0.2327,0.6133,
LOAN000494,2023-01-31,0,0.0969,0.578,
LOAN000193,2023-01-31,0,0.2946,0.7127,
LOAN000025,2023-01-31,0,0.0722,0.6323,
LOAN000317,2023-01-31,0,0.0185,0.8259,
LOAN000863,2023-01-31,0,0.1059,0.7509,
LOAN000155,2023-01-31,0,0.0265,0.5761,
LOAN000299,2023-01-31,30,0.2997,0.6917,
LOAN000712,2023-01-31,0,0.2959,0.8241,
LOAN000316,2023-01-31,30,0.0831,0.4973,
LOAN000177,2023-01-31,0,0.0255,0.4346,
LOAN000457,2023-01-31,30,0.246,0.7865,
LOAN000401,2023-01-31,0,0.2799,0.2646,
LOAN000412,2023-01-31,0,0.2848,0.5663,
LOAN000433,2023-01-31,30,0.262,0.2339,
LOAN000968,2023-01-31,0,0.1578,0.6959,
LOAN000408,2023-01-31,0,0.0612,0.8471,30.0
LOAN000391,2023-01-31,0,0.1389,0.8737,
LOAN000396,2023-01-31,60,0.057,0.4612,
LOAN000831,2023-01-31,0,0.2205,0.7972,
LOAN000743,2023-01-31,0,0.199,0.6564,
LOAN000418,2023-01-31,0,0.1425,0.3579,
LOAN000889,2023-01-31,0,0.2391,0.2403,
LOAN000108,2023-01-31,0,0.2057,0.6169,
LOAN000368,2023-01-31,60,0.0586,0.4424,
LOAN000417,2023-01-31,0,0.1238,0.8129,
LOAN000590,2023-01-31,60,0.2117,0.8533,
LOAN000784,2023-01-31,0,0.1467,0.5966,
LOAN000542,2023-01-31,0,0.2451,0.6284,
LOAN000207,2023-01-31,0,0.2907,0.2916,
LOAN000936,2023-01-31,0,0.2939,0.4351,
LOAN000564,2023-01-31,0,0.1558,0.7663,
LOAN000930,2023-01-31,0,0.1294,0.5484,
LOAN000298,2023-01-31,0,0.1737,0.42,
LOAN000067,2023-01-31,60,0.2034,0.5716,
LOAN000662,2023-01-31,0,0.2951,0.5519,
LOAN000345,2023-01-31,0,0.1966,0.5248,
LOAN000851,2023-01-31,0,0.2394,0.5256,
LOAN000287,2023-01-31,30,0.292,0.5881,
LOAN000098,2023-01-31,0,0.192,0.8614,
LOAN000596,2023-01-31,0,0.2521,0.8125,
LOAN000008,2023-01-31,60,0.1403,0.5779,
LOAN000675,2023-01-31,30,0.1445,0.231,
LOAN000440,2023-01-31,60,0.1194,0.8107,
LOAN000981,2023-01-31,0,0.0552,0.6477,
LOAN000031,2023-01-31,0,0.0798,0.2865,
LOAN000370,2023-01-31,0,0.2895,0.8144,
LOAN000740,2023-01-31,0,0.0949,0.5651,
LOAN000277,2023-01-31,60,0.0799,0.3615,
LOAN000869,2023-01-31,0,0.2187,0.7608,
LOAN000261,2023-01-31,30,0.1891,0.3897,
LOAN000636,2023-01-31,0,0.1264,0.7821,
LOAN000002,2023-01-31,0,0.1095,0.6319,
LOAN000865,2023-01-31,0,0.0589,0.4297,
LOAN000010,2023-01-31,0,0.0328,0.4179,
LOAN000456,2023-01-31,0,0.0253,0.3884,
LOAN000126,2023-01-31,0,0.094,0.3066,
LOAN000668,2023-01-31,0,0.1582,0.3695,
LOAN000217,2023-01-31,60,0.1524,0.4473,
LOAN000186,2023-01-31,60,0.2115,0.3944,
LOAN000556,2023-01-31,0,0.2648,0.494,
LOAN000011,2023-01-31,0,0.1637,0.4321,
LOAN000595,2023-01-31,30,0.0996,0.7807,
LOAN000648,2023-01-31,0,0.2869,0.5783,
LOAN000443,2023-01-31,0,0.0613,0.3207,
LOAN000415,2023-01-31,60,0.1938,0.5867,
LOAN000691,2023-01-31,0,0.067,0.378,
LOAN000997,2023-01-31,30,0.1773,0.7096,
LOAN000040,2023-01-31,30,0.2949,0.5155,
LOAN000725,2023-01-31,0,0.048,0.8611,
LOAN000174,2023-01-31,0,0.2651,0.2604,
LOAN000317,2023-01-31,0,0.0537,0.3158,0.0
LOAN000626,2023-01-31,0,0.2317,0.7019,
LOAN000981,2023-01-31,0,0.1213,0.3605,0.0
LOAN000669,2023-01-31,30,0.1575,0.236,
LOAN000607,2023-01-31,0,0.1252,0.5841,
LOAN000410,2023-01-31,30,0.2769,0.837,
LOAN000409,2023-01-31,0,0.1562,0.5217,
LOAN000337,2023-01-31,0,0.1834,0.5559,
LOAN000526,2023-01-31,0,0.166,0.2015,
LOAN000222,2023-01-31,90,0.1382,0.7557,
LOAN000025,2023-01-31,0,0.0776,0.8964,0.0
LOAN000209,2023-01-31,0,0.1049,0.2274,
LOAN000223,2023-01-31,0,0.2503,0.3299,
LOAN000780,2023-01-31,30,0.152,0.3276,
LOAN000006,2023-01-31,60,0.1447,0.7816,
LOAN000333,2023-01-31,60,0.2076,0.8853,
LOAN000040,2023-01-31,0,0.2812,0.8588,30.0
LOAN000337,2023-01-31,0,0.0785,0.3502,0.0
LOAN000873,2023-01-31,0,0.2569,0.4355,
LOAN000741,2023-01-31,0,0.2529,0.6808,
LOAN000175,2023-01-31,0,0.0801,0.3732,
LOAN000494,2023-01-31,0,0.0583,0.8376,0.0
LOAN000313,2023-01-31,60,0.2878,0.4742,
LOAN000589,2023-01-31,30,0.0899,0.3699,
LOAN000893,2023-01-31,0,0.0281,0.3246,
LOAN000019,2023-01-31,0,0.0512,0.8767,
LOAN000012,2023-01-31,0,0.1002,0.2981,
LOAN000095,2023-01-31,0,0.0216,0.8866,
LOAN000802,2023-01-31,0,0.1178,0.2692,
LOAN000340,2023-01-31,0,0.1756,0.7687,
LOAN000201,2023-01-31,0,0.2367,0.4185,
LOAN000101,2023-01-31,0,0.2588,0.8453,
LOAN000436,2023-01-31,30,0.2616,0.8501,
LOAN000522,2023-01-31,0,0.2805,0.8488,
LOAN000845,2023-01-31,0,0.1317,0.3891,
LOAN000384,2023-01-31,30,0.2384,0.2443,
LOAN000089,2023-01-31,0,0.1926,0.8861,
LOAN000131,2023-01-31,0,0.0205,0.6178,
LOAN000070,2023-01-31,0,0.0663,0.3521,
LOAN000782,2023-01-31,0,0.0709,0.5353,
LOAN000407,2023-01-31,0,0.0733,0.8384,
LOAN000344,2023-01-31,60,0.073,0.2603,
LOAN000031,2023-01-31,30,0.1034,0.6208,0.0
LOAN000717,2023-01-31,0,0.0683,0.2129,
LOAN000016,2023-01-31,0,0.081,0.4733,
LOAN000331,2023-01-31,30,0.0765,0.6682,
LOAN000791,2023-01-31,0,0.197,0.486,
LOAN000119,2023-01-31,0,0.0948,0.7186,
LOAN000216,2023-01-31,30,0.0458,0.4984,
LOAN000700,2023-01-31,0,0.2739,0.5883,
LOAN000835,2023-01-31,30,0.1261,0.4686,
LOAN000452,2023-01-31,0,0.2936,0.5389,
LOAN000170,2023-01-31,90,0.2033,0.4914,
LOAN000498,2023-01-31,0,0.0708,0.3705,
LOAN000470,2023-01-31,0,0.0474,0.3001,
LOAN000705,2023-01-31,60,0.2583,0.6801,
LOAN000189,2023-01-31,90,0.0944,0.3341,
LOAN000571,2023-01-31,0,0.0264,0.2194,
LOAN000970,2023-01-31,0,0.203,0.8764,
LOAN000762,2023-01-31,60,0.0155,0.3125,
LOAN000868,2023-01-31,0,0.0317,0.2702,
LOAN000061,2023-01-31,0,0.2297,0.6111,
LOAN000967,2023-01-31,30,0.0929,0.4844,
LOAN000106,2023-01-31,30,0.2297,0.7105,
LOAN000136,2023-01-31,0,0.1804,0.5945,
LOAN000946,2023-01-31,90,0.0287,0.5986,
LOAN000083,2023-01-31,60,0.2786,0.6661,
LOAN000073,2023-01-31,0,0.1051,0.3141,
LOAN000104,2023-01-31,60,0.2165,0.7371,
LOAN000386,2023-01-31,0,0.1958,0.4815,
LOAN000643,2023-01-31,0,0.1218,0.7056,
LOAN000037,2023-01-31,0,0.2634,0.5739,
LOAN000240,2023-01-31,0,0.0288,0.2725,
LOAN000649,2023-01-31,60,0.0974,0.3625,
LOAN000101,2023-01-31,60,0.2773,0.4793,0.0
LOAN000164,2023-01-31,0,0.0678,0.2003,
LOAN000246,2023-01-31,0,0.1342,0.5778,
LOAN000839,2023-01-31,0,0.2558,0.2572,
LOAN000767,2023-01-31,0,0.0843,0.5635,
LOAN000290,2023-01-31,0,0.097,0.8884,
LOAN000365,2023-01-31,0,0.0755,0.8374,
LOAN000660,2023-01-31,60,0.2221,0.6513,
LOAN000114,2023-01-31,90,0.1607,0.246,
LOAN000932,2023-01-31,0,0.1337,0.494,
LOAN000020,2023-01-31,0,0.267,0.4286,
LOAN000351,2023-01-31,0,0.2034,0.3412,
LOAN000108,2023-01-31,0,0.0469,0.798,0.0
LOAN000948,2023-01-31,0,0.2911,0.451,
LOAN000524,2023-01-31,0,0.2039,0.3838,
LOAN000069,2023-01-31,0,0.2496,0.7369,
LOAN000404,2023-01-31,0,0.1738,0.3258,
LOAN000849,2023-01-31,0,0.2932,0.6804,
LOAN000082,2023-01-31,60,0.1169,0.4136,
LOAN000730,2023-01-31,0,0.1409,0.6148,
LOAN000512,2023-01-31,0,0.1651,0.4866,
LOAN000573,2023-01-31,0,0.1025,0.8204,
LOAN000424,2023-01-31,0,0.1605,0.3497,
LOAN000960,2023-01-31,0,0.2782,0.8303,
LOAN000561,2023-01-31,60,0.228,0.2575,
LOAN000830,2023-01-31,0,0.0685,0.2326,
LOAN000632,2023-01-31,90,0.2357,0.894,
LOAN000644,2023-01-31,0,0.0346,0.4782,
LOAN000316,2023-01-31,0,0.0594,0.5711,30.0
LOAN000764,2023-01-31,0,0.1257,0.2909,
LOAN000910,2023-01-31,0,0.1944,0.8572,
LOAN000690,2023-01-31,60,0.0538,0.5392,
LOAN000643,2023-01-31,0,0.1801,0.7513,0.0
LOAN000390,2023-01-31,60,0.1781,0.6491,
LOAN000844,2023-01-31,0,0.2826,0.338,
LOAN000955,2023-01-31,0,0.1065,0.6447,
LOAN000404,2023-01-31,0,0.2845,0.3717,0.0
LOAN000917,2023-01-31,0,0.0924,0.6583,
LOAN000159,2023-01-31,0,0.257,0.5658,
LOAN000734,2023-01-31,0,0.2022,0.2458,
LOAN000253,2023-01-31,0,0.1953,0.4279,
LOAN000417,2023-01-31,0,0.1295,0.2998,0.0
LOAN000106,2023-01-31,60,0.0413,0.4147,30.0
LOAN000360,2023-01-31,0,0.1417,0.7588,
LOAN000735,2023-01-31,0,0.1441,0.2047,
LOAN000641,2023-01-31,0,0.1839,0.3511,
LOAN000427,2023-01-31,30,0.0276,0.7929,
LOAN000467,2023-01-31,60,0.151,0.2945,
LOAN000651,2023-01-31,0,0.2673,0.3996,
LOAN000605,2023-01-31,0,0.2597,0.4444,
LOAN000990,2023-01-31,0,0.1393,0.6711,
LOAN000962,2023-01-31,0,0.162,0.8845,
LOAN000180,2023-01-31,0,0.2671,0.5422,
LOAN000454,2023-01-31,30,0.2991,0.596,
LOAN000077,2023-01-31,0,0.0812,0.868,
LOAN000226,2023-01-31,0,0.1715,0.696,
LOAN000671,2023-01-31,0,0.1756,0.4366,
LOAN000742,2023-01-31,0,0.1703,0.7596,
LOAN000347,2023-01-31,90,0.087,0.4409,
LOAN000118,2023-01-31,0,0.2329,0.3006,
LOAN000203,2023-01-31,30,0.1816,0.3955,
LOAN000391,2023-01-31,60,0.1692,0.4648,0.0
LOAN000282,2023-01-31,0,0.0447,0.5516,
LOAN000758,2023-01-31,0,0.2378,0.4074,
LOAN000196,2023-01-31,0,0.119,0.7484,
LOAN000020,2023-01-31,0,0.1956,0.486,0.0
LOAN000888,2023-01-31,0,0.1354,0.8628,
LOAN000701,2023-01-31,0,0.0142,0.85,
LOAN000796,2023-01-31,30,0.2596,0.7732,
LOAN000387,2023-01-31,60,0.1679,0.8961,
LOAN000325,2023-01-31,0,0.0487,0.3694,
LOAN000265,2023-01-31,0,0.1419,0.2928,
LOAN000259,2023-01-31,0,0.0676,0.4525,
LOAN000784,2023-01-31,0,0.2723,0.6183,0.0
LOAN000356,2023-01-31,0,0.1465,0.3622,
LOAN000648,2023-01-31,0,0.0664,0.7197,0.0
LOAN000196,2023-01-31,0,0.2519,0.6212,0.0
LOAN000177,2023-01-31,0,0.2024,0.3175,0.0
LOAN000773,2023-01-31,0,0.0804,0.3005,
LOAN000791,2023-01-31,0,0.1895,0.5721,0.0
LOAN000997,2023-01-31,0,0.0656,0.8136,30.0
LOAN000927,2023-01-31,0,0.2348,0.2656,
LOAN000959,2023-01-31,30,0.135,0.7408,
LOAN000470,2023-01-31,60,0.245,0.5783,0.0
LOAN000642,2023-01-31,0,0.0364,0.8665,
LOAN000915,2023-01-31,0,0.0965,0.7287,
LOAN000185,2023-01-31,0,0.1441,0.2628,
LOAN000446,2023-01-31,0,0.2674,0.8945,
LOAN000392,2023-01-31,0,0.0392,0.587,
LOAN000271,2023-01-31,0,0.2995,0.8454,
LOAN000114,2023-01-31,0,0.0179,0.4919,90.0
LOAN000008,2023-01-31,0,0.0665,0.2336,60.0
LOAN000958,2023-01-31,60,0.1609,0.8632,
LOAN000070,2023-01-31,60,0.1689,0.3772,0.0
LOAN000232,2023-01-31,0,0.1532,0.3976,
LOAN000908,2023-01-31,0,0.0512,0.8398,
LOAN000001,2023-01-31,0,0.2114,0.8706,
LOAN000994,2023-01-31,60,0.2287,0.7395,
LOAN000996,2023-01-31,0,0.2052,0.7915,
LOAN000773,2023-01-31,60,0.2738,0.6609,0.0
LOAN000380,2023-01-31,0,0.1223,0.5701,
LOAN000297,2023-01-31,0,0.1214,0.3519,
LOAN000252,2023-01-31,0,0.089,0.3866,
LOAN000030,2023-01-31,60,0.2445,0.8292,
LOAN000469,2023-01-31,90,0.0438,0.7152,
LOAN000281,2023-01-31,0,0.2792,0.4767,
LOAN000381,2023-01-31,0,0.2848,0.3028,
LOAN000956,2023-01-31,60,0.1629,0.3048,
LOAN000406,2023-01-31,0,0.1371,0.3936,
LOAN000532,2023-01-31,60,0.1372,0.2754,
LOAN000144,2023-01-31,0,0.2479,0.4316,
LOAN000712,2023-01-31,0,0.2895,0.2312,0.0
LOAN000431,2023-01-31,0,0.0665,0.8653,
LOAN000973,2023-01-31,30,0.2418,0.8654,
LOAN000550,2023-01-31,0,0.2521,0.4749,
LOAN000449,2023-01-31,30,0.1273,0.4802,
LOAN000055,2023-01-31,0,0.1313,0.4007,
LOAN000523,2023-01-31,0,0.0143,0.2829,
LOAN000446,2023-01-31,0,0.0882,0.7653,0.0
LOAN000697,2023-01-31,0,0.1669,0.3637,
LOAN000314,2023-01-31,90,0.1701,0.8591,
LOAN000683,2023-01-31,30,0.2176,0.5253,
LOAN000363,2023-01-31,0,0.243,0.4526,
LOAN000776,2023-01-31,0,0.1142,0.5588,
LOAN000757,2023-01-31,90,0.0928,0.742,
LOAN000833,2023-01-31,0,0.0708,0.6109,
LOAN000820,2023-01-31,90,0.1374,0.3547,
LOAN000491,2023-01-31,0,0.0579,0.838,
LOAN000881,2023-01-31,0,0.1979,0.595,
LOAN000081,2023-01-31,90,0.0383,0.3082,
LOAN000962,2023-01-31,0,0.2028,0.7219,0.0
LOAN000800,2023-01-31,60,0.0366,0.218,
LOAN000389,2023-01-31,60,0.2435,0.4454,
LOAN000164,2023-01-31,0,0.2538,0.4875,0.0
LOAN000675,2023-01-31,0,0.1863,0.2096,30.0
LOAN000825,2023-01-31,0,0.291,0.4148,
LOAN000612,2023-01-31,0,0.1126,0.8359,
LOAN000163,2023-01-31,0,0.1375,0.6215,
LOAN000129,2023-01-31,0,0.0716,0.3677,
LOAN000257,2023-01-31,0,0.1762,0.2647,
LOAN000811,2023-01-31,0,0.1354,0.704,
LOAN000294,2023-01-31,0,0.2943,0.4817,
LOAN000432,2023-01-31,30,0.1795,0.2968,
LOAN000814,2023-01-31,0,0.0122,0.8655,
LOAN000108,2023-01-31,0,0.0643,0.3148,0.0
LOAN000665,2023-01-31,0,0.2087,0.7787,
LOAN000430,2023-01-31,0,0.2563,0.6588,
LOAN000151,2023-01-31,60,0.1848,0.2278,
LOAN000511,2023-01-31,0,0.2902,0.4359,
LOAN000133,2023-01-31,0,0.2572,0.7648,
LOAN000036,2023-01-31,0,0.2294,0.6328,
LOAN000041,2023-01-31,0,0.2081,0.2832,
LOAN000212,2023-01-31,0,0.1149,0.351,
LOAN000174,2023-01-31,0,0.0187,0.5296,0.0
LOAN000827,2023-01-31,60,0.1697,0.2428,
LOAN000594,2023-01-31,30,0.2096,0.4094,
LOAN000546,2023-01-31,0,0.2624,0.6345,
LOAN000419,2023-01-31,0,0.1829,0.2282,
LOAN000783,2023-01-31,60,0.1371,0.7264,
LOAN000730,2023-01-31,0,0.0369,0.572,0.0
LOAN000764,2023-01-31,0,0.1368,0.7703,0.0
LOAN000926,2023-01-31,0,0.2918,0.7117,
LOAN000213,2023-01-31,0,0.1768,0.5303,
LOAN000142,2023-01-31,0,0.23,0.2202,
LOAN000482,2023-01-31,60,0.2821,0.3544,
LOAN000513,2023-01-31,0,0.0797,0.361,
LOAN000067,2023-01-31,90,0.0864,0.6407,60.0
LOAN000182,2023-01-31,0,0.2287,0.5839,
LOAN000532,2023-01-31,60,0.0191,0.3442,60.0
LOAN000936,2023-01-31,30,0.1044,0.2393,0.0
LOAN000960,2023-01-31,0,0.2423,0.6986,0.0
LOAN000380,2023-01-31,0,0.248,0.8144,0.0
LOAN000241,2023-01-31,60,0.0628,0.7882,
LOAN000716,2023-01-31,0,0.01,0.7058,
LOAN000622,2023-01-31,0,0.2882,0.3265,
LOAN000916,2023-01-31,0,0.1561,0.2829,
LOAN000780,2023-01-31,0,0.1558,0.7132,30.0
LOAN000807,2023-01-31,30,0.2034,0.6116,
LOAN000849,2023-01-31,60,0.2349,0.3767,0.0
LOAN000693,2023-01-31,30,0.1123,0.555,
LOAN000046,2023-01-31,0,0.1656,0.8555,
LOAN000936,2023-01-31,0,0.2369,0.2804,30.0
LOAN000793,2023-01-31,0,0.1181,0.6174,
LOAN000233,2023-01-31,60,0.1726,0.8449,
LOAN000373,2023-01-31,0,0.109,0.4365,
LOAN000647,2023-01-31,0,0.2828,0.8941,
LOAN000439,2023-01-31,0,0.0239,0.371,
LOAN000326,2023-01-31,30,0.2229,0.38,
LOAN000594,2023-01-31,60,0.1596,0.2303,30.0
LOAN000908,2023-01-31,60,0.197,0.3805,0.0
LOAN000677,2023-01-31,60,0.0736,0.5441,
LOAN000639,2023-01-31,0,0.2871,0.5265,
LOAN000555,2023-01-31,30,0.1494,0.8386,
LOAN000543,2023-01-31,0,0.2162,0.3987,
LOAN000471,2023-01-31,60,0.036,0.2804,
LOAN000351,2023-01-31,0,0.095,0.5274,0.0
LOAN000373,2023-01-31,0,0.2728,0.5598,0.0
LOAN000666,2023-01-31,0,0.0148,0.2167,
LOAN000503,2023-01-31,0,0.1134,0.6839,
LOAN000483,2023-01-31,0,0.068,0.8397,
LOAN000794,2023-01-31,90,0.1066,0.4425,
LOAN000620,2023-01-31,90,0.1907,0.5953,
LOAN000164,2023-01-31,30,0.2599,0.8342,0.0
LOAN000657,2023-01-31,0,0.1652,0.7395,
LOAN000545,2023-01-31,0,0.2731,0.5992,
LOAN000483,2023-01-31,0,0.215,0.2789,0.0
LOAN000187,2023-01-31,0,0.2819,0.3458,
LOAN000013,2023-01-31,0,0.0576,0.4604,
LOAN000098,2023-01-31,0,0.2634,0.6278,0.0
LOAN000966,2023-01-31,0,0.2279,0.3508,
LOAN000609,2023-01-31,0,0.2837,0.256,
LOAN000274,2023-01-31,0,0.022,0.8796,
LOAN000890,2023-01-31,0,0.0382,0.7675,
LOAN000084,2023-01-31,0,0.0122,0.6632,0.0
LOAN000868,2023-01-31,0,0.0111,0.7069,0.0
LOAN000301,2023-01-31,0,0.0808,0.7954,
LOAN000996,2023-01-31,0,0.176,0.8181,0.0
LOAN000284,2023-01-31,0,0.1288,0.3028,
LOAN000467,2023-01-31,0,0.0488,0.3713,60.0
LOAN000960,2023-01-31,30,0.2308,0.8809,0.0
LOAN000907,2023-01-31,30,0.0513,0.4993,
LOAN000379,2023-01-31,0,0.2962,0.2962,
LOAN000631,2023-01-31,0,0.0998,0.6776,
LOAN000359,2023-01-31,0,0.0243,0.5315,
LOAN000919,2023-01-31,30,0.0613,0.3924,
LOAN000038,2023-01-31,60,0.0191,0.4432,
LOAN000334,2023-01-31,0,0.0762,0.6988,
LOAN000042,2023-01-31,30,0.203,0.3977,30.0
LOAN000785,2023-01-31,0,0.1152,0.8298,
LOAN000230,2023-01-31,30,0.0132,0.3152,
LOAN000365,2023-01-31,30,0.1072,0.7569,0.0
LOAN000051,2023-01-31,60,0.1092,0.3645,
LOAN000694,2023-01-31,0,0.0881,0.8745,
LOAN000309,2023-01-31,60,0.2249,0.2146,
LOAN000356,2023-01-31,60,0.05,0.3323,0.0
LOAN000316,2023-01-31,0,0.1693,0.2219,0.0
LOAN000685,2023-01-31,0,0.0181,0.7756,
LOAN000676,2023-01-31,30,0.1442,0.435,
LOAN000312,2023-01-31,0,0.2337,0.4978,
LOAN000754,2023-01-31,60,0.1071,0.3733,
LOAN000017,2023-01-31,0,0.0393,0.4291,
LOAN000075,2023-01-31,0,0.1715,0.843,
LOAN000951,2023-01-31,0,0.2939,0.6963,
LOAN000230,2023-01-31,0,0.2186,0.4568,30.0
LOAN000129,2023-01-31,0,0.1454,0.2198,0.0
LOAN000340,2023-01-31,0,0.1808,0.2707,0.0
LOAN000834,2023-01-31,0,0.1107,0.4573,
LOAN000318,2023-01-31,0,0.1243,0.3974,
LOAN000874,2023-01-31,0,0.2492,0.6552,
LOAN000350,2023-02-28,0,0.2389,0.3442,
LOAN000096,2023-02-28,0,0.054,0.8152,
LOAN000921,2023-02-28,0,0.0624,0.5443,
LOAN000190,2023-02-28,0,0.1285,0.2098,
LOAN000346,2023-02-28,0,0.11,0.4958,
LOAN000911,2023-02-28,60,0.1046,0.7715,
LOAN000058,2023-02-28,0,0.1155,0.3146,
LOAN000376,2023-02-28,0,0.2562,0.4822,
LOAN000922,2023-02-28,90,0.1197,0.6887,
LOAN000990,2023-02-28,0,0.1755,0.5438,0.0
LOAN000670,2023-02-28,0,0.2242,0.7188,
LOAN000937,2023-02-28,0,0.1938,0.3525,
LOAN000578,2023-02-28,60,0.2402,0.7957,
LOAN000678,2023-02-28,60,0.079,0.4576,
LOAN000058,2023-02-28,0,0.1405,0.4218,0.0
LOAN000773,2023-02-28,90,0.2499,0.4812,60.0
LOAN000126,2023-02-28,0,0.2486,0.4982,0.0
LOAN000483,2023-02-28,30,0.1119,0.8423,0.0
LOAN000448,2023-02-28,30,0.1238,0.8884,
LOAN000944,2023-02-28,0,0.0881,0.4072,
LOAN000855,2023-02-28,60,0.0203,0.3507,
LOAN000143,2023-02-28,0,0.1249,0.3355,
LOAN000597,2023-02-28,0,0.1693,0.6444,
LOAN000521,2023-02-28,0,0.1299,0.8699,
LOAN000443,2023-02-28,0,0.0365,0.2158,0.0
LOAN000499,2023-02-28,30,0.0321,0.3771,
LOAN000329,2023-02-28,30,0.2827,0.8202,
LOAN000118,2023-02-28,0,0.2507,0.7038,0.0
LOAN000047,2023-02-28,0,0.2012,0.3648,
LOAN000740,2023-02-28,60,0.0704,0.7344,0.0
LOAN000832,2023-02-28,60,0.2407,0.3342,
LOAN000910,2023-02-28,0,0.1003,0.8404,0.0
LOAN000040,2023-02-28,60,0.107,0.2137,0.0
LOAN000498,2023-02-28,0,0.1893,0.5669,0.0
LOAN000721,2023-02-28,0,0.0751,0.8779,
LOAN000201,2023-02-28,0,0.0438,0.8156,0.0
LOAN000920,2023-02-28,0,0.1047,0.8252,
LOAN000373,2023-02-28,60,0.0976,0.2922,0.0
LOAN000908,2023-02-28,0,0.051,0.8296,60.0
LOAN000946,2023-02-28,0,0.2271,0.4784,90.0
LOAN000809,2023-02-28,30,0.0945,0.5196,
LOAN000542,2023-02-28,0,0.2803,0.6615,0.0
LOAN000094,2023-02-28,0,0.1903,0.7842,
LOAN000371,2023-02-28,0,0.0818,0.7878,
LOAN000272,2023-02-28,0,0.0879,0.7235,
LOAN000495,2023-02-28,0,0.1042,0.8902,
LOAN000518,2023-02-28,0,0.1228,0.2752,
LOAN000411,2023-02-28,0,0.0533,0.2987,
LOAN000513,2023-02-28,0,0.2183,0.861,0.0
LOAN000026,2023-02-28,0,0.267,0.587,
LOAN000964,2023-02-28,0,0.2932,0.2086,
LOAN000015,2023-02-28,30,0.1238,0.6328,
LOAN000344,2023-02-28,0,0.0496,0.5244,60.0
LOAN000001,2023-02-28,0,0.2926,0.8697,0.0
LOAN000259,2023-02-28,0,0.1441,0.7804,0.0
LOAN000761,2023-02-28,0,0.0155,0.5801,
LOAN000614,2023-02-28,0,0.0837,0.7947,
LOAN000672,2023-02-28,0,0.047,0.5317,0.0
LOAN000269,2023-02-28,30,0.1263,0.8928,
LOAN000970,2023-02-28,60,0.1387,0.8001,0.0
LOAN000328,2023-02-28,30,0.263,0.8327,
LOAN000394,2023-02-28,0,0.023,0.2311,
LOAN000944,2023-02-28,0,0.255,0.6741,0.0
LOAN000547,2023-02-28,0,0.2285,0.7755,
LOAN000260,2023-02-28,0,0.2556,0.472,
LOAN000160,2023-02-28,0,0.1379,0.4962,
LOAN000395,2023-02-28,0,0.2791,0.7886,
LOAN000796,2023-02-28,0,0.1901,0.4343,30.0
LOAN000827,2023-02-28,30,0.1792,0.3163,60.0
LOAN000998,2023-02-28,0,0.2664,0.7885,
LOAN000023,2023-02-28,0,0.2154,0.3967,
LOAN000662,2023-02-28,30,0.2737,0.7049,0.0
LOAN000007,2023-02-28,0,0.0623,0.2237,
LOAN000311,2023-02-28,0,0.1298,0.6293,
LOAN000397,2023-02-28,0,0.0558,0.8898,
LOAN000268,2023-02-28,0,0.0743,0.8873,
LOAN000352,2023-02-28,0,0.1519,0.4797,
LOAN000847,2023-02-28,90,0.1138,0.5296,
LOAN000574,2023-02-28,0,0.2016,0.4374,
LOAN000006,2023-02-28,30,0.0516,0.5957,60.0
LOAN000981,2023-02-28,30,0.0134,0.6216,0.0
LOAN000098,2023-02-28,0,0.0603,0.6523,0.0
LOAN000475,2023-02-28,0,0.2874,0.8849,
LOAN000544,2023-02-28,0,0.2881,0.8409,
LOAN000254,2023-02-28,0,0.0223,0.8265,
LOAN000085,2023-02-28,0,0.0489,0.3677,
LOAN000467,2023-02-28,0,0.1461,0.5919,0.0
LOAN000426,2023-02-28,30,0.0225,0.3549,
LOAN000721,2023-02-28,0,0.1277,0.6019,0.0
LOAN000441,2023-02-28,0,0.2344,0.2884,
LOAN000831,2023-02-28,30,0.0977,0.5781,0.0
LOAN000722,2023-02-28,0,0.0409,0.7242,
LOAN000739,2023-02-28,60,0.2871,0.735,
LOAN000263,2023-02-28,0,0.2334,0.2554,
LOAN000828,2023-02-28,90,0.2925,0.5449,
LOAN000778,2023-02-28,90,0.228,0.4342,
LOAN000736,2023-02-28,0,0.1406,0.2471,
LOAN000871,2023-02-28,0,0.1178,0.4888,
LOAN000071,2023-02-28,90,0.0535,0.8538,
LOAN000359,2023-02-28,30,0.0914,0.2503,0.0
LOAN000541,2023-02-28,90,0.2323,0.3552,
LOAN000570,2023-02-28,0,0.1274,0.6258,
LOAN000479,2023-02-28,0,0.1701,0.5617,
LOAN000546,2023-02-28,60,0.0809,0.4107,0.0
LOAN000262,2023-02-28,30,0.0849,0.608,
LOAN000126,2023-02-28,0,0.2659,0.7356,0.0
LOAN000666,2023-02-28,0,0.2083,0.5746,0.0
LOAN000133,2023-02-28,0,0.188,0.5437,0.0
LOAN000927,2023-02-28,30,0.1324,0.5342,0.0
LOAN000985,2023-02-28,0,0.085,0.279,
LOAN000435,2023-02-28,60,0.0856,0.3521,
LOAN000824,2023-02-28,60,0.1066,0.6789,
LOAN000000,2023-02-28,0,0.2291,0.3134,
LOAN000976,2023-02-28,0,0.2827,0.326,
LOAN000166,2023-02-28,0,0.0763,0.4543,
LOAN000590,2023-02-28,0,0.25,0.7882,60.0
LOAN000080,2023-02-28,30,0.1872,0.7286,
LOAN000463,2023-02-28,0,0.0184,0.5003,
LOAN000864,2023-02-28,0,0.2739,0.8062,
LOAN000994,2023-02-28,0,0.2551,0.794,60.0
LOAN000558,2023-02-28,30,0.1031,0.7668,
LOAN000753,2023-02-28,0,0.1851,0.6182,
LOAN000597,2023-02-28,0,0.034,0.3353,0.0
LOAN000201,2023-02-28,0,0.2376,0.6385,0.0
LOAN000783,2023-02-28,60,0.1538,0.2403,60.0
LOAN000588,2023-02-28,0,0.059,0.7161,
LOAN000149,2023-02-28,30,0.0259,0.3424,
LOAN000488,2023-02-28,0,0.0716,0.4548,
LOAN000166,2023-02-28,0,0.2366,0.8442,0.0
LOAN000975,2023-02-28,30,0.2371,0.4868,
LOAN000143,2023-02-28,0,0.0777,0.5855,0.0
LOAN000585,2023-02-28,0,0.2299,0.2449,
LOAN000865,2023-02-28,0,0.2817,0.3567,0.0
LOAN000787,2023-02-28,0,0.2531,0.8739,
LOAN000587,2023-02-28,0,0.1294,0.7509,
LOAN000388,2023-02-28,0,0.1091,0.7821,
LOAN000733,2023-02-28,60,0.124,0.253,
LOAN000905,2023-02-28,0,0.2791,0.8503,
LOAN000087,2023-02-28,0,0.2502,0.896,
LOAN000026,2023-02-28,0,0.1146,0.4892,0.0
LOAN000384,2023-02-28,0,0.1614,0.3787,30.0
LOAN000352,2023-02-28,0,0.2972,0.3366,0.0
LOAN000281,2023-02-28,0,0.1943,0.5807,0.0
LOAN000999,2023-02-28,0,0.2124,0.6518,
LOAN000813,2023-02-28,0,0.0758,0.7509,
LOAN000634,2023-02-28,0,0.2947,0.4938,
LOAN000880,2023-02-28,0,0.0951,0.8543,
LOAN000199,2023-02-28,0,0.0484,0.4262,
LOAN000636,2023-02-28,30,0.1079,0.4425,0.0
LOAN000138,2023-02-28,0,0.0361,0.7135,
LOAN000237,2023-02-28,0,0.1554,0.3257,
LOAN000740,2023-02-28,0,0.1331,0.5226,60.0
LOAN000132,2023-02-28,0,0.2792,0.4774,
LOAN000164,2023-02-28,0,0.0661,0.5698,30.0
LOAN000464,2023-02-28,0,0.09,0.6592,0.0
LOAN000445,2023-02-28,0,0.2838,0.3582,
LOAN000012,2023-02-28,0,0.1786,0.5255,0.0
LOAN000570,2023-02-28,60,0.0441,0.4592,0.0
LOAN000457,2023-02-28,0,0.2138,0.5827,30.0
LOAN000658,2023-02-28,0,0.2639,0.3692,
LOAN000364,2023-02-28,30,0.1139,0.8447,
LOAN000396,2023-02-28,60,0.1806,0.7535,60.0
LOAN000632,2023-02-28,0,0.2763,0.7401,90.0
LOAN000376,2023-02-28,0,0.1589,0.7086,0.0
LOAN000648,2023-02-28,0,0.2279,0.4272,0.0
LOAN000665,2023-02-28,0,0.2009,0.2693,0.0
LOAN000830,2023-02-28,0,0.2412,0.3166,0.0
LOAN000822,2023-02-28,0,0.0881,0.3003,
LOAN000488,2023-02-28,0,0.117,0.3654,0.0
LOAN000457,2023-02-28,0,0.2642,0.7773,0.0
LOAN000275,2023-02-28,0,0.1241,0.8615,
LOAN000004,2023-02-28,0,0.0751,0.887,
LOAN000179,2023-02-28,0,0.1256,0.2035,
LOAN000715,2023-02-28,0,0.258,0.8817,
LOAN000789,2023-02-28,0,0.2954,0.6147,
LOAN000498,2023-02-28,0,0.2238,0.224,0.0
LOAN000641,2023-02-28,60,0.1163,0.8358,0.0
LOAN000585,2023-02-28,30,0.214,0.8396,0.0
LOAN000538,2023-02-28,0,0.2372,0.7812,
LOAN000271,2023-02-28,30,0.1064,0.2494,0.0
LOAN000295,2023-02-28,0,0.1696,0.8474,
LOAN000563,2023-02-28,0,0.1,0.6746,
LOAN000828,2023-02-28,0,0.2418,0.7941,90.0
LOAN000920,2023-02-28,0,0.0108,0.6413,0.0
LOAN000294,2023-02-28,0,0.0201,0.262,0.0
LOAN000771,2023-02-28,0,0.2741,0.6455,
LOAN000216,2023-02-28,0,0.109,0.4972,30.0
LOAN000334,2023-02-28,0,0.1565,0.5184,0.0
LOAN000458,2023-02-28,0,0.0619,0.4333,
LOAN000493,2023-02-28,0,0.0735,0.6832,
LOAN000117,2023-02-28,0,0.0776,0.5891,
LOAN000263,2023-02-28,0,0.2262,0.4407,0.0
LOAN000930,2023-02-28,0,0.2803,0.2135,0.0
LOAN000451,2023-02-28,0,0.2818,0.6369,
LOAN000246,2023-02-28,0,0.2809,0.3798,0.0
LOAN000346,2023-02-28,30,0.1189,0.8686,0.0
LOAN000250,2023-02-28,90,0.1612,0.5682,
LOAN000359,2023-02-28,60,0.1407,0.3526,30.0
LOAN000671,2023-02-28,60,0.1712,0.7532,0.0
LOAN000266,2023-02-28,0,0.0665,0.6561,
LOAN000047,2023-02-28,60,0.1166,0.3929,0.0
LOAN000816,2023-02-28,0,0.0214,0.7655,
LOAN000395,2023-02-28,0,0.0892,0.6646,0.0
LOAN000197,2023-02-28,0,0.2114,0.7386,
LOAN000476,2023-02-28,30,0.1807,0.7291,
LOAN000839,2023-02-28,30,0.028,0.5182,0.0
LOAN000834,2023-02-28,60,0.2525,0.5151,0.0
LOAN000509,2023-02-28,30,0.0872,0.7942,
LOAN000558,2023-02-28,30,0.042,0.27,30.0
LOAN000469,2023-02-28,60,0.099,0.7321,90.0
LOAN000413,2023-02-28,0,0.2218,0.6185,
LOAN000576,2023-02-28,30,0.2815,0.7537,
LOAN000999,2023-02-28,0,0.2101,0.6705,0.0
LOAN000350,2023-02-28,0,0.0738,0.4986,0.0
LOAN000143,2023-02-28,0,0.1573,0.4835,0.0
LOAN000027,2023-02-28,0,0.1692,0.8776,
LOAN000410,2023-02-28,30,0.1956,0.4381,30.0
LOAN000044,2023-02-28,30,0.0308,0.2023,
LOAN000933,2023-02-28,0,0.1777,0.3589,
LOAN000645,2023-02-28,30,0.0428,0.4206,
LOAN000204,2023-02-28,90,0.0903,0.4768,
LOAN000752,2023-02-28,0,0.0368,0.861,
LOAN000970,2023-02-28,60,0.021,0.4508,60.0
LOAN000358,2023-02-28,0,0.1469,0.581,
LOAN000106,2023-02-28,30,0.0903,0.2385,60.0
LOAN000817,2023-02-28,0,0.1384,0.5397,
LOAN000666,2023-02-28,90,0.1793,0.6543,0.0
LOAN000343,2023-02-28,0,0.0548,0.7376,
LOAN000989,2023-02-28,30,0.0721,0.5672,
LOAN000657,2023-02-28,0,0.2268,0.3025,0.0
LOAN000094,2023-02-28,60,0.1584,0.4615,0.0
LOAN000605,2023-02-28,60,0.0534,0.8854,0.0
LOAN000040,2023-02-28,60,0.2599,0.5446,60.0
LOAN000139,2023-02-28,0,0.2307,0.8992,
LOAN000363,2023-02-28,90,0.271,0.2951,0.0
LOAN000844,2023-02-28,0,0.2045,0.6178,0.0
LOAN000923,2023-02-28,0,0.0586,0.8378,
LOAN000176,2023-02-28,30,0.0102,0.3793,
LOAN000866,2023-02-28,0,0.1784,0.8621,
LOAN000093,2023-02-28,0,0.1302,0.5044,
LOAN000317,2023-02-28,30,0.2109,0.7747,0.0
LOAN000555,2023-02-28,0,0.0206,0.3873,30.0
LOAN000962,2023-02-28,30,0.058,0.8369,0.0
LOAN000931,2023-02-28,0,0.0205,0.743,
LOAN000677,2023-02-28,60,0.0187,0.3192,60.0
LOAN000381,2023-02-28,0,0.2214,0.5266,0.0
LOAN000662,2023-02-28,0,0.1293,0.5936,30.0
LOAN000054,2023-02-28,0,0.2585,0.3587,
LOAN000357,2023-02-28,60,0.1075,0.5693,
LOAN000925,2023-02-28,60,0.2182,0.2685,
LOAN000857,2023-02-28,0,0.2209,0.7582,
LOAN000937,2023-02-28,30,0.1581,0.4286,0.0
LOAN000840,2023-02-28,0,0.2768,0.2366,
LOAN000760,2023-02-28,30,0.0471,0.6598,
LOAN000556,2023-02-28,0,0.1531,0.2813,0.0
LOAN000288,2023-02-28,0,0.2511,0.8438,
LOAN000986,2023-02-28,0,0.1262,0.7878,
LOAN000935,2023-02-28,0,0.2208,0.4711,
LOAN000610,2023-02-28,60,0.1309,0.7671,
LOAN000630,2023-02-28,0,0.0191,0.8459,
LOAN000306,2023-02-28,30,0.083,0.87,
LOAN000346,2023-02-28,0,0.1434,0.4266,30.0
LOAN000047,2023-02-28,30,0.2263,0.3181,60.0
LOAN000238,2023-02-28,60,0.0178,0.2052,
LOAN000006,2023-02-28,0,0.0563,0.4694,30.0
LOAN000203,2023-02-28,0,0.0977,0.2904,30.0
LOAN000501,2023-02-28,60,0.1903,0.6081,
LOAN000706,2023-02-28,0,0.1391,0.8117,
LOAN000477,2023-02-28,0,0.0696,0.4235,
LOAN000246,2023-02-28,0,0.1899,0.7055,0.0
LOAN000008,2023-02-28,0,0.2223,0.5678,0.0
LOAN000000,2023-02-28,0,0.0538,0.3567,0.0
LOAN000827,2023-02-28,90,0.0347,0.2076,30.0
LOAN000701,2023-02-28,0,0.2877,0.7662,0.0
LOAN000399,2023-02-28,30,0.2417,0.6368,
LOAN000323,2023-02-28,0,0.1704,0.7922,
LOAN000975,2023-02-28,0,0.1699,0.243,30.0
LOAN000347,2023-02-28,0,0.253,0.4269,90.0
LOAN000735,2023-02-28,0,0.179,0.3709,0.0
LOAN000912,2023-02-28,60,0.2897,0.2514,
LOAN000542,2023-02-28,0,0.2276,0.348,0.0
LOAN000305,2023-02-28,0,0.2693,0.4802,
LOAN000879,2023-02-28,0,0.1475,0.4656,
LOAN000705,2023-02-28,0,0.1166,0.6075,60.0
LOAN000790,2023-02-28,0,0.165,0.238,
LOAN000333,2023-02-28,0,0.262,0.5312,60.0
LOAN000880,2023-02-28,0,0.2908,0.3073,0.0
LOAN000693,2023-02-28,60,0.2205,0.5227,30.0
LOAN000946,2023-02-28,0,0.0599,0.3089,0.0
LOAN000399,2023-02-28,0,0.2633,0.3799,30.0
LOAN000346,2023-02-28,0,0.258,0.2082,0.0
LOAN000029,2023-02-28,30,0.2194,0.6686,
LOAN000929,2023-02-28,0,0.1674,0.401,
LOAN000721,2023-02-28,0,0.1681,0.2277,0.0
LOAN000023,2023-02-28,0,0.2307,0.4658,0.0
LOAN000521,2023-02-28,30,0.1693,0.4817,0.0
LOAN000318,2023-02-28,0,0.1151,0.8548,0.0
LOAN000684,2023-02-28,30,0.2693,0.6049,
LOAN000394,2023-02-28,0,0.0169,0.251,0.0
LOAN000131,2023-02-28,0,0.1616,0.2008,0.0
LOAN000243,2023-02-28,0,0.1516,0.6987,
LOAN000377,2023-02-28,0,0.1063,0.5097,
LOAN000227,2023-02-28,60,0.0675,0.8882,
LOAN000176,2023-02-28,90,0.1122,0.7632,30.0
LOAN000986,2023-02-28,0,0.1985,0.3757,0.0
LOAN000781,2023-02-28,0,0.0964,0.7181,
LOAN000412,2023-02-28,0,0.1511,0.6305,0.0
LOAN000014,2023-02-28,60,0.1676,0.6412,
LOAN000885,2023-02-28,0,0.1141,0.7906,
LOAN000278,2023-02-28,0,0.1365,0.5168,
LOAN000136,2023-02-28,0,0.1885,0.2112,0.0
LOAN000057,2023-02-28,0,0.0709,0.5689,
LOAN000541,2023-02-28,0,0.1512,0.6599,90.0
LOAN000072,2023-02-28,0,0.1644,0.25,
LOAN000914,2023-02-28,30,0.2499,0.2966,
LOAN000042,2023-02-28,0,0.0904,0.8361,30.0
LOAN000904,2023-02-28,60,0.2431,0.8278,
LOAN000596,2023-02-28,30,0.2096,0.3181,0.0
LOAN000471,2023-02-28,0,0.2531,0.7869,60.0
LOAN000263,2023-02-28,0,0.2134,0.8315,0.0
LOAN000551,2023-02-28,0,0.0748,0.2865,
LOAN000280,2023-02-28,0,0.1672,0.8279,
LOAN000990,2023-02-28,0,0.2456,0.8136,0.0
LOAN000845,2023-02-28,0,0.1438,0.7093,0.0
LOAN000674,2023-02-28,90,0.2111,0.5529,
LOAN000655,2023-02-28,0,0.1804,0.265,
LOAN000298,2023-02-28,0,0.1225,0.3259,0.0
LOAN000750,2023-02-28,60,0.1197,0.87,
LOAN000881,2023-02-28,30,0.0929,0.5592,0.0
LOAN000319,2023-02-28,0,0.0142,0.5274,
LOAN000494,2023-02-28,0,0.1103,0.8837,0.0
LOAN000003,2023-02-28,0,0.2459,0.558,
LOAN000803,2023-02-28,0,0.2488,0.2688,
LOAN000112,2023-02-28,0,0.1108,0.4446,
LOAN000625,2023-02-28,0,0.1628,0.7542,
LOAN000930,2023-02-28,0,0.2011,0.4408,0.0
LOAN000702,2023-02-28,0,0.1082,0.5291,
LOAN000880,2023-02-28,0,0.1387,0.7105,0.0
LOAN000277,2023-02-28,30,0.1804,0.667,60.0
LOAN000041,2023-02-28,0,0.0934,0.3485,0.0
LOAN000197,2023-02-28,30,0.1291,0.5052,0.0
LOAN000733,2023-02-28,0,0.0366,0.4145,60.0
LOAN000361,2023-02-28,30,0.2642,0.5669,
LOAN000383,2023-02-28,0,0.2122,0.393,
LOAN000436,2023-02-28,0,0.1389,0.4162,30.0
LOAN000752,2023-02-28,0,0.0648,0.7684,0.0
LOAN000675,2023-02-28,30,0.1653,0.4409,0.0
LOAN000648,2023-02-28,0,0.1905,0.6588,0.0
LOAN000986,2023-02-28,0,0.1976,0.6107,0.0
LOAN000533,2023-02-28,60,0.1393,0.6997,
LOAN000332,2023-02-28,0,0.0759,0.8624,
LOAN000776,2023-02-28,0,0.0448,0.7065,0.0
LOAN000760,2023-02-28,30,0.2455,0.329,30.0
LOAN000855,2023-02-28,0,0.0688,0.7522,60.0
LOAN000828,2023-02-28,30,0.2054,0.6497,0.0
LOAN000172,2023-02-28,0,0.1495,0.3702,
LOAN000763,2023-02-28,0,0.2738,0.6411,
LOAN000060,2023-02-28,0,0.1223,0.3886,
LOAN000723,2023-02-28,30,0.2251,0.7846,
LOAN000761,2023-02-28,0,0.2192,0.4491,0.0
LOAN000111,2023-02-28,0,0.2594,0.8972,
LOAN000458,2023-02-28,30,0.2502,0.5051,0.0
LOAN000486,2023-02-28,0,0.0384,0.6482,
LOAN000691,2023-02-28,90,0.2995,0.6887,0.0
LOAN000375,2023-02-28,30,0.0913,0.5529,
LOAN000983,2023-02-28,0,0.2624,0.5583,
LOAN000895,2023-02-28,0,0.032,0.7101,
LOAN000961,2023-02-28,30,0.2908,0.745,
LOAN000381,2023-02-28,0,0.1384,0.7322,0.0
LOAN000331,2023-02-28,0,0.0769,0.3305,30.0
LOAN000060,2023-02-28,0,0.0522,0.7757,0.0
LOAN000973,2023-02-28,0,0.2564,0.6289,30.0
LOAN000971,2023-02-28,0,0.0134,0.4193,
LOAN000226,2023-02-28,0,0.1272,0.4692,0.0
LOAN000362,2023-02-28,0,0.2356,0.8415,
LOAN000157,2023-02-28,0,0.2919,0.2342,
LOAN000639,2023-02-28,0,0.2443,0.6021,0.0
LOAN000531,2023-02-28,30,0.0358,0.3739,
LOAN000070,2023-02-28,0,0.1182,0.3891,60.0
LOAN000990,2023-02-28,0,0.1109,0.4455,0.0
LOAN000018,2023-02-28,90,0.1152,0.7407,
LOAN000142,2023-02-28,0,0.2605,0.3892,0.0
LOAN000058,2023-02-28,0,0.0513,0.7902,0.0
LOAN000549,2023-02-28,0,0.2598,0.8147,
LOAN000104,2023-02-28,0,0.0877,0.4106,60.0
LOAN000869,2023-02-28,0,0.0725,0.6694,0.0
LOAN000370,2023-02-28,0,0.137,0.4872,0.0
LOAN000300,2023-02-28,0,0.2678,0.7827,
LOAN000279,2023-02-28,0,0.2993,0.3019,
LOAN000273,2023-02-28,90,0.1557,0.8995,
LOAN000562,2023-02-28,0,0.1227,0.4678,
LOAN000413,2023-02-28,0,0.2333,0.8511,0.0
LOAN000960,2023-02-28,0,0.1599,0.8576,30.0
LOAN000910,2023-02-28,0,0.2022,0.3949,0.0
LOAN000501,2023-02-28,30,0.0636,0.8663,60.0
LOAN000101,2023-02-28,0,0.199,0.3134,60.0
LOAN000364,2023-02-28,0,0.0879,0.4462,30.0
LOAN000735,2023-02-28,0,0.0861,0.5653,0.0
LOAN000704,2023-02-28,30,0.2795,0.4747,
LOAN000467,2023-02-28,0,0.1541,0.427,0.0
LOAN000647,2023-03-31,0,0.242,0.7881,0.0
LOAN000300,2023-03-31,0,0.2339,0.2842,0.0
LOAN000126,2023-03-31,0,0.1048,0.4322,0.0
LOAN000856,2023-03-31,0,0.2641,0.2985,
LOAN000025,2023-03-31,0,0.2647,0.4178,0.0
LOAN000642,2023-03-31,60,0.1107,0.2161,0.0
LOAN000183,2023-03-31,0,0.2728,0.4316,
LOAN000593,2023-03-31,0,0.0251,0.7607,
LOAN000336,2023-03-31,0,0.1407,0.6145,
LOAN000499,2023-03-31,0,0.0743,0.3439,30.0
LOAN000003,2023-03-31,30,0.0603,0.6501,0.0
LOAN000922,2023-03-31,0,0.0737,0.6523,90.0
LOAN000371,2023-03-31,90,0.0114,0.5539,0.0
LOAN000160,2023-03-31,0,0.259,0.5861,0.0
LOAN000829,2023-03-31,0,0.1903,0.2091,
LOAN000196,2023-03-31,30,0.127,0.6832,0.0
LOAN000258,2023-03-31,0,0.0957,0.8385,
LOAN000096,2023-03-31,0,0.2596,0.479,0.0
LOAN000353,2023-03-31,0,0.0224,0.644,
LOAN000956,2023-03-31,0,0.0506,0.8799,60.0
LOAN000153,2023-03-31,60,0.1855,0.7918,
LOAN000756,2023-03-31,0,0.0829,0.304,
LOAN000005,2023-03-31,60,0.0192,0.2734,
LOAN000709,2023-03-31,30,0.0157,0.3348,
LOAN000429,2023-03-31,0,0.2771,0.7214,
LOAN000607,2023-03-31,90,0.0126,0.8484,0.0
LOAN000272,2023-03-31,0,0.2617,0.4432,0.0
LOAN000971,2023-03-31,30,0.2413,0.6048,0.0
LOAN000047,2023-03-31,30,0.2572,0.4982,30.0
LOAN000505,2023-03-31,0,0.132,0.8653,
LOAN000986,2023-03-31,0,0.0404,0.6253,0.0
LOAN000861,2023-03-31,0,0.2815,0.5549,
LOAN000659,2023-03-31,30,0.0182,0.3831,
LOAN000344,2023-03-31,60,0.2058,0.6988,0.0
LOAN000851,2023-03-31,30,0.1067,0.6838,0.0
LOAN000585,2023-03-31,30,0.1677,0.2054,30.0
LOAN000943,2023-03-31,0,0.1344,0.6107,
LOAN000229,2023-03-31,0,0.145,0.7813,
LOAN000353,2023-03-31,30,0.237,0.7563,0.0
LOAN000236,2023-03-31,0,0.1201,0.3883,
LOAN000591,2023-03-31,0,0.1884,0.8804,
LOAN000161,2023-03-31,0,0.1985,0.5356,
LOAN000966,2023-03-31,0,0.1396,0.6916,0.0
LOAN000798,2023-03-31,30,0.1765,0.6768,
LOAN000551,2023-03-31,60,0.0212,0.4449,0.0
LOAN000850,2023-03-31,0,0.0537,0.4107,
LOAN000092,2023-03-31,0,0.1148,0.8801,
LOAN000020,2023-03-31,60,0.2755,0.7441,0.0
LOAN000529,2023-03-31,0,0.0947,0.4982,
LOAN000535,2023-03-31,0,0.1376,0.4,
LOAN000886,2023-03-31,60,0.01,0.846,
LOAN000371,2023-03-31,90,0.1811,0.4911,90.0
LOAN000650,2023-03-31,60,0.0328,0.2498,
LOAN000342,2023-03-31,0,0.0255,0.6019,
LOAN000683,2023-03-31,0,0.1851,0.681,30.0
LOAN000011,2023-03-31,0,0.2516,0.3541,0.0
LOAN000285,2023-03-31,0,0.2721,0.2451,
LOAN000805,2023-03-31,0,0.1985,0.2386,
LOAN000130,2023-03-31,30,0.1326,0.8103,
LOAN000484,2023-03-31,0,0.1015,0.5959,
LOAN000647,2023-03-31,0,0.2954,0.2927,0.0
LOAN000056,2023-03-31,30,0.224,0.6011,
LOAN000889,2023-03-31,0,0.1956,0.652,0.0
LOAN000419,2023-03-31,60,0.0151,0.8481,0.0
LOAN000952,2023-03-31,60,0.0402,0.3934,
LOAN000685,2023-03-31,0,0.1153,0.8515,0.0
LOAN000853,2023-03-31,0,0.1703,0.8299,
LOAN000462,2023-03-31,0,0.2224,0.5641,
LOAN000785,2023-03-31,0,0.1814,0.8849,0.0
LOAN000882,2023-03-31,30,0.1853,0.4675,
LOAN000441,2023-03-31,0,0.1111,0.458,0.0
LOAN000468,2023-03-31,0,0.13,0.5167,
LOAN000645,2023-03-31,0,0.0964,0.6316,30.0
LOAN000249,2023-03-31,0,0.0419,0.2889,
LOAN000947,2023-03-31,30,0.1284,0.7756,
LOAN000469,2023-03-31,0,0.1115,0.6598,60.0
LOAN000783,2023-03-31,0,0.0774,0.4015,60.0
LOAN000291,2023-03-31,30,0.1337,0.3393,
LOAN000360,2023-03-31,60,0.0923,0.4463,0.0
LOAN000833,2023-03-31,0,0.059,0.6603,0.0
LOAN000149,2023-03-31,0,0.1786,0.7292,30.0
LOAN000540,2023-03-31,0,0.2762,0.6177,
LOAN000355,2023-03-31,0,0.2346,0.3531,
LOAN000572,2023-03-31,30,0.2146,0.6262,
LOAN000784,2023-03-31,0,0.0981,0.2818,0.0
LOAN000792,2023-03-31,0,0.2821,0.7989,
LOAN000478,2023-03-31,0,0.2354,0.3459,
LOAN000059,2023-03-31,0,0.1417,0.3332,
LOAN000474,2023-03-31,0,0.0502,0.6866,
LOAN000416,2023-03-31,30,0.1839,0.7637,
LOAN000755,2023-03-31,60,0.0622,0.5575,
LOAN000848,2023-03-31,0,0.1044,0.7616,
LOAN000381,2023-03-31,0,0.2966,0.2792,0.0
LOAN000643,2023-03-31,90,0.1731,0.6829,0.0
LOAN000820,2023-03-31,90,0.0663,0.5551,90.0
LOAN000425,2023-03-31,60,0.1007,0.8681,
LOAN000824,2023-03-31,30,0.253,0.4278,60.0
LOAN000251,2023-03-31,0,0.0319,0.6574,
LOAN000103,2023-03-31,0,0.0852,0.6283,
LOAN000572,2023-03-31,0,0.0841,0.7126,30.0
LOAN000138,2023-03-31,30,0.0772,0.8408,0.0
LOAN000054,2023-03-31,0,0.1248,0.2496,0.0
LOAN000804,2023-03-31,0,0.2566,0.8389,
LOAN000630,2023-03-31,0,0.207,0.7524,0.0
LOAN000574,2023-03-31,0,0.2753,0.5872,0.0
LOAN000729,2023-03-31,90,0.1519,0.4328,
LOAN000445,2023-03-31,0,0.2258,0.3854,0.0
LOAN000825,2023-03-31,0,0.1992,0.5986,0.0
LOAN000064,2023-03-31,90,0.0941,0.886,
LOAN000173,2023-03-31,0,0.2994,0.2252,
LOAN000496,2023-03-31,30,0.2381,0.3692,
LOAN000600,2023-03-31,30,0.0177,0.4481,
LOAN000182,2023-03-31,0,0.2898,0.7508,0.0
LOAN000022,2023-03-31,90,0.1178,0.614,
LOAN000590,2023-03-31,0,0.1531,0.7346,0.0
LOAN000853,2023-03-31,0,0.0879,0.3157,0.0
LOAN000551,2023-03-31,0,0.0854,0.7437,60.0
LOAN000831,2023-03-31,0,0.2227,0.8549,30.0
LOAN000485,2023-03-31,0,0.0325,0.4383,
LOAN000466,2023-03-31,0,0.256,0.2869,
LOAN000012,2023-03-31,60,0.0198,0.2224,0.0
LOAN000505,2023-03-31,0,0.0325,0.8433,0.0
LOAN000598,2023-03-31,0,0.0497,0.2796,
LOAN000806,2023-03-31,0,0.1163,0.8585,
LOAN000033,2023-03-31,30,0.115,0.4546,
LOAN000402,2023-03-31,0,0.2014,0.5878,
LOAN000562,2023-03-31,0,0.1917,0.363,0.0
LOAN000549,2023-03-31,0,0.1717,0.6802,0.0
LOAN000671,2023-03-31,60,0.0605,0.7324,60.0
LOAN000854,2023-03-31,0,0.0813,0.6995,
LOAN000988,2023-03-31,0,0.2207,0.6966,
LOAN000382,2023-03-31,0,0.2133,0.4256,
LOAN000150,2023-03-31,0,0.2713,0.7793,
LOAN000831,2023-03-31,0,0.1318,0.6207,0.0
LOAN000274,2023-03-31,60,0.2296,0.7934,0.0
LOAN000465,2023-03-31,0,0.1997,0.8636,
LOAN000028,2023-03-31,0,0.0947,0.6343,
LOAN000693,2023-03-31,0,0.1084,0.2401,60.0
LOAN000743,2023-03-31,60,0.2506,0.3177,0.0
LOAN000424,2023-03-31,0,0.2137,0.8952,0.0
LOAN000647,2023-03-31,0,0.2368,0.4815,0.0
LOAN000742,2023-03-31,30,0.2772,0.7543,0.0
LOAN000632,2023-03-31,90,0.1586,0.388,0.0
LOAN000856,2023-03-31,0,0.0986,0.3275,0.0
LOAN000499,2023-03-31,0,0.182,0.7488,0.0
LOAN000101,2023-03-31,0,0.1888,0.6205,0.0
LOAN000743,2023-03-31,0,0.0397,0.2373,60.0
LOAN000217,2023-03-31,0,0.064,0.7309,60.0
LOAN000617,2023-03-31,0,0.2633,0.7902,
LOAN000490,2023-03-31,0,0.2005,0.307,
LOAN000576,2023-03-31,0,0.1592,0.7361,30.0
LOAN000910,2023-03-31,0,0.1711,0.6021,0.0
LOAN000031,2023-03-31,0,0.2115,0.2206,30.0
LOAN000836,2023-03-31,0,0.1184,0.5565,
LOAN000508,2023-03-31,0,0.2863,0.4892,
LOAN000079,2023-03-31,0,0.0453,0.5098,
LOAN000377,2023-03-31,0,0.0763,0.6847,0.0
LOAN000978,2023-03-31,0,0.1701,0.2358,
LOAN000922,2023-03-31,0,0.0661,0.2998,0.0
LOAN000318,2023-03-31,0,0.0817,0.4059,0.0
LOAN000053,2023-03-31,0,0.2316,0.5801,
LOAN000823,2023-03-31,0,0.2748,0.4008,
LOAN000745,2023-03-31,30,0.1429,0.5971,
LOAN000171,2023-03-31,0,0.0466,0.8368,
LOAN000081,2023-03-31,30,0.0473,0.2404,90.0
LOAN000486,2023-03-31,0,0.1469,0.7958,0.0
LOAN000543,2023-03-31,60,0.0297,0.452,0.0
LOAN000956,2023-03-31,90,0.2352,0.8334,0.0
LOAN000830,2023-03-31,30,0.1757,0.2119,0.0
LOAN000526,2023-03-31,0,0.1847,0.4463,0.0
LOAN000011,2023-03-31,0,0.02,0.6003,0.0
LOAN000582,2023-03-31,0,0.1402,0.586,
LOAN000223,2023-03-31,0,0.2711,0.2127,0.0
LOAN000836,2023-03-31,0,0.2607,0.2169,0.0
LOAN000250,2023-03-31,0,0.1929,0.3387,90.0
LOAN000177,2023-03-31,60,0.1194,0.6124,0.0
LOAN000123,2023-03-31,0,0.1367,0.7816,
LOAN000931,2023-03-31,0,0.1658,0.3546,0.0
LOAN000395,2023-03-31,30,0.0595,0.7738,0.0
LOAN000545,2023-03-31,0,0.2096,0.781,0.0
LOAN000786,2023-03-31,30,0.197,0.8315,
LOAN000477,2023-03-31,0,0.074,0.4658,0.0
LOAN000096,2023-03-31,0,0.015,0.2679,0.0
LOAN000152,2023-03-31,0,0.0211,0.7825,0.0
LOAN000658,2023-03-31,0,0.2701,0.256,0.0
LOAN000380,2023-03-31,60,0.1709,0.6343,0.0
LOAN000814,2023-03-31,0,0.1982,0.6102,0.0
LOAN000369,2023-03-31,60,0.2891,0.7044,
LOAN000939,2023-03-31,0,0.1223,0.8314,
LOAN000062,2023-03-31,0,0.2042,0.744,
LOAN000148,2023-03-31,0,0.2973,0.5006,
LOAN000652,2023-03-31,30,0.1374,0.543,
LOAN000027,2023-03-31,0,0.1817,0.2564,0.0
LOAN000895,2023-03-31,0,0.2975,0.3895,0.0
LOAN000926,2023-03-31,0,0.1404,0.5822,0.0
LOAN000611,2023-03-31,0,0.088,0.7706,
LOAN000938,2023-03-31,0,0.2261,0.2475,
LOAN000764,2023-03-31,0,0.0209,0.6776,0.0
LOAN000666,2023-03-31,30,0.1198,0.6812,90.0
LOAN000061,2023-03-31,0,0.0829,0.398,0.0
LOAN000666,2023-03-31,30,0.267,0.3327,30.0
LOAN000185,2023-03-31,90,0.0491,0.405,0.0
LOAN000264,2023-03-31,60,0.0516,0.691,
LOAN000345,2023-03-31,0,0.2788,0.7511,0.0
LOAN000635,2023-03-31,30,0.1775,0.4814,
LOAN000265,2023-03-31,0,0.185,0.567,0.0
LOAN000666,2023-03-31,60,0.1747,0.6602,30.0
LOAN000773,2023-03-31,0,0.0476,0.6159,90.0
LOAN000028,2023-03-31,0,0.2529,0.4086,0.0
LOAN000497,2023-03-31,90,0.0698,0.4287,
LOAN000077,2023-03-31,0,0.2716,0.3123,0.0
LOAN000440,2023-03-31,0,0.2728,0.2169,60.0
LOAN000520,2023-03-31,0,0.0478,0.7721,
LOAN000861,2023-03-31,0,0.021,0.3384,0.0
LOAN000225,2023-03-31,0,0.0119,0.6231,
LOAN000974,2023-03-31,0,0.2027,0.602,
LOAN000765,2023-03-31,0,0.1971,0.3149,
LOAN000087,2023-03-31,0,0.0312,0.3872,0.0
LOAN000009,2023-03-31,30,0.1622,0.5404,
LOAN000267,2023-03-31,30,0.1866,0.225,
LOAN000284,2023-03-31,0,0.205,0.6501,0.0
LOAN000151,2023-03-31,0,0.0131,0.2189,60.0
LOAN000167,2023-03-31,0,0.2029,0.4735,
LOAN000315,2023-03-31,60,0.1419,0.5673,
LOAN000262,2023-03-31,30,0.1263,0.4811,30.0
LOAN000049,2023-03-31,0,0.1951,0.2015,
LOAN000482,2023-03-31,0,0.2297,0.8028,60.0
LOAN000678,2023-03-31,0,0.09,0.6393,60.0
LOAN000561,2023-03-31,60,0.2047,0.8964,60.0
LOAN000459,2023-03-31,0,0.0379,0.803,
LOAN000242,2023-03-31,30,0.048,0.7794,
LOAN000369,2023-03-31,0,0.145,0.5342,60.0
LOAN000693,2023-03-31,30,0.0518,0.6942,0.0
LOAN000303,2023-03-31,0,0.1844,0.5912,
LOAN000589,2023-03-31,0,0.1562,0.8335,30.0
LOAN000626,2023-03-31,0,0.2707,0.8919,0.0
LOAN000630,2023-03-31,0,0.2136,0.8761,0.0
LOAN000712,2023-03-31,0,0.0855,0.7655,0.0
LOAN000080,2023-03-31,0,0.2882,0.7739,30.0
LOAN000197,2023-03-31,0,0.2458,0.3933,30.0
LOAN000130,2023-03-31,30,0.0841,0.2224,30.0
LOAN000546,2023-03-31,90,0.2812,0.7249,60.0
LOAN000168,2023-03-31,0,0.2831,0.4572,
LOAN000241,2023-03-31,0,0.0411,0.8365,60.0
LOAN000900,2023-03-31,0,0.2095,0.736,
LOAN000361,2023-03-31,0,0.188,0.3426,30.0
LOAN000915,2023-03-31,60,0.2974,0.8251,0.0
LOAN000731,2023-03-31,30,0.2815,0.8933,
LOAN000318,2023-03-31,0,0.2201,0.7054,0.0
LOAN000602,2023-03-31,0,0.2403,0.3673,
LOAN000946,2023-03-31,0,0.1626,0.7136,0.0
LOAN000483,2023-03-31,30,0.2847,0.6332,30.0
LOAN000583,2023-03-31,60,0.2047,0.6557,
LOAN000876,2023-03-31,60,0.0919,0.893,
LOAN000708,2023-03-31,0,0.27,0.2227,
LOAN000680,2023-03-31,30,0.2988,0.5051,
LOAN000534,2023-03-31,0,0.1093,0.8305,
LOAN000476,2023-03-31,0,0.1171,0.2037,30.0
LOAN000909,2023-03-31,0,0.1354,0.7959,
LOAN000740,2023-03-31,0,0.2667,0.365,0.0
LOAN000118,2023-03-31,60,0.1431,0.4024,0.0
LOAN000241,2023-03-31,0,0.0951,0.7829,0.0
LOAN000201,2023-03-31,0,0.206,0.5658,0.0
LOAN000895,2023-03-31,0,0.0115,0.5266,0.0
LOAN000999,2023-03-31,0,0.1913,0.7301,0.0
LOAN000279,2023-03-31,90,0.1477,0.37,0.0
LOAN000577,2023-03-31,0,0.2239,0.4908,
LOAN000891,2023-03-31,0,0.2666,0.4155,
LOAN000869,2023-03-31,0,0.1046,0.254,0.0
LOAN000472,2023-03-31,0,0.0197,0.4983,
LOAN000014,2023-03-31,0,0.0422,0.7652,60.0
LOAN000111,2023-03-31,30,0.0537,0.6714,0.0
LOAN000436,2023-03-31,90,0.2797,0.7655,0.0
LOAN000538,2023-03-31,60,0.2603,0.7577,0.0
LOAN000108,2023-03-31,0,0.084,0.5157,0.0
LOAN000593,2023-03-31,0,0.1912,0.7097,0.0
LOAN000180,2023-03-31,60,0.1345,0.6536,0.0
LOAN000051,2023-03-31,0,0.1464,0.6589,60.0
LOAN000222,2023-03-31,0,0.2436,0.3857,90.0
LOAN000629,2023-03-31,30,0.0703,0.4329,
LOAN000202,2023-03-31,60,0.2948,0.7089,
LOAN000151,2023-03-31,0,0.14,0.7412,0.0
LOAN000421,2023-03-31,0,0.2548,0.6133,
LOAN000696,2023-03-31,30,0.1045,0.4229,
LOAN000617,2023-03-31,0,0.1731,0.7242,0.0
LOAN000012,2023-03-31,30,0.0349,0.2641,60.0
LOAN000526,2023-03-31,0,0.1519,0.4163,0.0
LOAN000982,2023-03-31,30,0.095,0.5455,
LOAN000941,2023-03-31,0,0.1201,0.3542,
LOAN000337,2023-03-31,0,0.2542,0.8273,0.0
LOAN000889,2023-03-31,0,0.2885,0.2269,0.0
LOAN000972,2023-03-31,60,0.0569,0.7241,
LOAN000158,2023-03-31,0,0.2448,0.8412,
LOAN000092,2023-03-31,0,0.2567,0.4455,0.0
LOAN000371,2023-03-31,60,0.199,0.5134,90.0
LOAN000152,2023-03-31,60,0.1142,0.7175,0.0
LOAN000825,2023-03-31,60,0.2223,0.3662,0.0
LOAN000376,2023-03-31,0,0.0116,0.527,0.0
LOAN000987,2023-03-31,30,0.014,0.804,
LOAN000708,2023-03-31,0,0.0512,0.2519,0.0
LOAN000097,2023-03-31,0,0.2828,0.5312,
LOAN000231,2023-03-31,0,0.0396,0.2617,
LOAN000881,2023-03-31,30,0.1341,0.6513,30.0
LOAN000271,2023-03-31,60,0.1018,0.618,30.0
LOAN000503,2023-03-31,0,0.295,0.5686,0.0
LOAN000467,2023-03-31,0,0.0446,0.6379,0.0
LOAN000797,2023-03-31,0,0.2269,0.517,
LOAN000211,2023-03-31,0,0.1203,0.2606,
LOAN000790,2023-03-31,60,0.263,0.7081,0.0
LOAN000210,2023-03-31,0,0.1541,0.7358,
LOAN000241,2023-03-31,60,0.1074,0.7704,0.0
LOAN000639,2023-03-31,0,0.2797,0.3081,0.0
LOAN000104,2023-03-31,0,0.2896,0.5563,0.0
LOAN000118,2023-03-31,0,0.2055,0.7513,60.0
LOAN000501,2023-03-31,30,0.2115,0.5967,30.0
LOAN000895,2023-03-31,0,0.0623,0.4982,0.0
LOAN000316,2023-03-31,0,0.0281,0.7724,0.0
LOAN000340,2023-03-31,0,0.1935,0.6871,0.0
LOAN000407,2023-03-31,60,0.1308,0.5307,0.0
LOAN000116,2023-03-31,30,0.1549,0.2099,
LOAN000881,2023-03-31,30,0.2495,0.8214,30.0
LOAN000232,2023-03-31,0,0.1459,0.2529,0.0
LOAN000642,2023-03-31,0,0.2595,0.8196,60.0
LOAN000078,2023-03-31,0,0.1238,0.5193,
LOAN000982,2023-03-31,0,0.2742,0.4714,30.0
LOAN000679,2023-03-31,60,0.1572,0.2543,
LOAN000849,2023-03-31,0,0.0874,0.6953,60.0
LOAN000056,2023-03-31,0,0.0691,0.7148,30.0
LOAN000710,2023-03-31,60,0.0331,0.8537,
LOAN000809,2023-03-31,0,0.2141,0.3891,30.0
LOAN000166,2023-03-31,0,0.103,0.3728,0.0
LOAN000933,2023-03-31,0,0.1095,0.4649,0.0
LOAN000259,2023-03-31,0,0.2003,0.4236,0.0
LOAN000707,2023-03-31,0,0.2961,0.6213,
LOAN000594,2023-03-31,0,0.1318,0.2456,60.0
LOAN000812,2023-03-31,0,0.1054,0.2138,
LOAN000381,2023-03-31,0,0.161,0.6064,0.0
LOAN000283,2023-03-31,0,0.0612,0.3127,
LOAN000534,2023-03-31,60,0.1604,0.5465,0.0
LOAN000599,2023-03-31,0,0.2578,0.752,
LOAN000822,2023-03-31,0,0.0412,0.5708,0.0
LOAN000454,2023-03-31,0,0.0711,0.8493,30.0
LOAN000143,2023-03-31,0,0.1137,0.3683,0.0
LOAN000707,2023-03-31,0,0.1094,0.6901,0.0
LOAN000920,2023-03-31,0,0.11,0.3393,0.0
LOAN000411,2023-03-31,0,0.085,0.2842,0.0
LOAN000466,2023-03-31,0,0.2826,0.5126,0.0
LOAN000695,2023-03-31,0,0.0305,0.4372,
LOAN000378,2023-03-31,0,0.1662,0.5327,
LOAN000868,2023-03-31,60,0.122,0.7694,0.0
LOAN000212,2023-03-31,0,0.2362,0.7028,0.0
LOAN000787,2023-03-31,0,0.1499,0.4805,0.0
LOAN000987,2023-03-31,0,0.2044,0.3848,30.0
LOAN000697,2023-03-31,0,0.218,0.4408,0.0
LOAN000201,2023-03-31,30,0.0527,0.3105,0.0
LOAN000268,2023-03-31,0,0.2795,0.7886,0.0
LOAN000721,2023-03-31,60,0.2049,0.6635,0.0
LOAN000109,2023-03-31,0,0.0945,0.3774,
LOAN000178,2023-03-31,0,0.0674,0.7519,
LOAN000392,2023-03-31,0,0.0869,0.5177,0.0
LOAN000640,2023-03-31,30,0.1192,0.6932,
LOAN000638,2023-03-31,0,0.2795,0.2621,
LOAN000708,2023-03-31,30,0.0968,0.3734,0.0
LOAN000623,2023-03-31,0,0.2798,0.4349,
LOAN000650,2023-03-31,0,0.1426,0.3412,60.0
LOAN000460,2023-03-31,0,0.1715,0.5381,
LOAN000494,2023-03-31,0,0.0545,0.4349,0.0
LOAN000821,2023-03-31,0,0.2884,0.6939,
LOAN000274,2023-03-31,0,0.0221,0.7067,60.0
LOAN000701,2023-03-31,0,0.2171,0.8082,0.0
LOAN000712,2023-03-31,90,0.2241,0.2319,0.0
LOAN000901,2023-03-31,0,0.0588,0.2928,
LOAN000468,2023-03-31,30,0.2799,0.8674,0.0
LOAN000674,2023-03-31,30,0.1493,0.8695,90.0
LOAN000970,2023-03-31,0,0.0241,0.2128,60.0
LOAN000376,2023-03-31,0,0.0837,0.8899,0.0
LOAN000159,2023-03-31,0,0.2956,0.6396,0.0
LOAN000853,2023-03-31,0,0.0632,0.3567,0.0
LOAN000420,2023-03-31,0,0.0164,0.5486,
LOAN000112,2023-03-31,0,0.1328,0.7196,0.0
LOAN000738,2023-03-31,60,0.2861,0.6461,
LOAN000514,2023-03-31,0,0.077,0.4895,
LOAN000343,2023-03-31,30,0.2939,0.8248,0.0
LOAN000385,2023-03-31,90,0.2635,0.6647,
LOAN000227,2023-03-31,30,0.2596,0.2091,60.0
LOAN000562,2023-03-31,0,0.1797,0.2137,0.0
LOAN000864,2023-03-31,0,0.0913,0.3361,0.0
LOAN000405,2023-03-31,0,0.1832,0.6716,
LOAN000115,2023-03-31,0,0.2668,0.6616,
LOAN000833,2023-03-31,0,0.1134,0.4289,0.0
LOAN000752,2023-03-31,0,0.127,0.6708,0.0
LOAN000376,2023-03-31,0,0.1164,0.2356,0.0
LOAN000667,2023-03-31,0,0.0289,0.3855,
LOAN000393,2023-03-31,0,0.2355,0.3007,
LOAN000237,2023-03-31,0,0.0552,0.6349,0.0
LOAN000999,2023-03-31,0,0.1487,0.5845,0.0
LOAN000620,2023-03-31,60,0.2238,0.623,90.0
LOAN000725,2023-03-31,30,0.2261,0.2257,0.0
LOAN000076,2023-03-31,0,0.263,0.5304,
LOAN000792,2023-03-31,0,0.2091,0.7541,0.0
LOAN000393,2023-04-30,90,0.051,0.8398,0.0
LOAN000026,2023-04-30,90,0.1643,0.5042,0.0
LOAN000413,2023-04-30,0,0.1614,0.548,0.0
LOAN000795,2023-04-30,60,0.095,0.6811,
LOAN000318,2023-04-30,30,0.2428,0.3628,0.0
LOAN000815,2023-04-30,30,0.2465,0.2733,
LOAN000279,2023-04-30,0,0.1166,0.3291,90.0
LOAN000333,2023-04-30,0,0.1005,0.5927,0.0
LOAN000622,2023-04-30,30,0.1799,0.2652,0.0
LOAN000005,2023-04-30,90,0.2811,0.3307,60.0
LOAN000212,2023-04-30,30,0.2534,0.5007,0.0
LOAN000971,2023-04-30,0,0.0994,0.7892,30.0
LOAN000433,2023-04-30,60,0.0225,0.6851,30.0
LOAN000680,2023-04-30,30,0.0511,0.521,30.0
LOAN000023,2023-04-30,0,0.1488,0.2629,0.0
LOAN000805,2023-04-30,0,0.2176,0.355,0.0
LOAN000364,2023-04-30,60,0.0447,0.8169,0.0
LOAN000124,2023-04-30,0,0.1376,0.8255,
LOAN000580,2023-04-30,0,0.0546,0.3636,
LOAN000424,2023-04-30,0,0.2164,0.309,0.0
LOAN000896,2023-04-30,0,0.0447,0.7977,
LOAN000470,2023-04-30,30,0.1422,0.6803,60.0
LOAN000563,2023-04-30,0,0.1844,0.232,0.0
LOAN000608,2023-04-30,0,0.2316,0.7025,
LOAN000379,2023-04-30,0,0.06,0.6213,0.0
LOAN000807,2023-04-30,60,0.1002,0.8799,30.0
LOAN000428,2023-04-30,0,0.0978,0.2472,
LOAN000036,2023-04-30,0,0.123,0.2937,0.0
LOAN000971,2023-04-30,0,0.1074,0.4229,0.0
LOAN000748,2023-04-30,60,0.2995,0.5201,
LOAN000592,2023-04-30,0,0.1583,0.8597,
LOAN000453,2023-04-30,0,0.1181,0.3753,
LOAN000286,2023-04-30,0,0.2075,0.2243,
LOAN000131,2023-04-30,0,0.197,0.6604,0.0
LOAN000087,2023-04-30,0,0.1479,0.5827,0.0
LOAN000742,2023-04-30,0,0.1973,0.2507,30.0
LOAN000461,2023-04-30,30,0.299,0.653,
LOAN000622,2023-04-30,0,0.0776,0.4703,30.0
LOAN000786,2023-04-30,0,0.2792,0.8071,30.0
LOAN000312,2023-04-30,60,0.0248,0.3703,0.0
LOAN000463,2023-04-30,0,0.2273,0.4705,0.0
LOAN000160,2023-04-30,0,0.1865,0.7821,0.0
LOAN000867,2023-04-30,0,0.2657,0.241,
LOAN000433,2023-04-30,0,0.0731,0.3738,60.0
LOAN000806,2023-04-30,0,0.2614,0.6835,0.0
LOAN000348,2023-04-30,0,0.1185,0.3272,
LOAN000258,2023-04-30,0,0.1145,0.776,0.0
LOAN000667,2023-04-30,0,0.1599,0.6612,0.0
LOAN000046,2023-04-30,0,0.0761,0.5367,0.0
LOAN000415,2023-04-30,0,0.2333,0.8737,60.0
LOAN000479,2023-04-30,0,0.1032,0.2103,0.0
LOAN000389,2023-04-30,0,0.1534,0.5452,60.0
LOAN000510,2023-04-30,0,0.2815,0.8634,
LOAN000513,2023-04-30,0,0.0512,0.499,0.0
LOAN000615,2023-04-30,0,0.0574,0.5245,
LOAN000679,2023-04-30,30,0.2285,0.3403,60.0
LOAN000624,2023-04-30,0,0.1648,0.6486,
LOAN000943,2023-04-30,60,0.1252,0.2891,0.0
LOAN000240,2023-04-30,60,0.2448,0.396,0.0
LOAN000487,2023-04-30,60,0.1795,0.7643,
LOAN000269,2023-04-30,0,0.081,0.3523,30.0
LOAN000016,2023-04-30,60,0.2157,0.3557,0.0
LOAN000613,2023-04-30,0,0.1846,0.2501,
LOAN000891,2023-04-30,0,0.0317,0.8492,0.0
LOAN000908,2023-04-30,0,0.0792,0.5527,0.0
LOAN000872,2023-04-30,30,0.266,0.4533,
LOAN000916,2023-04-30,0,0.2714,0.2135,0.0
LOAN000263,2023-04-30,0,0.2467,0.3907,0.0
LOAN000943,2023-04-30,30,0.0665,0.701,60.0
LOAN000229,2023-04-30,0,0.2778,0.7179,0.0
LOAN000728,2023-04-30,60,0.2378,0.3974,
LOAN000008,2023-04-30,0,0.1604,0.4927,0.0
LOAN000507,2023-04-30,0,0.2859,0.8553,
LOAN000098,2023-04-30,0,0.0352,0.8118,0.0
LOAN000153,2023-04-30,0,0.285,0.3987,60.0
LOAN000490,2023-04-30,0,0.1383,0.2956,0.0
LOAN000576,2023-04-30,0,0.2719,0.7,0.0
LOAN000957,2023-04-30,0,0.0306,0.7399,
LOAN000092,2023-04-30,30,0.2211,0.5897,0.0
LOAN000882,2023-04-30,0,0.0613,0.2158,30.0
LOAN000155,2023-04-30,0,0.0703,0.7006,0.0
LOAN000729,2023-04-30,30,0.0887,0.3869,90.0
LOAN000212,2023-04-30,60,0.0285,0.5261,30.0
LOAN000703,2023-04-30,30,0.2602,0.5478,
LOAN000286,2023-04-30,0,0.2991,0.5473,0.0
LOAN000299,2023-04-30,30,0.1022,0.818,30.0
LOAN000759,2023-04-30,0,0.2599,0.8574,
LOAN000165,2023-04-30,0,0.2525,0.8169,
LOAN000025,2023-04-30,0,0.1985,0.8796,0.0
LOAN000120,2023-04-30,0,0.0644,0.3265,
LOAN000977,2023-04-30,30,0.1023,0.5797,
LOAN000420,2023-04-30,0,0.172,0.8322,0.0
LOAN000883,2023-04-30,0,0.0825,0.6536,
LOAN000047,2023-04-30,60,0.2931,0.7975,30.0
LOAN000278,2023-04-30,0,0.2817,0.5625,0.0
LOAN000426,2023-04-30,30,0.2515,0.3218,30.0
LOAN000000,2023-04-30,90,0.2652,0.5777,0.0
LOAN000441,2023-04-30,0,0.2112,0.3123,0.0
LOAN000001,2023-04-30,0,0.0547,0.8832,0.0
LOAN000775,2023-04-30,0,0.283,0.6366,
LOAN000025,2023-04-30,0,0.263,0.7074,0.0
LOAN000201,2023-04-30,60,0.1612,0.6548,30.0
LOAN000803,2023-04-30,90,0.2476,0.4578,0.0
LOAN000453,2023-04-30,30,0.2425,0.5412,0.0
LOAN000636,2023-04-30,0,0.0806,0.6131,30.0
LOAN000453,2023-04-30,0,0.2994,0.7963,30.0
LOAN000782,2023-04-30,0,0.2846,0.2071,0.0
LOAN000726,2023-04-30,30,0.1392,0.6552,
LOAN000343,2023-04-30,30,0.2697,0.8334,30.0
LOAN000904,2023-04-30,0,0.2128,0.6764,60.0
LOAN000614,2023-04-30,0,0.1167,0.6541,0.0
LOAN000352,2023-04-30,0,0.1096,0.3107,0.0
LOAN000718,2023-04-30,60,0.0176,0.8959,
LOAN000170,2023-04-30,30,0.1134,0.3958,90.0
LOAN000451,2023-04-30,0,0.0378,0.4299,0.0
LOAN000681,2023-04-30,0,0.1165,0.6052,
LOAN000058,2023-04-30,0,0.0855,0.7441,0.0
LOAN000839,2023-04-30,90,0.083,0.6109,30.0
LOAN000251,2023-04-30,0,0.1921,0.3168,0.0
LOAN000446,2023-04-30,0,0.1287,0.5396,0.0
LOAN000150,2023-04-30,0,0.2596,0.507,0.0
LOAN000122,2023-04-30,0,0.2871,0.2412,
LOAN000062,2023-04-30,60,0.0756,0.7329,0.0
LOAN000132,2023-04-30,0,0.0749,0.3401,0.0
LOAN000913,2023-04-30,0,0.149,0.6586,
LOAN000062,2023-04-30,90,0.0466,0.6049,60.0
LOAN000168,2023-04-30,60,0.2925,0.2306,0.0
LOAN000508,2023-04-30,0,0.0184,0.7551,0.0
LOAN000481,2023-04-30,0,0.2375,0.4889,
LOAN000573,2023-04-30,60,0.1444,0.3967,0.0
LOAN000924,2023-04-30,0,0.1275,0.597,
LOAN000084,2023-04-30,0,0.0259,0.2699,0.0
LOAN000235,2023-04-30,0,0.2213,0.3816,
LOAN000561,2023-04-30,0,0.2782,0.7816,60.0
LOAN000379,2023-04-30,30,0.0832,0.2064,0.0
LOAN000475,2023-04-30,30,0.0254,0.3733,0.0
LOAN000519,2023-04-30,0,0.2342,0.8127,
LOAN000280,2023-04-30,30,0.2122,0.7121,0.0
LOAN000873,2023-04-30,0,0.0601,0.6871,0.0
LOAN000815,2023-04-30,0,0.0676,0.8548,30.0
LOAN000886,2023-04-30,30,0.2338,0.2199,60.0
LOAN000255,2023-04-30,0,0.1108,0.8885,
LOAN000517,2023-04-30,30,0.0912,0.655,
LOAN000327,2023-04-30,0,0.0301,0.6672,
LOAN000867,2023-04-30,0,0.2128,0.8328,0.0
LOAN000213,2023-04-30,60,0.238,0.4948,0.0
LOAN000806,2023-04-30,0,0.1971,0.2523,0.0
LOAN000311,2023-04-30,60,0.1393,0.2234,0.0
LOAN000642,2023-04-30,0,0.1901,0.7431,0.0
LOAN000479,2023-04-30,60,0.0651,0.5445,0.0
LOAN000318,2023-04-30,60,0.081,0.7213,30.0
LOAN000073,2023-04-30,0,0.0829,0.886,0.0
LOAN000414,2023-04-30,30,0.2136,0.2687,
LOAN000567,2023-04-30,0,0.1021,0.3755,
LOAN000810,2023-04-30,30,0.2519,0.4205,
LOAN000272,2023-04-30,0,0.0443,0.2625,0.0
LOAN000734,2023-04-30,0,0.0119,0.2076,0.0
LOAN000019,2023-04-30,60,0.137,0.6826,0.0
LOAN000186,2023-04-30,30,0.2736,0.2096,60.0
LOAN000283,2023-04-30,0,0.0335,0.7514,0.0
LOAN000625,2023-04-30,0,0.0404,0.2539,0.0
LOAN000629,2023-04-30,0,0.218,0.3063,30.0
LOAN000718,2023-04-30,30,0.2475,0.7663,60.0
LOAN000915,2023-04-30,0,0.0936,0.8342,60.0
LOAN000817,2023-04-30,0,0.1195,0.8558,0.0
LOAN000631,2023-04-30,0,0.2782,0.8632,0.0
LOAN000105,2023-04-30,0,0.022,0.8311,
LOAN000971,2023-04-30,60,0.284,0.504,0.0
LOAN000230,2023-04-30,30,0.0999,0.662,0.0
LOAN000231,2023-04-30,0,0.1962,0.754,0.0
LOAN000097,2023-04-30,0,0.2148,0.6693,0.0
LOAN000179,2023-04-30,0,0.0106,0.3109,0.0
LOAN000591,2023-04-30,0,0.1719,0.2961,0.0
LOAN000142,2023-04-30,0,0.2104,0.2295,0.0
LOAN000080,2023-04-30,0,0.0133,0.3272,0.0
LOAN000220,2023-04-30,0,0.1783,0.4059,
LOAN000431,2023-04-30,0,0.0514,0.2961,0.0
LOAN000468,2023-04-30,0,0.0457,0.4423,30.0
LOAN000462,2023-04-30,0,0.279,0.3366,0.0
LOAN000948,2023-04-30,0,0.1369,0.6015,0.0
LOAN000603,2023-04-30,0,0.1018,0.3567,
LOAN000913,2023-04-30,0,0.0795,0.7668,0.0
LOAN000428,2023-04-30,60,0.0618,0.8363,0.0
LOAN000826,2023-04-30,0,0.0257,0.5306,
LOAN000279,2023-04-30,30,0.214,0.2508,0.0
LOAN000696,2023-04-30,0,0.0203,0.683,30.0
LOAN000412,2023-04-30,60,0.0886,0.6372,0.0
LOAN000976,2023-04-30,0,0.1482,0.3393,0.0
LOAN000034,2023-04-30,30,0.0932,0.7553,
LOAN000643,2023-04-30,60,0.0831,0.3377,90.0
LOAN000109,2023-04-30,0,0.0396,0.38,0.0
LOAN000808,2023-04-30,60,0.2847,0.7001,
LOAN000237,2023-04-30,0,0.0964,0.5819,0.0
LOAN000456,2023-04-30,0,0.033,0.5368,0.0
LOAN000557,2023-04-30,0,0.1273,0.7912,
LOAN000496,2023-04-30,0,0.1436,0.85,30.0
LOAN000390,2023-04-30,60,0.2289,0.4116,60.0
LOAN000767,2023-04-30,60,0.1702,0.695,0.0
LOAN000780,2023-04-30,90,0.2118,0.6389,0.0
LOAN000597,2023-04-30,0,0.0867,0.7689,0.0
LOAN000755,2023-04-30,60,0.2711,0.711,60.0
LOAN000619,2023-04-30,0,0.1975,0.3999,
LOAN000783,2023-04-30,30,0.2589,0.4527,0.0
LOAN000229,2023-04-30,90,0.1821,0.7732,0.0
LOAN000290,2023-04-30,0,0.0605,0.2744,0.0
LOAN000314,2023-04-30,0,0.1958,0.4152,90.0
LOAN000663,2023-04-30,60,0.1248,0.3855,
LOAN000754,2023-04-30,0,0.0597,0.8569,60.0
LOAN000125,2023-04-30,0,0.2124,0.2665,
LOAN000732,2023-04-30,0,0.0976,0.6102,
LOAN000917,2023-04-30,0,0.2133,0.7147,0.0
LOAN000259,2023-04-30,0,0.1133,0.5005,0.0
LOAN000994,2023-04-30,30,0.1211,0.2515,0.0
LOAN000205,2023-04-30,0,0.2677,0.8207,
LOAN000462,2023-04-30,0,0.2745,0.8862,0.0
LOAN000282,2023-04-30,60,0.2659,0.2668,0.0
LOAN000979,2023-04-30,0,0.1742,0.8613,
LOAN000911,2023-04-30,0,0.178,0.349,60.0
LOAN000128,2023-04-30,30,0.177,0.4929,
LOAN000186,2023-04-30,0,0.243,0.7503,30.0
LOAN000975,2023-04-30,0,0.222,0.8786,0.0
LOAN000669,2023-04-30,90,0.2364,0.3555,30.0
LOAN000904,2023-04-30,0,0.1022,0.8494,0.0
LOAN000325,2023-04-30,60,0.1723,0.2576,0.0
LOAN000933,2023-04-30,0,0.2011,0.6353,0.0
LOAN000769,2023-04-30,60,0.2923,0.8518,
LOAN000854,2023-04-30,0,0.1022,0.5753,0.0
LOAN000936,2023-04-30,0,0.1722,0.5769,0.0
LOAN000982,2023-04-30,0,0.0165,0.5185,0.0
LOAN000592,2023-04-30,0,0.1369,0.5639,0.0
LOAN000425,2023-04-30,0,0.2652,0.3863,60.0
LOAN000840,2023-04-30,0,0.054,0.3917,0.0
LOAN000837,2023-04-30,60,0.1242,0.7239,
LOAN000607,2023-04-30,30,0.2212,0.3808,90.0
LOAN000538,2023-04-30,0,0.184,0.3457,60.0
LOAN000983,2023-04-30,0,0.0269,0.5849,0.0
LOAN000607,2023-04-30,0,0.0738,0.5761,30.0
LOAN000568,2023-04-30,60,0.1727,0.2292,
LOAN000169,2023-04-30,30,0.1648,0.6923,
LOAN000621,2023-04-30,0,0.1251,0.2886,
LOAN000005,2023-04-30,60,0.1684,0.7253,90.0
LOAN000290,2023-04-30,0,0.1343,0.536,0.0
LOAN000385,2023-04-30,30,0.1665,0.3744,90.0
LOAN000301,2023-04-30,0,0.2722,0.4398,0.0
LOAN000351,2023-04-30,90,0.0884,0.5613,0.0
LOAN000803,2023-04-30,0,0.261,0.4839,90.0
LOAN000731,2023-04-30,0,0.2989,0.6406,30.0
LOAN000200,2023-04-30,0,0.145,0.2183,
LOAN000782,2023-04-30,0,0.1311,0.5057,0.0
LOAN000467,2023-04-30,0,0.2551,0.4322,0.0
LOAN000031,2023-04-30,0,0.0324,0.7161,0.0
LOAN000238,2023-04-30,0,0.2712,0.6416,60.0
LOAN000000,2023-04-30,0,0.2297,0.2755,90.0
LOAN000222,2023-04-30,0,0.2174,0.2622,0.0
LOAN000974,2023-04-30,0,0.2715,0.6099,0.0
LOAN000204,2023-04-30,0,0.1984,0.8532,90.0
LOAN000375,2023-04-30,0,0.137,0.6751,30.0
LOAN000846,2023-04-30,0,0.2124,0.6663,
LOAN000611,2023-04-30,0,0.2182,0.5391,0.0
LOAN000713,2023-04-30,0,0.1838,0.3555,
LOAN000095,2023-04-30,0,0.2927,0.28,0.0
LOAN000557,2023-04-30,0,0.0258,0.3307,0.0
LOAN000012,2023-04-30,0,0.151,0.89,30.0
LOAN000923,2023-04-30,0,0.1186,0.7413,0.0
LOAN000376,2023-04-30,0,0.1056,0.2532,0.0
LOAN000489,2023-04-30,0,0.0226,0.4029,
LOAN000834,2023-04-30,30,0.0526,0.7143,60.0
LOAN000290,2023-04-30,0,0.2334,0.4068,0.0
LOAN000962,2023-04-30,0,0.1107,0.3199,30.0
LOAN000448,2023-04-30,0,0.0672,0.8442,30.0
LOAN000697,2023-04-30,0,0.1926,0.6073,0.0
LOAN000359,2023-04-30,0,0.0232,0.2096,60.0
LOAN000025,2023-04-30,30,0.211,0.2776,0.0
LOAN000501,2023-04-30,0,0.2601,0.495,30.0
LOAN000082,2023-04-30,30,0.1949,0.6746,60.0
LOAN000203,2023-04-30,90,0.081,0.7681,0.0
LOAN000979,2023-04-30,0,0.2687,0.3835,0.0
LOAN000865,2023-04-30,0,0.1765,0.7786,0.0
LOAN000508,2023-04-30,0,0.1959,0.3342,0.0
LOAN000982,2023-04-30,0,0.2149,0.3041,0.0
LOAN000215,2023-04-30,0,0.0419,0.7721,
LOAN000381,2023-04-30,0,0.0333,0.3837,0.0
LOAN000778,2023-04-30,90,0.0923,0.6031,90.0
LOAN000200,2023-04-30,90,0.1684,0.7218,0.0
LOAN000447,2023-04-30,0,0.0698,0.3497,
LOAN000459,2023-04-30,0,0.2109,0.563,0.0
LOAN000876,2023-04-30,30,0.2093,0.8978,60.0
LOAN000127,2023-04-30,0,0.0546,0.2113,
LOAN000808,2023-04-30,30,0.2441,0.3494,60.0
LOAN000895,2023-04-30,30,0.0778,0.8377,0.0
LOAN000008,2023-04-30,90,0.0402,0.6776,0.0
LOAN000716,2023-04-30,0,0.1129,0.6849,0.0
LOAN000208,2023-04-30,0,0.0178,0.4807,
LOAN000402,2023-04-30,0,0.0885,0.3658,0.0
LOAN000723,2023-04-30,0,0.08,0.3004,30.0
LOAN000959,2023-04-30,0,0.0769,0.4188,30.0
LOAN000253,2023-04-30,0,0.103,0.6402,0.0
LOAN000204,2023-04-30,0,0.1227,0.8857,0.0
LOAN000663,2023-04-30,60,0.0669,0.7274,60.0
LOAN000620,2023-04-30,0,0.2411,0.6733,60.0
LOAN000797,2023-04-30,0,0.2842,0.2195,0.0
LOAN000035,2023-04-30,0,0.015,0.8714,
LOAN000873,2023-04-30,0,0.0283,0.7249,0.0
LOAN000711,2023-04-30,0,0.1261,0.5166,
LOAN000934,2023-04-30,60,0.113,0.4251,
LOAN000297,2023-04-30,0,0.2239,0.3303,0.0
LOAN000848,2023-04-30,60,0.1104,0.7178,0.0
LOAN000281,2023-04-30,0,0.2983,0.2765,0.0
LOAN000092,2023-04-30,0,0.1222,0.6029,30.0
LOAN000264,2023-04-30,30,0.0905,0.5243,60.0
LOAN000482,2023-04-30,0,0.1773,0.4885,0.0
LOAN000841,2023-04-30,0,0.1374,0.3395,
LOAN000164,2023-04-30,0,0.0932,0.6347,0.0
LOAN000702,2023-04-30,30,0.0656,0.8765,0.0
LOAN000492,2023-04-30,0,0.2697,0.4833,
LOAN000093,2023-04-30,0,0.2833,0.7679,0.0
LOAN000084,2023-04-30,0,0.1433,0.7343,0.0
LOAN000501,2023-04-30,0,0.2277,0.4227,0.0
LOAN000698,2023-04-30,0,0.2416,0.6178,
LOAN000058,2023-04-30,30,0.1981,0.5439,0.0
LOAN000054,2023-04-30,0,0.095,0.8215,0.0
LOAN000799,2023-04-30,0,0.2184,0.2094,
LOAN000047,2023-04-30,0,0.2797,0.8055,60.0
LOAN000174,2023-04-30,0,0.2034,0.2595,0.0
LOAN000344,2023-04-30,60,0.1514,0.4743,60.0
LOAN000495,2023-04-30,0,0.0972,0.8028,0.0
LOAN000617,2023-04-30,0,0.1213,0.502,0.0
LOAN000152,2023-04-30,90,0.1852,0.5744,60.0
LOAN000470,2023-04-30,0,0.0209,0.561,30.0
LOAN000079,2023-04-30,0,0.1129,0.3722,0.0
LOAN000397,2023-04-30,30,0.0816,0.6589,0.0
LOAN000443,2023-04-30,0,0.2187,0.341,0.0
LOAN000409,2023-04-30,0,0.0178,0.4679,0.0
LOAN000593,2023-04-30,90,0.1666,0.4458,0.0
LOAN000632,2023-04-30,30,0.1504,0.7606,90.0
LOAN000282,2023-04-30,0,0.2379,0.8039,60.0
LOAN000148,2023-04-30,0,0.0102,0.2778,0.0
LOAN000674,2023-04-30,60,0.2443,0.6035,30.0
LOAN000035,2023-04-30,0,0.2537,0.5288,0.0
LOAN000625,2023-04-30,30,0.1413,0.4153,0.0
LOAN000215,2023-04-30,0,0.1396,0.8335,0.0
LOAN000784,2023-04-30,30,0.1859,0.6154,0.0
LOAN000110,2023-04-30,0,0.2663,0.5873,
LOAN000846,2023-04-30,60,0.0992,0.895,0.0
LOAN000259,2023-04-30,0,0.1397,0.6507,0.0
LOAN000898,2023-04-30,0,0.0195,0.8522,
LOAN000355,2023-04-30,60,0.2096,0.6239,0.0
LOAN000324,2023-04-30,0,0.0576,0.7454,
LOAN000218,2023-04-30,0,0.2613,0.3961,
LOAN000022,2023-04-30,0,0.2772,0.3909,90.0
LOAN000473,2023-04-30,30,0.2049,0.3593,
LOAN000754,2023-04-30,0,0.0252,0.71,0.0
LOAN000666,2023-04-30,30,0.0861,0.5755,60.0
LOAN000167,2023-04-30,60,0.209,0.8619,0.0
LOAN000672,2023-04-30,90,0.0867,0.3831,0.0
LOAN000808,2023-04-30,0,0.1721,0.766,30.0
LOAN000260,2023-04-30,0,0.1022,0.8355,0.0
LOAN000989,2023-04-30,0,0.044,0.705,30.0
LOAN000013,2023-04-30,90,0.1064,0.2807,0.0
LOAN000140,2023-04-30,0,0.2366,0.2475,
LOAN000489,2023-04-30,0,0.2843,0.3871,0.0
LOAN000284,2023-04-30,0,0.1011,0.564,0.0
LOAN000818,2023-04-30,0,0.2953,0.6527,
LOAN000387,2023-04-30,30,0.2044,0.247,60.0
LOAN000244,2023-04-30,0,0.0761,0.7928,
LOAN000105,2023-04-30,0,0.2522,0.7408,0.0
LOAN000352,2023-04-30,0,0.1521,0.4359,0.0
LOAN000072,2023-04-30,90,0.0379,0.5136,0.0
LOAN000121,2023-04-30,0,0.0105,0.8337,
LOAN000103,2023-04-30,0,0.0222,0.8182,0.0
LOAN000954,2023-04-30,60,0.0733,0.4472,
LOAN000933,2023-04-30,60,0.2275,0.2934,0.0
LOAN000067,2023-04-30,90,0.0862,0.79,90.0
LOAN000199,2023-04-30,0,0.1065,0.6304,0.0
LOAN000946,2023-04-30,0,0.2341,0.3083,0.0
LOAN000522,2023-04-30,0,0.0252,0.2313,0.0
LOAN000024,2023-04-30,0,0.1448,0.6142,
LOAN000636,2023-04-30,0,0.0324,0.6226,0.0
LOAN000534,2023-04-30,90,0.1392,0.8895,60.0
LOAN000682,2023-04-30,0,0.0972,0.5611,
LOAN000974,2023-04-30,0,0.0315,0.6516,0.0
LOAN000962,2023-04-30,0,0.2405,0.618,0.0
LOAN000170,2023-04-30,30,0.2231,0.6866,30.0
LOAN000617,2023-04-30,60,0.1203,0.7622,0.0
LOAN000260,2023-04-30,30,0.2502,0.7956,0.0
LOAN000373,2023-04-30,0,0.1374,0.6771,60.0
LOAN000322,2023-04-30,0,0.0488,0.3787,
LOAN000166,2023-04-30,0,0.2537,0.2971,0.0
LOAN000233,2023-04-30,0,0.0126,0.779,60.0
LOAN000481,2023-04-30,0,0.1439,0.6055,0.0
LOAN000943,2023-04-30,0,0.0366,0.4612,30.0
LOAN000591,2023-04-30,0,0.0697,0.556,0.0
LOAN000975,2023-04-30,30,0.2551,0.7823,0.0
LOAN000186,2023-04-30,30,0.0367,0.2643,0.0
LOAN000577,2023-04-30,90,0.2182,0.8919,0.0
LOAN000341,2023-04-30,0,0.2545,0.4755,
LOAN000213,2023-04-30,0,0.2072,0.6202,60.0
LOAN000834,2023-04-30,0,0.0362,0.7797,30.0
LOAN000269,2023-04-30,0,0.2389,0.2126,0.0
LOAN000518,2023-04-30,0,0.2358,0.2291,0.0
LOAN000346,2023-05-31,0,0.0328,0.8212,0.0
LOAN000473,2023-05-31,0,0.2955,0.254,30.0
LOAN000542,2023-05-31,30,0.2306,0.5566,0.0
LOAN000860,2023-05-31,0,0.139,0.633,
LOAN000726,2023-05-31,30,0.0165,0.3992,30.0
LOAN000669,2023-05-31,90,0.2621,0.6469,90.0
LOAN000428,2023-05-31,30,0.0755,0.506,60.0
LOAN000703,2023-05-31,0,0.2057,0.8767,30.0
LOAN000959,2023-05-31,0,0.0747,0.5694,0.0
LOAN000290,2023-05-31,0,0.0515,0.7226,0.0
LOAN000419,2023-05-31,0,0.2755,0.685,60.0
LOAN000844,2023-05-31,0,0.1191,0.8377,0.0
LOAN000462,2023-05-31,0,0.2981,0.8071,0.0
LOAN000044,2023-05-31,0,0.1877,0.2305,30.0
LOAN000433,2023-05-31,60,0.2405,0.4075,0.0
LOAN000914,2023-05-31,0,0.0221,0.869,30.0
LOAN000283,2023-05-31,0,0.0446,0.6484,0.0
LOAN000917,2023-05-31,60,0.0602,0.4832,0.0
LOAN000845,2023-05-31,30,0.1847,0.5237,0.0
LOAN000647,2023-05-31,0,0.2067,0.336,0.0
LOAN000460,2023-05-31,0,0.238,0.3736,0.0
LOAN000104,2023-05-31,0,0.0282,0.7373,0.0
LOAN000334,2023-05-31,0,0.1561,0.797,0.0
LOAN000602,2023-05-31,30,0.14,0.3688,0.0
LOAN000866,2023-05-31,0,0.2073,0.8389,0.0
LOAN000699,2023-05-31,60,0.2241,0.7922,
LOAN000753,2023-05-31,0,0.0145,0.5859,0.0
LOAN000963,2023-05-31,0,0.0271,0.5922,
LOAN000379,2023-05-31,60,0.1519,0.495,30.0
LOAN000843,2023-05-31,0,0.1709,0.6505,
LOAN000827,2023-05-31,0,0.277,0.4017,90.0
LOAN000749,2023-05-31,0,0.1723,0.6452,
LOAN000973,2023-05-31,30,0.1372,0.7499,0.0
LOAN000376,2023-05-31,0,0.258,0.6683,0.0
LOAN000415,2023-05-31,90,0.1305,0.3303,0.0
LOAN000733,2023-05-31,0,0.1219,0.2989,0.0
LOAN000065,2023-05-31,0,0.1804,0.6791,
LOAN000476,2023-05-31,0,0.22,0.6848,0.0
LOAN000607,2023-05-31,90,0.0785,0.4385,0.0
LOAN000342,2023-05-31,30,0.175,0.8228,0.0
LOAN000920,2023-05-31,60,0.1135,0.6945,0.0
LOAN000197,2023-05-31,30,0.0414,0.7086,0.0
LOAN000325,2023-05-31,60,0.1803,0.2879,60.0
LOAN000878,2023-05-31,0,0.0356,0.2287,
LOAN000690,2023-05-31,0,0.0677,0.4985,60.0
LOAN000811,2023-05-31,0,0.2359,0.7883,0.0
LOAN000622,2023-05-31,30,0.2498,0.2543,0.0
LOAN000873,2023-05-31,0,0.1326,0.5599,0.0
LOAN000659,2023-05-31,0,0.1363,0.2617,30.0
LOAN000431,2023-05-31,0,0.0966,0.5463,0.0
LOAN000818,2023-05-31,0,0.0714,0.4779,0.0
LOAN000958,2023-05-31,0,0.1006,0.4089,60.0
LOAN000824,2023-05-31,0,0.13,0.6505,30.0
LOAN000391,2023-05-31,0,0.1557,0.6247,60.0
LOAN000954,2023-05-31,0,0.0168,0.8828,60.0
LOAN000406,2023-05-31,0,0.2093,0.7029,0.0
LOAN000874,2023-05-31,30,0.1799,0.6833,0.0
LOAN000485,2023-05-31,30,0.0112,0.3113,0.0
LOAN000411,2023-05-31,60,0.2043,0.7531,0.0
LOAN000193,2023-05-31,0,0.0576,0.4357,0.0
LOAN000000,2023-05-31,30,0.1678,0.3444,0.0
LOAN000417,2023-05-31,0,0.1949,0.7145,0.0
LOAN000470,2023-05-31,0,0.1623,0.8036,0.0
LOAN000847,2023-05-31,0,0.1049,0.2709,90.0
LOAN000800,2023-05-31,0,0.2208,0.6484,60.0
LOAN000232,2023-05-31,0,0.1513,0.3786,0.0
LOAN000188,2023-05-31,0,0.2011,0.6388,
LOAN000613,2023-05-31,0,0.2515,0.6621,0.0
LOAN000528,2023-05-31,60,0.16,0.2224,
LOAN000379,2023-05-31,0,0.2652,0.2457,60.0
LOAN000315,2023-05-31,0,0.038,0.2566,60.0
LOAN000222,2023-05-31,0,0.2824,0.5248,0.0
LOAN000728,2023-05-31,0,0.2366,0.6177,60.0
LOAN000427,2023-05-31,0,0.2651,0.6425,30.0
LOAN000478,2023-05-31,0,0.0652,0.2304,0.0
LOAN000761,2023-05-31,0,0.0139,0.8864,0.0
LOAN000370,2023-05-31,0,0.0451,0.6824,0.0
LOAN000729,2023-05-31,90,0.1095,0.7494,30.0
LOAN000865,2023-05-31,0,0.176,0.6132,0.0
LOAN000184,2023-05-31,0,0.2333,0.421,
LOAN000642,2023-05-31,60,0.2667,0.4741,0.0
LOAN000503,2023-05-31,0,0.2487,0.2619,0.0
LOAN000029,2023-05-31,0,0.2086,0.824,30.0
LOAN000900,2023-05-31,60,0.1673,0.6404,0.0
LOAN000562,2023-05-31,60,0.0144,0.7515,0.0
LOAN000241,2023-05-31,0,0.0608,0.8568,60.0
LOAN000794,2023-05-31,30,0.2838,0.8247,90.0
LOAN000155,2023-05-31,90,0.0849,0.3763,0.0
LOAN000941,2023-05-31,0,0.1217,0.4641,0.0
LOAN000458,2023-05-31,30,0.0238,0.6978,30.0
LOAN000098,2023-05-31,0,0.0761,0.2541,0.0
LOAN000255,2023-05-31,30,0.166,0.3791,0.0
LOAN000041,2023-05-31,0,0.18,0.2257,0.0
LOAN000117,2023-05-31,60,0.2821,0.5092,0.0
LOAN000296,2023-05-31,60,0.1053,0.533,
LOAN000730,2023-05-31,0,0.0706,0.6527,0.0
LOAN000417,2023-05-31,0,0.1916,0.7451,0.0
LOAN000157,2023-05-31,0,0.157,0.895,0.0
LOAN000180,2023-05-31,0,0.0816,0.5392,60.0
LOAN000990,2023-05-31,0,0.1595,0.3764,0.0
LOAN000130,2023-05-31,30,0.1514,0.566,30.0
LOAN000194,2023-05-31,0,0.2868,0.8794,
LOAN000115,2023-05-31,0,0.107,0.7081,0.0
LOAN000895,2023-05-31,60,0.0757,0.62,30.0
LOAN000815,2023-05-31,0,0.2855,0.2615,0.0
LOAN000408,2023-05-31,0,0.1179,0.8057,0.0
LOAN000409,2023-05-31,0,0.0726,0.469,0.0
LOAN000109,2023-05-31,0,0.1596,0.2548,0.0
LOAN000650,2023-05-31,0,0.0507,0.3347,0.0
LOAN000827,2023-05-31,0,0.1562,0.2706,0.0
LOAN000739,2023-05-31,90,0.039,0.6279,60.0
LOAN000208,2023-05-31,30,0.152,0.8648,0.0
LOAN000686,2023-05-31,30,0.2567,0.3302,
LOAN000882,2023-05-31,0,0.1811,0.297,0.0
LOAN000545,2023-05-31,0,0.0533,0.4749,0.0
LOAN000815,2023-05-31,0,0.1153,0.5467,0.0
LOAN000026,2023-05-31,0,0.1094,0.2532,90.0
LOAN000070,2023-05-31,0,0.2547,0.6994,0.0
LOAN000681,2023-05-31,0,0.0162,0.6037,0.0
LOAN000379,2023-05-31,30,0.1294,0.2511,0.0
LOAN000225,2023-05-31,30,0.2843,0.7836,0.0
LOAN000425,2023-05-31,0,0.0713,0.2473,0.0
LOAN000469,2023-05-31,0,0.2791,0.5319,0.0
LOAN000808,2023-05-31,0,0.092,0.5042,0.0
LOAN000563,2023-05-31,0,0.2708,0.5542,0.0
LOAN000742,2023-05-31,0,0.1783,0.654,0.0
LOAN000849,2023-05-31,0,0.2666,0.7966,0.0
LOAN000131,2023-05-31,0,0.1688,0.892,0.0
LOAN000157,2023-05-31,0,0.0257,0.7578,0.0
LOAN000635,2023-05-31,0,0.156,0.4568,30.0
LOAN000175,2023-05-31,0,0.1941,0.7792,0.0
LOAN000519,2023-05-31,0,0.0984,0.5346,0.0
LOAN000273,2023-05-31,60,0.0938,0.3861,90.0
LOAN000605,2023-05-31,0,0.1671,0.449,60.0
LOAN000178,2023-05-31,0,0.1528,0.552,0.0
LOAN000092,2023-05-31,0,0.2992,0.2833,0.0
LOAN000264,2023-05-31,30,0.2113,0.3611,30.0
LOAN000247,2023-05-31,30,0.0189,0.5951,
LOAN000517,2023-05-31,60,0.2683,0.6322,30.0
LOAN000971,2023-05-31,0,0.1871,0.3721,60.0
LOAN000731,2023-05-31,0,0.1256,0.5934,0.0
LOAN000586,2023-05-31,0,0.137,0.2975,
LOAN000786,2023-05-31,0,0.2595,0.2242,0.0
LOAN000290,2023-05-31,30,0.0437,0.3668,0.0
LOAN000419,2023-05-31,0,0.1567,0.5497,0.0
LOAN000475,2023-05-31,30,0.2054,0.4099,30.0
LOAN000913,2023-05-31,60,0.2005,0.6126,0.0
LOAN000889,2023-05-31,0,0.1573,0.8479,0.0
LOAN000782,2023-05-31,60,0.0858,0.7127,0.0
LOAN000697,2023-05-31,0,0.2991,0.6626,0.0
LOAN000672,2023-05-31,30,0.2637,0.3861,90.0
LOAN000703,2023-05-31,0,0.0384,0.2909,0.0
LOAN000050,2023-05-31,30,0.0497,0.2106,
LOAN000258,2023-05-31,0,0.1934,0.8927,0.0
LOAN000933,2023-05-31,0,0.0904,0.4815,60.0
LOAN000880,2023-05-31,0,0.2382,0.3037,0.0
LOAN000872,2023-05-31,0,0.2161,0.3542,30.0
LOAN000552,2023-05-31,30,0.2814,0.5957,
LOAN000337,2023-05-31,30,0.2865,0.742,0.0
LOAN000451,2023-05-31,0,0.298,0.4273,0.0
LOAN000470,2023-05-31,90,0.1535,0.8508,0.0
LOAN000029,2023-05-31,0,0.0197,0.545,0.0
LOAN000235,2023-05-31,0,0.1844,0.8978,0.0
LOAN000137,2023-05-31,0,0.0662,0.8197,
LOAN000788,2023-05-31,0,0.0981,0.4131,
LOAN000921,2023-05-31,0,0.2,0.2966,0.0
LOAN000892,2023-05-31,0,0.036,0.75,
LOAN000061,2023-05-31,0,0.1305,0.7035,0.0
LOAN000046,2023-05-31,0,0.0606,0.3607,0.0
LOAN000637,2023-05-31,0,0.0703,0.8707,
LOAN000780,2023-05-31,0,0.0607,0.4362,90.0
LOAN000650,2023-05-31,60,0.1635,0.4955,0.0
LOAN000214,2023-05-31,30,0.2062,0.3716,
LOAN000657,2023-05-31,30,0.2185,0.3086,0.0
LOAN000523,2023-05-31,0,0.1727,0.5213,0.0
LOAN000033,2023-05-31,0,0.2841,0.7256,30.0
LOAN000517,2023-05-31,0,0.1345,0.8679,60.0
LOAN000875,2023-05-31,0,0.266,0.6083,
LOAN000611,2023-05-31,30,0.0911,0.335,0.0
LOAN000877,2023-05-31,90,0.1108,0.2973,
LOAN000254,2023-05-31,0,0.2506,0.4914,0.0
LOAN000680,2023-05-31,0,0.0998,0.6472,30.0
LOAN000691,2023-05-31,0,0.2365,0.6058,90.0
LOAN000747,2023-05-31,60,0.1952,0.2164,
LOAN000850,2023-05-31,0,0.1409,0.4865,0.0
LOAN000112,2023-05-31,0,0.1222,0.266,0.0
LOAN000632,2023-05-31,0,0.0821,0.8072,30.0
LOAN000447,2023-05-31,30,0.2197,0.2061,0.0
LOAN000689,2023-05-31,0,0.0785,0.7902,
LOAN000728,2023-05-31,0,0.0901,0.8501,0.0
LOAN000957,2023-05-31,0,0.1817,0.2081,0.0
LOAN000547,2023-05-31,0,0.2184,0.8174,0.0
LOAN000410,2023-05-31,0,0.1013,0.6227,30.0
LOAN000578,2023-05-31,90,0.0615,0.883,60.0
LOAN000893,2023-05-31,0,0.1153,0.5887,0.0
LOAN000157,2023-05-31,0,0.2554,0.3216,0.0
LOAN000067,2023-05-31,0,0.1523,0.6732,90.0
LOAN000170,2023-05-31,0,0.2764,0.2775,30.0
LOAN000298,2023-05-31,0,0.0823,0.8711,0.0
LOAN000167,2023-05-31,0,0.036,0.6414,60.0
LOAN000926,2023-05-31,0,0.2265,0.4552,0.0
LOAN000889,2023-05-31,30,0.2662,0.2207,0.0
LOAN000473,2023-05-31,0,0.0904,0.4698,0.0
LOAN000831,2023-05-31,90,0.1353,0.3502,0.0
LOAN000965,2023-05-31,0,0.1488,0.3123,
LOAN000909,2023-05-31,30,0.0222,0.3436,0.0
LOAN000019,2023-05-31,60,0.2069,0.4094,60.0
LOAN000236,2023-05-31,0,0.0641,0.7001,0.0
LOAN000270,2023-05-31,0,0.1939,0.2207,
LOAN000808,2023-05-31,0,0.0612,0.343,0.0
LOAN000474,2023-05-31,90,0.2814,0.4877,0.0
LOAN000337,2023-05-31,0,0.0122,0.6634,30.0
LOAN000332,2023-05-31,0,0.1885,0.3207,0.0
LOAN000318,2023-05-31,90,0.1337,0.5444,60.0
LOAN000027,2023-05-31,0,0.2332,0.4345,0.0
LOAN000334,2023-05-31,0,0.0404,0.8412,0.0
LOAN000554,2023-05-31,0,0.0683,0.724,
LOAN000736,2023-05-31,0,0.1906,0.7459,0.0
LOAN000691,2023-05-31,0,0.0162,0.3592,0.0
LOAN000885,2023-05-31,0,0.0254,0.5797,0.0
LOAN000862,2023-05-31,0,0.0888,0.6391,
LOAN000934,2023-05-31,0,0.1156,0.3646,60.0
LOAN000541,2023-05-31,30,0.1988,0.6317,0.0
LOAN000681,2023-05-31,0,0.0403,0.6545,0.0
LOAN000800,2023-05-31,0,0.0234,0.5529,0.0
LOAN000988,2023-05-31,0,0.2325,0.7487,0.0
LOAN000986,2023-05-31,0,0.0644,0.357,0.0
LOAN000669,2023-05-31,0,0.2505,0.6231,90.0
LOAN000512,2023-05-31,0,0.0955,0.5299,0.0
LOAN000016,2023-05-31,0,0.1363,0.5456,60.0
LOAN000717,2023-05-31,0,0.2956,0.6229,0.0
LOAN000854,2023-05-31,0,0.036,0.5867,0.0
LOAN000186,2023-05-31,0,0.0242,0.4204,30.0
LOAN000350,2023-05-31,60,0.066,0.4342,0.0
LOAN000057,2023-05-31,0,0.1459,0.6193,0.0
LOAN000606,2023-05-31,0,0.1962,0.4569,
LOAN000896,2023-05-31,0,0.217,0.8955,0.0
LOAN000328,2023-05-31,0,0.1293,0.33,30.0
LOAN000924,2023-05-31,30,0.0179,0.7326,0.0
LOAN000435,2023-05-31,60,0.1027,0.7931,60.0
LOAN000556,2023-05-31,0,0.2937,0.5741,0.0
LOAN000612,2023-05-31,30,0.258,0.7704,0.0
LOAN000104,2023-05-31,90,0.2856,0.3841,0.0
LOAN000648,2023-05-31,60,0.1896,0.7406,0.0
LOAN000818,2023-05-31,0,0.1956,0.7585,0.0
LOAN000944,2023-05-31,0,0.097,0.4457,0.0
LOAN000288,2023-05-31,0,0.2709,0.819,0.0
LOAN000069,2023-05-31,0,0.1758,0.526,0.0
LOAN000010,2023-05-31,0,0.0854,0.4932,0.0
LOAN000125,2023-05-31,0,0.1482,0.8862,0.0
LOAN000845,2023-05-31,0,0.1867,0.829,30.0
LOAN000025,2023-05-31,0,0.1387,0.8043,30.0
LOAN000987,2023-05-31,0,0.0556,0.5204,0.0
LOAN000009,2023-05-31,30,0.2574,0.4142,30.0
LOAN000035,2023-05-31,60,0.2112,0.6028,0.0
LOAN000448,2023-05-31,0,0.1812,0.3247,0.0
LOAN000159,2023-05-31,0,0.293,0.3554,0.0
LOAN000292,2023-05-31,30,0.2982,0.2079,
LOAN000532,2023-05-31,0,0.2944,0.6544,60.0
LOAN000403,2023-05-31,30,0.0221,0.3182,
LOAN000491,2023-05-31,0,0.2849,0.7325,0.0
LOAN000155,2023-05-31,60,0.1014,0.3781,90.0
LOAN000171,2023-05-31,0,0.1995,0.8425,0.0
LOAN000974,2023-05-31,30,0.2996,0.7429,0.0
LOAN000019,2023-05-31,0,0.2649,0.6326,60.0
LOAN000796,2023-05-31,30,0.0601,0.3923,0.0
LOAN000344,2023-05-31,0,0.1496,0.3137,60.0
LOAN000892,2023-05-31,0,0.0369,0.2724,0.0
LOAN000574,2023-05-31,60,0.0155,0.6635,0.0
LOAN000684,2023-05-31,0,0.2692,0.6234,30.0
LOAN000234,2023-05-31,0,0.1342,0.3052,
LOAN000565,2023-05-31,30,0.1139,0.6733,
LOAN000076,2023-05-31,90,0.2705,0.7916,0.0
LOAN000281,2023-05-31,0,0.1531,0.8503,0.0
LOAN000667,2023-05-31,0,0.295,0.8329,0.0
LOAN000580,2023-05-31,30,0.0518,0.8991,0.0
LOAN000690,2023-05-31,0,0.1688,0.2419,0.0
LOAN000257,2023-05-31,0,0.1128,0.8419,0.0
LOAN000406,2023-05-31,0,0.0117,0.6375,0.0
LOAN000377,2023-05-31,30,0.2442,0.3334,0.0
LOAN000958,2023-05-31,0,0.136,0.2247,0.0
LOAN000299,2023-05-31,30,0.1504,0.4353,30.0
LOAN000713,2023-05-31,0,0.2676,0.2814,0.0
LOAN000398,2023-05-31,30,0.0297,0.8999,
LOAN000356,2023-05-31,0,0.1926,0.6662,60.0
LOAN000052,2023-05-31,0,0.2471,0.8616,
LOAN000043,2023-05-31,0,0.1654,0.4324,
LOAN000634,2023-05-31,90,0.2853,0.3512,0.0
LOAN000692,2023-05-31,0,0.0356,0.3729,
LOAN000355,2023-05-31,0,0.2239,0.5809,60.0
LOAN000979,2023-05-31,0,0.2602,0.4161,0.0
LOAN000457,2023-05-31,60,0.0597,0.3146,0.0
LOAN000417,2023-05-31,0,0.0725,0.5392,0.0
LOAN000108,2023-05-31,0,0.1548,0.5323,0.0
LOAN000904,2023-05-31,0,0.139,0.7735,0.0
LOAN000682,2023-05-31,0,0.1945,0.6074,0.0
LOAN000817,2023-05-31,0,0.236,0.2772,0.0
LOAN000561,2023-05-31,0,0.1429,0.5559,0.0
LOAN000007,2023-05-31,0,0.0385,0.8239,0.0
LOAN000707,2023-05-31,0,0.0822,0.6284,0.0
LOAN000545,2023-05-31,0,0.0608,0.315,0.0
LOAN000602,2023-05-31,0,0.2022,0.7532,30.0
LOAN000759,2023-05-31,0,0.2222,0.3896,0.0
LOAN000742,2023-05-31,90,0.1479,0.4224,0.0
LOAN000559,2023-05-31,30,0.2541,0.3634,
LOAN000295,2023-05-31,0,0.1222,0.7743,0.0
LOAN000665,2023-05-31,0,0.1897,0.7309,0.0
LOAN000194,2023-05-31,60,0.2943,0.617,0.0
LOAN000386,2023-05-31,30,0.2023,0.3209,0.0
LOAN000011,2023-05-31,30,0.1485,0.5545,0.0
LOAN000966,2023-05-31,60,0.2588,0.7548,0.0
LOAN000767,2023-05-31,0,0.0542,0.8871,60.0
LOAN000669,2023-05-31,0,0.2037,0.8151,0.0
LOAN000679,2023-05-31,0,0.2515,0.5575,30.0
LOAN000154,2023-05-31,0,0.2101,0.7032,
LOAN000558,2023-05-31,0,0.0818,0.3296,30.0
LOAN000857,2023-05-31,60,0.0395,0.7467,0.0
LOAN000597,2023-05-31,30,0.1633,0.5707,0.0
LOAN000237,2023-05-31,0,0.0684,0.8971,0.0
LOAN000501,2023-05-31,0,0.234,0.5886,0.0
LOAN000470,2023-05-31,30,0.0798,0.8709,90.0
LOAN000126,2023-05-31,0,0.1847,0.6065,0.0
LOAN000197,2023-05-31,0,0.2793,0.388,30.0
LOAN000431,2023-05-31,30,0.2291,0.5966,0.0
LOAN000051,2023-05-31,30,0.1472,0.6967,0.0
LOAN000721,2023-05-31,60,0.2265,0.2194,60.0
LOAN000961,2023-05-31,60,0.164,0.7886,30.0
LOAN000634,2023-05-31,0,0.2894,0.6888,90.0
LOAN000409,2023-05-31,0,0.1966,0.3982,0.0
LOAN000290,2023-05-31,0,0.0752,0.4638,30.0
LOAN000649,2023-05-31,0,0.0335,0.7677,60.0
LOAN000969,2023-05-31,0,0.0855,0.61,
LOAN000017,2023-05-31,30,0.0945,0.2313,0.0
LOAN000580,2023-05-31,60,0.0519,0.3811,30.0
LOAN000392,2023-05-31,0,0.2676,0.6748,0.0
LOAN000938,2023-05-31,0,0.1724,0.7353,0.0
LOAN000305,2023-05-31,60,0.1292,0.2091,0.0
LOAN000759,2023-05-31,60,0.2713,0.5938,0.0
LOAN000407,2023-05-31,0,0.043,0.4722,60.0
LOAN000488,2023-05-31,90,0.1253,0.2445,0.0
LOAN000091,2023-05-31,0,0.138,0.8546,
LOAN000581,2023-05-31,0,0.0357,0.3529,
LOAN000580,2023-05-31,60,0.2141,0.3116,60.0
LOAN000790,2023-05-31,0,0.1139,0.2272,60.0
LOAN000385,2023-05-31,0,0.1312,0.7962,30.0
LOAN000389,2023-05-31,0,0.0803,0.3921,0.0
LOAN000799,2023-05-31,0,0.1054,0.5046,0.0
LOAN000652,2023-05-31,0,0.0251,0.3466,30.0
LOAN000502,2023-05-31,0,0.2443,0.5352,
LOAN000744,2023-05-31,0,0.267,0.7618,
LOAN000583,2023-05-31,0,0.2255,0.6833,60.0
LOAN000714,2023-05-31,0,0.0498,0.8463,
LOAN000410,2023-05-31,0,0.0388,0.6404,0.0
LOAN000080,2023-05-31,30,0.0281,0.6289,0.0
LOAN000666,2023-05-31,0,0.1991,0.2145,30.0
LOAN000894,2023-05-31,0,0.2157,0.7982,
LOAN000574,2023-05-31,0,0.0753,0.4844,60.0
LOAN000448,2023-05-31,0,0.1677,0.8976,0.0
LOAN000257,2023-05-31,30,0.0779,0.7572,0.0
LOAN000688,2023-05-31,0,0.145,0.8512,
LOAN000210,2023-05-31,0,0.0603,0.3136,0.0
LOAN000990,2023-05-31,0,0.102,0.8028,0.0
LOAN000799,2023-05-31,0,0.0824,0.2617,0.0
LOAN000216,2023-05-31,30,0.1424,0.2406,0.0
LOAN000401,2023-05-31,0,0.2601,0.2387,0.0
LOAN000244,2023-05-31,0,0.0952,0.2153,0.0
LOAN000845,2023-05-31,0,0.0209,0.5215,0.0
LOAN000896,2023-05-31,60,0.1971,0.6803,0.0
LOAN000226,2023-05-31,30,0.2421,0.8144,0.0
LOAN000914,2023-05-31,60,0.2569,0.2797,0.0
LOAN000789,2023-05-31,60,0.0762,0.5928,0.0
LOAN000282,2023-05-31,60,0.2123,0.4131,0.0
LOAN000564,2023-05-31,0,0.0797,0.497,0.0
LOAN000084,2023-05-31,0,0.1421,0.8904,0.0
LOAN000673,2023-05-31,30,0.1507,0.5214,
LOAN000060,2023-05-31,0,0.1513,0.6794,0.0
LOAN000184,2023-05-31,0,0.2697,0.8124,0.0
LOAN000523,2023-05-31,0,0.1471,0.6102,0.0
LOAN000472,2023-05-31,0,0.0768,0.5689,0.0
LOAN000413,2023-05-31,0,0.0514,0.4346,0.0
LOAN000432,2023-05-31,60,0.2385,0.748,30.0
LOAN000317,2023-05-31,0,0.259,0.4801,30.0
LOAN000128,2023-05-31,0,0.0538,0.8471,30.0
LOAN000781,2023-05-31,0,0.1886,0.2728,0.0
LOAN000449,2023-05-31,0,0.1618,0.431,30.0
LOAN000558,2023-05-31,30,0.2572,0.4175,0.0
LOAN000856,2023-05-31,30,0.1956,0.7286,0.0
LOAN000309,2023-05-31,0,0.2051,0.8048,60.0
LOAN000453,2023-05-31,60,0.0382,0.3795,0.0
LOAN000880,2023-05-31,60,0.033,0.2977,0.0
LOAN000885,2023-05-31,0,0.256,0.2638,0.0
LOAN000320,2023-05-31,60,0.1708,0.8376,
LOAN000982,2023-05-31,0,0.2572,0.3588,0.0
LOAN000707,2023-05-31,0,0.2304,0.2483,0.0
LOAN000455,2023-05-31,30,0.2875,0.5798,
LOAN000837,2023-05-31,0,0.1749,0.8947,60.0
LOAN000297,2023-05-31,0,0.1027,0.2619,0.0
LOAN000548,2023-05-31,0,0.2094,0.5742,
LOAN000919,2023-05-31,90,0.2963,0.5684,30.0
LOAN000540,2023-05-31,0,0.2329,0.2581,0.0
LOAN000038,2023-06-30,30,0.1226,0.6998,60.0
LOAN000426,2023-06-30,60,0.1319,0.7232,30.0
LOAN000244,2023-06-30,90,0.0548,0.7828,0.0
LOAN000673,2023-06-30,0,0.2349,0.7306,30.0
LOAN000659,2023-06-30,30,0.0222,0.7625,0.0
LOAN000956,2023-06-30,30,0.0339,0.5961,90.0
LOAN000233,2023-06-30,0,0.1993,0.6342,0.0
LOAN000807,2023-06-30,30,0.1705,0.5059,60.0
LOAN000545,2023-06-30,0,0.085,0.3639,0.0
LOAN000371,2023-06-30,0,0.2036,0.6405,60.0
LOAN000065,2023-06-30,0,0.036,0.2606,0.0
LOAN000753,2023-06-30,30,0.2095,0.8511,0.0
LOAN000338,2023-06-30,60,0.2755,0.7041,
LOAN000920,2023-06-30,0,0.2914,0.5779,60.0
LOAN000429,2023-06-30,0,0.2644,0.7616,0.0
LOAN000396,2023-06-30,0,0.1931,0.3407,60.0
LOAN000413,2023-06-30,0,0.2699,0.3139,0.0
LOAN000214,2023-06-30,0,0.0931,0.8584,30.0
LOAN000687,2023-06-30,0,0.2848,0.7477,
LOAN000644,2023-06-30,0,0.1941,0.5464,0.0
LOAN000430,2023-06-30,0,0.1486,0.265,0.0
LOAN000470,2023-06-30,0,0.2759,0.6867,30.0
LOAN000854,2023-06-30,30,0.2069,0.867,0.0
LOAN000956,2023-06-30,0,0.2004,0.2136,30.0
LOAN000518,2023-06-30,0,0.1352,0.7722,0.0
LOAN000258,2023-06-30,0,0.0366,0.7621,0.0
LOAN000314,2023-06-30,60,0.0967,0.8413,0.0
LOAN000418,2023-06-30,0,0.1544,0.877,0.0
LOAN000017,2023-06-30,0,0.0372,0.2376,30.0
LOAN000532,2023-06-30,0,0.0587,0.6442,0.0
LOAN000227,2023-06-30,30,0.2199,0.5506,30.0
LOAN000700,2023-06-30,0,0.1097,0.3302,0.0
LOAN000159,2023-06-30,30,0.1731,0.4767,0.0
LOAN000750,2023-06-30,0,0.2862,0.4091,60.0
LOAN000520,2023-06-30,0,0.2653,0.8044,0.0
LOAN000736,2023-06-30,0,0.1804,0.5767,0.0
LOAN000846,2023-06-30,0,0.202,0.4309,60.0
LOAN000083,2023-06-30,90,0.1185,0.6148,60.0
LOAN000324,2023-06-30,0,0.0833,0.4635,0.0
LOAN000573,2023-06-30,0,0.0466,0.5931,60.0
LOAN000815,2023-06-30,0,0.1876,0.715,0.0
LOAN000400,2023-06-30,60,0.0511,0.8504,
LOAN000850,2023-06-30,0,0.1434,0.3427,0.0
LOAN000838,2023-06-30,0,0.0343,0.2421,
LOAN000259,2023-06-30,30,0.2226,0.6133,0.0
LOAN000204,2023-06-30,0,0.1023,0.8223,0.0
LOAN000295,2023-06-30,0,0.1131,0.4402,0.0
LOAN000414,2023-06-30,0,0.2263,0.7633,30.0
LOAN000407,2023-06-30,30,0.0651,0.8324,0.0
LOAN000518,2023-06-30,0,0.0307,0.5266,0.0
LOAN000566,2023-06-30,0,0.113,0.3279,
LOAN000123,2023-06-30,0,0.1111,0.3341,0.0
LOAN000315,2023-06-30,0,0.2757,0.3517,0.0
LOAN000309,2023-06-30,0,0.0666,0.5649,0.0
LOAN000047,2023-06-30,30,0.0848,0.2587,0.0
LOAN000557,2023-06-30,90,0.1957,0.8359,0.0
LOAN000153,2023-06-30,30,0.1415,0.2819,0.0
LOAN000749,2023-06-30,0,0.0375,0.4972,0.0
LOAN000006,2023-06-30,0,0.1573,0.838,0.0
LOAN000438,2023-06-30,90,0.2407,0.2591,
LOAN000496,2023-06-30,60,0.2714,0.6348,0.0
LOAN000340,2023-06-30,0,0.1033,0.6486,0.0
LOAN000308,2023-06-30,0,0.1267,0.6334,
LOAN000054,2023-06-30,0,0.1112,0.5779,0.0
LOAN000985,2023-06-30,0,0.2203,0.286,0.0
LOAN000901,2023-06-30,30,0.2123,0.7573,0.0
LOAN000855,2023-06-30,30,0.2309,0.2009,0.0
LOAN000175,2023-06-30,0,0.2604,0.8677,0.0
LOAN000077,2023-06-30,0,0.2875,0.771,0.0
LOAN000612,2023-06-30,90,0.2436,0.7905,30.0
LOAN000351,2023-06-30,60,0.0672,0.8362,90.0
LOAN000773,2023-06-30,0,0.0464,0.3834,0.0
LOAN000460,2023-06-30,30,0.0473,0.4237,0.0
LOAN000497,2023-06-30,0,0.027,0.3927,90.0
LOAN000732,2023-06-30,90,0.283,0.318,0.0
LOAN000544,2023-06-30,0,0.2332,0.6131,0.0
LOAN000900,2023-06-30,0,0.0499,0.6675,60.0
LOAN000053,2023-06-30,0,0.2667,0.2171,0.0
LOAN000793,2023-06-30,0,0.1287,0.6398,0.0
LOAN000002,2023-06-30,30,0.2013,0.7696,0.0
LOAN000184,2023-06-30,0,0.1509,0.8672,0.0
LOAN000490,2023-06-30,30,0.2528,0.8616,0.0
LOAN000799,2023-06-30,30,0.1796,0.7594,0.0
LOAN000054,2023-06-30,0,0.0854,0.4489,0.0
LOAN000799,2023-06-30,0,0.2078,0.7148,30.0
LOAN000628,2023-06-30,0,0.0486,0.5776,
LOAN000761,2023-06-30,30,0.1921,0.2385,0.0
LOAN000572,2023-06-30,0,0.1607,0.4486,0.0
LOAN000168,2023-06-30,0,0.1064,0.754,60.0
LOAN000208,2023-06-30,0,0.1403,0.2027,30.0
LOAN000798,2023-06-30,0,0.2608,0.3173,30.0
LOAN000817,2023-06-30,0,0.2226,0.6649,0.0
LOAN000948,2023-06-30,0,0.0366,0.6415,0.0
LOAN000086,2023-06-30,60,0.1157,0.7839,
LOAN000879,2023-06-30,0,0.2537,0.2259,0.0
LOAN000183,2023-06-30,0,0.2253,0.7655,0.0
LOAN000695,2023-06-30,30,0.2598,0.2422,0.0
LOAN000813,2023-06-30,0,0.103,0.8881,0.0
LOAN000775,2023-06-30,0,0.2824,0.5501,0.0
LOAN000910,2023-06-30,0,0.2985,0.5228,0.0
LOAN000121,2023-06-30,0,0.0409,0.3736,0.0
LOAN000302,2023-06-30,0,0.244,0.2307,
LOAN000839,2023-06-30,30,0.111,0.8374,90.0
LOAN000206,2023-06-30,0,0.0747,0.7537,
LOAN000715,2023-06-30,30,0.2328,0.3126,0.0
LOAN000466,2023-06-30,0,0.1964,0.5961,0.0
LOAN000384,2023-06-30,30,0.1474,0.3015,0.0
LOAN000558,2023-06-30,30,0.2594,0.3247,30.0
LOAN000798,2023-06-30,30,0.2677,0.273,0.0
LOAN000526,2023-06-30,0,0.2525,0.8155,0.0
LOAN000026,2023-06-30,30,0.2391,0.6278,0.0
LOAN000696,2023-06-30,0,0.0176,0.2087,0.0
LOAN000742,2023-06-30,0,0.0362,0.2439,90.0
LOAN000556,2023-06-30,0,0.1339,0.2851,0.0
LOAN000544,2023-06-30,30,0.105,0.5691,0.0
LOAN000780,2023-06-30,30,0.0452,0.4196,0.0
LOAN000796,2023-06-30,0,0.2181,0.2364,30.0
LOAN000148,2023-06-30,30,0.2062,0.5356,0.0
LOAN000137,2023-06-30,30,0.2794,0.6041,0.0
LOAN000767,2023-06-30,0,0.2944,0.218,0.0
LOAN000375,2023-06-30,0,0.2647,0.6462,0.0
LOAN000870,2023-06-30,0,0.2243,0.7741,
LOAN000127,2023-06-30,0,0.133,0.2663,0.0
LOAN000280,2023-06-30,30,0.0413,0.2552,30.0
LOAN000345,2023-06-30,60,0.1662,0.2755,0.0
LOAN000888,2023-06-30,90,0.283,0.3579,0.0
LOAN000806,2023-06-30,0,0.0746,0.7839,0.0
LOAN000142,2023-06-30,0,0.1911,0.435,0.0
LOAN000259,2023-06-30,0,0.1388,0.2971,30.0
LOAN000615,2023-06-30,0,0.2338,0.7422,0.0
LOAN000510,2023-06-30,30,0.1766,0.6458,0.0
LOAN000725,2023-06-30,0,0.0256,0.7085,30.0
LOAN000075,2023-06-30,0,0.1546,0.8651,0.0
LOAN000919,2023-06-30,0,0.1502,0.7887,90.0
LOAN000460,2023-06-30,0,0.141,0.7051,30.0
LOAN000240,2023-06-30,0,0.2031,0.3228,60.0
LOAN000625,2023-06-30,0,0.1044,0.8415,30.0
LOAN000611,2023-06-30,0,0.1834,0.7077,30.0
LOAN000062,2023-06-30,30,0.1194,0.4383,90.0
LOAN000847,2023-06-30,0,0.1235,0.8261,0.0
LOAN000573,2023-06-30,0,0.1245,0.3234,0.0
LOAN000600,2023-06-30,0,0.177,0.4474,30.0
LOAN000885,2023-06-30,90,0.0416,0.5001,0.0
LOAN000053,2023-06-30,30,0.194,0.8868,0.0
LOAN000124,2023-06-30,0,0.071,0.337,0.0
LOAN000435,2023-06-30,30,0.2053,0.8815,60.0
LOAN000466,2023-06-30,60,0.2142,0.5567,0.0
LOAN000376,2023-06-30,0,0.0453,0.3803,0.0
LOAN000232,2023-06-30,0,0.2686,0.6928,0.0
LOAN000663,2023-06-30,90,0.0413,0.8493,60.0
LOAN000740,2023-06-30,0,0.1365,0.2572,0.0
LOAN000148,2023-06-30,60,0.1392,0.8892,30.0
LOAN000174,2023-06-30,60,0.0248,0.7758,0.0
LOAN000828,2023-06-30,0,0.2504,0.2477,30.0
LOAN000439,2023-06-30,0,0.0144,0.8327,0.0
LOAN000321,2023-06-30,0,0.046,0.4564,
LOAN000559,2023-06-30,0,0.157,0.3689,30.0
LOAN000818,2023-06-30,0,0.2086,0.4844,0.0
LOAN000066,2023-06-30,30,0.1558,0.4694,
LOAN000617,2023-06-30,0,0.2915,0.6378,60.0
LOAN000655,2023-06-30,0,0.1583,0.6997,0.0
LOAN000901,2023-06-30,0,0.2954,0.5769,30.0
LOAN000426,2023-06-30,0,0.0648,0.7634,60.0
LOAN000979,2023-06-30,0,0.1846,0.4757,0.0
LOAN000445,2023-06-30,60,0.149,0.2834,0.0
LOAN000612,2023-06-30,0,0.1316,0.334,90.0
LOAN000469,2023-06-30,30,0.1273,0.6065,0.0
LOAN000171,2023-06-30,60,0.2212,0.4119,0.0
LOAN000394,2023-06-30,30,0.0143,0.7706,0.0
LOAN000262,2023-06-30,0,0.0884,0.3881,30.0
LOAN000601,2023-06-30,0,0.1776,0.6099,
LOAN000681,2023-06-30,0,0.1279,0.2634,0.0
LOAN000237,2023-06-30,0,0.1052,0.7641,0.0
LOAN000626,2023-06-30,60,0.2436,0.5805,0.0
LOAN000969,2023-06-30,0,0.2226,0.3826,0.0
LOAN000026,2023-06-30,0,0.2502,0.6817,30.0
LOAN000258,2023-06-30,0,0.2027,0.5299,0.0
LOAN000951,2023-06-30,30,0.1063,0.8242,0.0
LOAN000524,2023-06-30,0,0.2269,0.7182,0.0
LOAN000943,2023-06-30,0,0.2555,0.8683,0.0
LOAN000101,2023-06-30,30,0.1183,0.8533,0.0
LOAN000638,2023-06-30,30,0.1765,0.2674,0.0
LOAN000791,2023-06-30,0,0.2332,0.3855,0.0
LOAN000033,2023-06-30,0,0.1501,0.2955,0.0
LOAN000611,2023-06-30,0,0.1128,0.4246,0.0
LOAN000524,2023-06-30,0,0.1926,0.6313,0.0
LOAN000497,2023-06-30,0,0.2967,0.3172,0.0
LOAN000715,2023-06-30,0,0.2302,0.4509,30.0
LOAN000174,2023-06-30,0,0.0728,0.265,60.0
LOAN000787,2023-06-30,90,0.2397,0.2126,0.0
LOAN000479,2023-06-30,30,0.0481,0.7715,60.0
LOAN000642,2023-06-30,0,0.2125,0.2314,60.0
LOAN000920,2023-06-30,0,0.1792,0.2127,0.0
LOAN000739,2023-06-30,0,0.1708,0.621,90.0
LOAN000288,2023-06-30,0,0.2109,0.8639,0.0
LOAN000075,2023-06-30,0,0.2095,0.7222,0.0
LOAN000807,2023-06-30,30,0.0956,0.3283,30.0
LOAN000270,2023-06-30,0,0.2842,0.8494,0.0
LOAN000912,2023-06-30,60,0.0127,0.2046,60.0
LOAN000671,2023-06-30,0,0.0691,0.8176,60.0
LOAN000933,2023-06-30,0,0.1874,0.5028,0.0
LOAN000637,2023-06-30,60,0.2094,0.3027,0.0
LOAN000627,2023-06-30,0,0.0477,0.3161,
LOAN000258,2023-06-30,0,0.2278,0.8587,0.0
LOAN000772,2023-06-30,30,0.2151,0.2508,
LOAN000634,2023-06-30,0,0.0899,0.3927,0.0
LOAN000811,2023-06-30,30,0.1669,0.796,0.0
LOAN000880,2023-06-30,0,0.2701,0.575,60.0
LOAN000421,2023-06-30,0,0.0645,0.8196,0.0
LOAN000511,2023-06-30,0,0.1672,0.3227,0.0
LOAN000874,2023-06-30,90,0.0667,0.8993,30.0
LOAN000076,2023-06-30,0,0.0926,0.5647,90.0
LOAN000294,2023-06-30,0,0.0166,0.4963,0.0
LOAN000374,2023-06-30,60,0.2567,0.2019,
LOAN000862,2023-06-30,0,0.1324,0.4475,0.0
LOAN000943,2023-06-30,60,0.2839,0.8456,0.0
LOAN000244,2023-06-30,30,0.2769,0.2519,90.0
LOAN000757,2023-06-30,0,0.0644,0.4412,90.0
LOAN000810,2023-06-30,0,0.0258,0.3455,30.0
LOAN000547,2023-06-30,0,0.1708,0.3641,0.0
LOAN000165,2023-06-30,0,0.0777,0.4624,0.0
LOAN000216,2023-06-30,30,0.1629,0.5561,30.0
LOAN000712,2023-06-30,0,0.159,0.6537,90.0
LOAN000894,2023-06-30,0,0.2175,0.2388,0.0
LOAN000015,2023-06-30,30,0.0137,0.3,30.0
LOAN000554,2023-06-30,30,0.0177,0.8981,0.0
LOAN000547,2023-06-30,60,0.2387,0.8882,0.0
LOAN000486,2023-06-30,0,0.2474,0.6858,0.0
LOAN000880,2023-06-30,0,0.2676,0.8042,0.0
LOAN000895,2023-06-30,0,0.254,0.2587,60.0
LOAN000929,2023-06-30,30,0.0656,0.6857,0.0
LOAN000121,2023-06-30,0,0.2901,0.6445,0.0
LOAN000001,2023-06-30,0,0.2207,0.48,0.0
LOAN000453,2023-06-30,0,0.1208,0.3938,60.0
LOAN000045,2023-06-30,0,0.1237,0.2282,
LOAN000330,2023-06-30,90,0.294,0.7889,
LOAN000156,2023-06-30,30,0.1021,0.3899,
LOAN000175,2023-06-30,0,0.2281,0.5368,0.0
LOAN000316,2023-06-30,60,0.2045,0.5889,0.0
LOAN000418,2023-06-30,0,0.1749,0.2481,0.0
LOAN000282,2023-06-30,0,0.2609,0.4081,60.0
LOAN000756,2023-06-30,0,0.0802,0.5277,0.0
LOAN000862,2023-06-30,0,0.1812,0.2824,0.0
LOAN000654,2023-06-30,0,0.0617,0.8259,
LOAN000425,2023-06-30,0,0.0793,0.3466,0.0
LOAN000635,2023-06-30,0,0.1739,0.6967,0.0
LOAN000745,2023-06-30,0,0.0366,0.3809,30.0
LOAN000664,2023-06-30,30,0.2766,0.5484,
LOAN000880,2023-06-30,0,0.0495,0.8171,0.0
LOAN000673,2023-06-30,0,0.0266,0.8848,0.0
LOAN000683,2023-06-30,0,0.0727,0.8422,0.0
LOAN000395,2023-06-30,0,0.2967,0.5068,30.0
LOAN000322,2023-06-30,30,0.1722,0.7158,0.0
LOAN000327,2023-06-30,0,0.1688,0.7269,0.0
LOAN000852,2023-06-30,30,0.1723,0.3102,
LOAN000430,2023-06-30,0,0.0961,0.6706,0.0
LOAN000377,2023-06-30,60,0.0934,0.6419,30.0
LOAN000475,2023-06-30,0,0.0287,0.4525,30.0
LOAN000726,2023-06-30,0,0.1942,0.44,30.0
LOAN000772,2023-06-30,0,0.2844,0.4004,30.0
LOAN000601,2023-06-30,0,0.2893,0.5739,0.0
LOAN000340,2023-06-30,0,0.117,0.8606,0.0
LOAN000282,2023-06-30,0,0.2548,0.4714,0.0
LOAN000218,2023-06-30,0,0.059,0.7596,0.0
LOAN000426,2023-06-30,0,0.0102,0.585,0.0
LOAN000257,2023-06-30,0,0.0865,0.5627,30.0
LOAN000177,2023-06-30,0,0.2452,0.514,60.0
LOAN000720,2023-06-30,60,0.101,0.2352,
LOAN000965,2023-06-30,30,0.1577,0.8947,0.0
LOAN000001,2023-06-30,0,0.2032,0.3665,0.0
LOAN000184,2023-06-30,90,0.2394,0.4502,0.0
LOAN000882,2023-06-30,0,0.1425,0.2465,0.0
LOAN000976,2023-06-30,0,0.152,0.7917,0.0
LOAN000225,2023-06-30,0,0.0952,0.3861,30.0
LOAN000929,2023-06-30,0,0.1123,0.6187,30.0
LOAN000715,2023-06-30,0,0.0602,0.8251,0.0
LOAN000550,2023-06-30,60,0.1315,0.3685,0.0
LOAN000786,2023-06-30,0,0.0449,0.6993,0.0
LOAN000654,2023-06-30,0,0.1126,0.3017,0.0
LOAN000103,2023-06-30,0,0.2254,0.7326,0.0
LOAN000956,2023-06-30,0,0.2548,0.8908,0.0
LOAN000401,2023-06-30,0,0.1428,0.764,0.0
LOAN000304,2023-06-30,0,0.247,0.6324,
LOAN000922,2023-06-30,0,0.2214,0.7918,0.0
LOAN000876,2023-06-30,0,0.0186,0.5489,30.0
LOAN000987,2023-06-30,90,0.1373,0.407,0.0
LOAN000983,2023-06-30,60,0.0678,0.2254,0.0
LOAN000714,2023-06-30,0,0.0508,0.6827,0.0
LOAN000139,2023-06-30,30,0.1321,0.4983,0.0
LOAN000182,2023-06-30,0,0.1425,0.3302,0.0
LOAN000632,2023-06-30,0,0.2437,0.2531,0.0
LOAN000890,2023-06-30,0,0.0214,0.3625,0.0
LOAN000047,2023-06-30,90,0.2205,0.6387,30.0
LOAN000629,2023-06-30,0,0.0374,0.5942,0.0
LOAN000044,2023-06-30,0,0.2446,0.7791,0.0
LOAN000642,2023-06-30,0,0.1136,0.7635,0.0
LOAN000143,2023-06-30,0,0.1652,0.4283,0.0
LOAN000273,2023-06-30,90,0.2555,0.849,60.0
LOAN000926,2023-06-30,0,0.269,0.6011,0.0
LOAN000638,2023-06-30,30,0.0848,0.4369,30.0
LOAN000551,2023-06-30,60,0.1062,0.5807,0.0
LOAN000936,2023-06-30,0,0.0282,0.8938,0.0
LOAN000584,2023-06-30,90,0.0867,0.8164,
LOAN000867,2023-06-30,30,0.0663,0.7314,0.0
LOAN000494,2023-06-30,0,0.0879,0.8166,0.0
LOAN000389,2023-06-30,0,0.2634,0.5856,0.0
LOAN000307,2023-06-30,60,0.1643,0.8239,
LOAN000159,2023-06-30,60,0.2899,0.2723,30.0
LOAN000567,2023-06-30,30,0.2888,0.3246,0.0
LOAN000284,2023-06-30,30,0.1952,0.2798,0.0
LOAN000355,2023-06-30,30,0.1473,0.8026,0.0
LOAN000330,2023-06-30,0,0.112,0.545,90.0
LOAN000164,2023-06-30,0,0.2345,0.8991,0.0
LOAN000325,2023-06-30,0,0.1727,0.3034,60.0
LOAN000941,2023-06-30,60,0.1798,0.2999,0.0
LOAN000526,2023-06-30,0,0.1604,0.3327,0.0
LOAN000172,2023-06-30,60,0.168,0.2521,0.0
LOAN000108,2023-06-30,0,0.2457,0.8265,0.0
LOAN000537,2023-06-30,0,0.0183,0.4104,
LOAN000764,2023-06-30,60,0.0418,0.3683,0.0
LOAN000340,2023-06-30,0,0.0938,0.8755,0.0
LOAN000915,2023-06-30,0,0.014,0.8165,0.0
LOAN000045,2023-06-30,0,0.1357,0.5258,0.0
LOAN000123,2023-06-30,0,0.0589,0.5015,0.0
LOAN000531,2023-06-30,60,0.2454,0.8203,30.0
LOAN000011,2023-06-30,0,0.0439,0.4766,30.0
LOAN000576,2023-06-30,0,0.0671,0.4469,0.0
LOAN000804,2023-06-30,0,0.1847,0.2854,0.0
LOAN000539,2023-06-30,90,0.1025,0.4575,
LOAN000787,2023-06-30,0,0.2768,0.2152,90.0
LOAN000137,2023-06-30,0,0.0745,0.296,30.0
LOAN000040,2023-06-30,90,0.1149,0.2428,60.0
LOAN000743,2023-06-30,90,0.0356,0.5154,0.0
LOAN000557,2023-06-30,0,0.218,0.4237,90.0
LOAN000053,2023-06-30,0,0.157,0.5889,30.0
LOAN000957,2023-06-30,30,0.112,0.6361,0.0
LOAN000226,2023-06-30,0,0.0806,0.6984,30.0
LOAN000760,2023-06-30,0,0.1475,0.8981,30.0
LOAN000018,2023-06-30,0,0.1094,0.6407,90.0
LOAN000400,2023-06-30,0,0.2747,0.2512,60.0
LOAN000775,2023-06-30,30,0.0637,0.494,0.0
LOAN000868,2023-06-30,0,0.1862,0.8183,60.0
LOAN000939,2023-06-30,30,0.2038,0.6304,0.0
LOAN000990,2023-06-30,0,0.299,0.8577,0.0
LOAN000076,2023-06-30,30,0.0309,0.5795,0.0
LOAN000107,2023-06-30,0,0.0713,0.2526,
LOAN000300,2023-06-30,30,0.2336,0.2649,0.0
LOAN000262,2023-06-30,0,0.0505,0.2542,0.0
LOAN000767,2023-06-30,0,0.0742,0.5373,0.0
LOAN000388,2023-06-30,0,0.2371,0.2977,0.0
LOAN000484,2023-06-30,0,0.1573,0.2809,0.0
LOAN000608,2023-06-30,0,0.1291,0.7193,0.0
LOAN000333,2023-06-30,0,0.2423,0.6983,0.0
LOAN000991,2023-06-30,0,0.1421,0.8404,
LOAN000617,2023-06-30,30,0.2007,0.2726,0.0
LOAN000190,2023-06-30,60,0.0587,0.7678,0.0
LOAN000936,2023-06-30,60,0.172,0.2197,0.0
LOAN000933,2023-06-30,0,0.0734,0.5887,0.0
LOAN000277,2023-06-30,60,0.2307,0.609,30.0
LOAN000721,2023-06-30,0,0.0387,0.2577,60.0
LOAN000587,2023-06-30,0,0.0194,0.8493,0.0
LOAN000916,2023-06-30,30,0.107,0.7862,0.0
LOAN000344,2023-06-30,0,0.1884,0.8218,0.0
LOAN000499,2023-06-30,90,0.1994,0.5918,0.0
LOAN000344,2023-06-30,0,0.0373,0.2866,0.0
LOAN000742,2023-06-30,60,0.157,0.8383,0.0
LOAN000568,2023-06-30,0,0.2289,0.5756,60.0
LOAN000279,2023-06-30,30,0.0992,0.3936,30.0
LOAN000109,2023-06-30,0,0.0278,0.2777,0.0
LOAN000261,2023-06-30,30,0.164,0.3681,30.0
LOAN000058,2023-06-30,0,0.0622,0.6135,30.0
LOAN000471,2023-06-30,0,0.0166,0.5152,0.0
LOAN000527,2023-06-30,0,0.2282,0.5753,
LOAN000998,2023-06-30,0,0.1197,0.8597,0.0
LOAN000391,2023-06-30,0,0.0367,0.3781,0.0
LOAN000473,2023-06-30,60,0.173,0.604,0.0
LOAN000328,2023-06-30,0,0.1743,0.3161,0.0
LOAN000972,2023-06-30,0,0.2311,0.2079,60.0
LOAN000755,2023-06-30,0,0.1139,0.8582,60.0
LOAN000168,2023-06-30,0,0.1093,0.3954,0.0
LOAN000570,2023-06-30,0,0.0416,0.3245,60.0
LOAN000991,2023-06-30,0,0.2043,0.5468,0.0
LOAN000754,2023-06-30,30,0.214,0.8551,0.0
LOAN000333,2023-06-30,30,0.141,0.8291,0.0
LOAN000710,2023-06-30,30,0.2837,0.7184,60.0
LOAN000069,2023-06-30,0,0.0468,0.516,0.0
LOAN000227,2023-06-30,60,0.1714,0.6538,30.0
LOAN000051,2023-06-30,0,0.1728,0.7947,30.0
LOAN000187,2023-06-30,30,0.0456,0.6084,0.0
LOAN000358,2023-06-30,0,0.296,0.5638,0.0
LOAN000703,2023-06-30,0,0.2227,0.3362,0.0
LOAN000174,2023-06-30,0,0.2704,0.7646,0.0
LOAN000989,2023-06-30,0,0.0999,0.5647,0.0
LOAN000859,2023-06-30,0,0.102,0.3694,
LOAN000223,2023-06-30,0,0.242,0.4033,0.0
LOAN000116,2023-06-30,60,0.0106,0.5501,30.0
LOAN000019,2023-06-30,30,0.2667,0.4891,0.0
LOAN000772,2023-06-30,0,0.0551,0.223,0.0
LOAN000013,2023-06-30,0,0.2716,0.4507,90.0
LOAN000152,2023-06-30,0,0.2382,0.5338,90.0
LOAN000007,2023-07-31,0,0.0273,0.5725,0.0
LOAN000545,2023-07-31,90,0.2036,0.486,0.0
LOAN000256,2023-07-31,30,0.1302,0.2695,
LOAN000246,2023-07-31,30,0.1377,0.5127,0.0
LOAN000299,2023-07-31,0,0.0299,0.5169,30.0
LOAN000791,2023-07-31,0,0.2205,0.8332,0.0
LOAN000110,2023-07-31,0,0.2008,0.8023,0.0
LOAN000353,2023-07-31,30,0.28,0.8774,30.0
LOAN000084,2023-07-31,0,0.0155,0.6424,0.0
LOAN000760,2023-07-31,30,0.1331,0.518,0.0
LOAN000469,2023-07-31,0,0.144,0.6108,30.0
LOAN000224,2023-07-31,90,0.1581,0.2061,
LOAN000328,2023-07-31,90,0.1731,0.3657,0.0
LOAN000276,2023-07-31,0,0.0884,0.8372,
LOAN000074,2023-07-31,0,0.0331,0.2505,
LOAN000778,2023-07-31,0,0.1351,0.2171,90.0
LOAN000738,2023-07-31,0,0.2532,0.3234,60.0
LOAN000125,2023-07-31,60,0.0917,0.7567,0.0
LOAN000106,2023-07-31,30,0.1991,0.5981,30.0
LOAN000132,2023-07-31,0,0.286,0.842,0.0
LOAN000404,2023-07-31,30,0.1824,0.8276,0.0
LOAN000557,2023-07-31,0,0.1063,0.5736,0.0
LOAN000585,2023-07-31,0,0.2307,0.54,30.0
LOAN000668,2023-07-31,0,0.0637,0.3057,0.0
LOAN000381,2023-07-31,0,0.2987,0.7652,0.0
LOAN000306,2023-07-31,0,0.2307,0.6928,30.0
LOAN000317,2023-07-31,0,0.0887,0.2178,0.0
LOAN000672,2023-07-31,90,0.1746,0.6707,30.0
LOAN000606,2023-07-31,0,0.0168,0.2648,0.0
LOAN000329,2023-07-31,0,0.024,0.4307,30.0
LOAN000964,2023-07-31,0,0.1162,0.4326,0.0
LOAN000861,2023-07-31,0,0.1202,0.6035,0.0
LOAN000632,2023-07-31,0,0.2096,0.2571,0.0
LOAN000190,2023-07-31,60,0.068,0.3113,60.0
LOAN000907,2023-07-31,0,0.1765,0.4464,30.0
LOAN000478,2023-07-31,0,0.2567,0.6097,0.0
LOAN000760,2023-07-31,0,0.0339,0.689,30.0
LOAN000709,2023-07-31,30,0.1213,0.3846,30.0
LOAN000877,2023-07-31,0,0.1537,0.2001,90.0
LOAN000694,2023-07-31,30,0.2392,0.5869,0.0
LOAN000094,2023-07-31,0,0.067,0.2711,60.0
LOAN000183,2023-07-31,0,0.2801,0.5208,0.0
LOAN000816,2023-07-31,30,0.1568,0.6057,0.0
LOAN000317,2023-07-31,0,0.0332,0.7867,0.0
LOAN000466,2023-07-31,0,0.0755,0.7483,60.0
LOAN000019,2023-07-31,30,0.2561,0.3297,30.0
LOAN000852,2023-07-31,0,0.0807,0.3486,30.0
LOAN000420,2023-07-31,0,0.1324,0.8178,0.0
LOAN000001,2023-07-31,0,0.0565,0.7067,0.0
LOAN000294,2023-07-31,0,0.2217,0.7971,0.0
LOAN000407,2023-07-31,0,0.1787,0.5789,30.0
LOAN000829,2023-07-31,0,0.285,0.3404,0.0
LOAN000582,2023-07-31,60,0.0307,0.4092,0.0
LOAN000288,2023-07-31,30,0.1895,0.8721,0.0
LOAN000177,2023-07-31,90,0.0615,0.8306,0.0
LOAN000706,2023-07-31,0,0.1895,0.7168,0.0
LOAN000792,2023-07-31,0,0.2375,0.7132,0.0
LOAN000596,2023-07-31,60,0.1628,0.3919,30.0
LOAN000141,2023-07-31,0,0.2431,0.4913,
LOAN000438,2023-07-31,0,0.01,0.3751,90.0
LOAN000541,2023-07-31,0,0.2661,0.5808,30.0
LOAN000300,2023-07-31,60,0.0301,0.2112,30.0
LOAN000949,2023-07-31,30,0.1405,0.7566,
LOAN000399,2023-07-31,30,0.1848,0.2755,0.0
LOAN000563,2023-07-31,90,0.0416,0.6768,0.0
LOAN000742,2023-07-31,0,0.2978,0.5823,60.0
LOAN000879,2023-07-31,90,0.1662,0.8081,0.0
LOAN000547,2023-07-31,0,0.2914,0.389,60.0
LOAN000504,2023-07-31,0,0.2652,0.4654,
LOAN000278,2023-07-31,0,0.1049,0.2162,0.0
LOAN000656,2023-07-31,0,0.1908,0.4034,
LOAN000259,2023-07-31,0,0.0743,0.3081,0.0
LOAN000127,2023-07-31,0,0.2191,0.5353,0.0
LOAN000026,2023-07-31,30,0.1124,0.7809,0.0
LOAN000858,2023-07-31,0,0.1869,0.3191,
LOAN000815,2023-07-31,0,0.1588,0.6035,0.0
LOAN000501,2023-07-31,30,0.1713,0.299,0.0
LOAN000850,2023-07-31,0,0.2525,0.2636,0.0
LOAN000662,2023-07-31,60,0.1348,0.7643,0.0
LOAN000565,2023-07-31,0,0.1441,0.7723,30.0
LOAN000989,2023-07-31,0,0.0395,0.791,0.0
LOAN000320,2023-07-31,0,0.2342,0.6319,60.0
LOAN000277,2023-07-31,30,0.0916,0.229,60.0
LOAN000844,2023-07-31,30,0.2271,0.5627,0.0
LOAN000647,2023-07-31,0,0.0267,0.7627,0.0
LOAN000249,2023-07-31,0,0.1713,0.784,0.0
LOAN000844,2023-07-31,0,0.2468,0.515,30.0
LOAN000363,2023-07-31,0,0.2545,0.7052,90.0
LOAN000486,2023-07-31,0,0.1554,0.7694,0.0
LOAN000185,2023-07-31,30,0.068,0.5722,90.0
LOAN000727,2023-07-31,0,0.1906,0.6467,
LOAN000728,2023-07-31,0,0.2539,0.5462,0.0
LOAN000993,2023-07-31,0,0.0245,0.5558,
LOAN000900,2023-07-31,0,0.0623,0.6535,0.0
LOAN000279,2023-07-31,0,0.1096,0.7433,30.0
LOAN000306,2023-07-31,0,0.2258,0.6949,0.0
LOAN000712,2023-07-31,60,0.1297,0.3265,0.0
LOAN000391,2023-07-31,30,0.0996,0.3882,0.0
LOAN000616,2023-07-31,0,0.1983,0.6665,30.0
LOAN000809,2023-07-31,0,0.124,0.6969,0.0
LOAN000771,2023-07-31,60,0.2724,0.7534,0.0
LOAN000093,2023-07-31,30,0.1729,0.8429,0.0
LOAN000827,2023-07-31,0,0.1672,0.2824,0.0
LOAN000028,2023-07-31,0,0.234,0.3908,0.0
LOAN000380,2023-07-31,0,0.1445,0.431,60.0
LOAN000741,2023-07-31,0,0.1454,0.4531,0.0
LOAN000042,2023-07-31,0,0.2374,0.6602,0.0
LOAN000150,2023-07-31,30,0.2252,0.8022,0.0
LOAN000012,2023-07-31,30,0.1948,0.3335,0.0
LOAN000365,2023-07-31,30,0.0607,0.5319,30.0
LOAN000371,2023-07-31,0,0.1823,0.6105,0.0
LOAN000450,2023-07-31,90,0.2859,0.2632,
LOAN000448,2023-07-31,30,0.064,0.5639,0.0
LOAN000182,2023-07-31,60,0.2703,0.3109,0.0
LOAN000579,2023-07-31,0,0.2009,0.2422,
LOAN000377,2023-07-31,90,0.1039,0.2428,60.0
LOAN000061,2023-07-31,30,0.2016,0.4838,0.0
LOAN000431,2023-07-31,0,0.0591,0.5349,30.0
LOAN000385,2023-07-31,0,0.1175,0.3133,0.0
LOAN000375,2023-07-31,0,0.0945,0.7097,0.0
LOAN000260,2023-07-31,0,0.0804,0.5343,30.0
LOAN000348,2023-07-31,30,0.2137,0.4382,0.0
LOAN000360,2023-07-31,0,0.1484,0.6306,60.0
LOAN000735,2023-07-31,0,0.0769,0.4009,0.0
LOAN000318,2023-07-31,0,0.0533,0.4297,90.0
LOAN000591,2023-07-31,0,0.1376,0.2429,0.0
LOAN000728,2023-07-31,30,0.2672,0.4403,0.0
LOAN000500,2023-07-31,0,0.2224,0.6112,
LOAN000031,2023-07-31,0,0.2229,0.833,0.0
LOAN000811,2023-07-31,0,0.2939,0.5765,30.0
LOAN000393,2023-07-31,0,0.2279,0.3213,90.0
LOAN000383,2023-07-31,0,0.1638,0.6579,0.0
LOAN000156,2023-07-31,0,0.2357,0.7161,30.0
LOAN000925,2023-07-31,30,0.1173,0.5846,60.0
LOAN000280,2023-07-31,0,0.2894,0.7341,30.0
LOAN000314,2023-07-31,0,0.0443,0.2472,60.0
LOAN000433,2023-07-31,90,0.2562,0.8955,60.0
LOAN000185,2023-07-31,0,0.0111,0.8504,30.0
LOAN000473,2023-07-31,0,0.0663,0.4145,60.0
LOAN000847,2023-07-31,60,0.1458,0.3309,0.0
LOAN000468,2023-07-31,0,0.1172,0.5321,0.0
LOAN000315,2023-07-31,60,0.1235,0.8686,0.0
LOAN000890,2023-07-31,0,0.1625,0.3607,0.0
LOAN000037,2023-07-31,0,0.1026,0.8476,0.0
LOAN000349,2023-07-31,0,0.1403,0.718,
LOAN000835,2023-07-31,30,0.0907,0.5272,30.0
LOAN000015,2023-07-31,0,0.0141,0.2335,30.0
LOAN000164,2023-07-31,30,0.1704,0.8748,0.0
LOAN000045,2023-07-31,0,0.0846,0.75,0.0
LOAN000797,2023-07-31,60,0.2005,0.3881,0.0
LOAN000970,2023-07-31,0,0.2183,0.5232,0.0
LOAN000649,2023-07-31,0,0.0918,0.5382,0.0
LOAN000442,2023-07-31,0,0.1365,0.8553,
LOAN000819,2023-07-31,30,0.2688,0.5177,
LOAN000966,2023-07-31,0,0.086,0.7127,60.0
LOAN000630,2023-07-31,0,0.2827,0.5036,0.0
LOAN000494,2023-07-31,30,0.0997,0.8706,0.0
LOAN000208,2023-07-31,0,0.0825,0.5635,0.0
LOAN000698,2023-07-31,0,0.2158,0.2982,0.0
LOAN000947,2023-07-31,0,0.1786,0.6172,30.0
LOAN000329,2023-07-31,60,0.0646,0.8688,0.0
LOAN000597,2023-07-31,60,0.2768,0.8599,30.0
LOAN000076,2023-07-31,0,0.1135,0.6613,30.0
LOAN000299,2023-07-31,30,0.0374,0.6471,0.0
LOAN000063,2023-07-31,0,0.2148,0.6516,
LOAN000081,2023-07-31,30,0.0911,0.6636,30.0
LOAN000343,2023-07-31,0,0.2956,0.6565,30.0
LOAN000058,2023-07-31,0,0.1526,0.7033,0.0
LOAN000145,2023-07-31,0,0.2322,0.6062,
LOAN000890,2023-07-31,0,0.1039,0.771,0.0
LOAN000628,2023-07-31,0,0.0186,0.7183,0.0
LOAN000492,2023-07-31,0,0.2613,0.3136,0.0
LOAN000409,2023-07-31,60,0.0384,0.4028,0.0
LOAN000895,2023-07-31,0,0.2574,0.743,0.0
LOAN000132,2023-07-31,0,0.0487,0.8028,0.0
LOAN000269,2023-07-31,0,0.2795,0.5439,0.0
LOAN000109,2023-07-31,0,0.2566,0.6128,0.0
LOAN000187,2023-07-31,0,0.2048,0.5414,30.0
LOAN000357,2023-07-31,30,0.0445,0.734,60.0
LOAN000069,2023-07-31,0,0.098,0.6385,0.0
LOAN000851,2023-07-31,30,0.2371,0.7077,30.0
LOAN000455,2023-07-31,0,0.2692,0.6758,30.0
LOAN000106,2023-07-31,90,0.0265,0.8412,30.0
LOAN000129,2023-07-31,0,0.2844,0.7948,0.0
LOAN000497,2023-07-31,0,0.2091,0.2599,0.0
LOAN000752,2023-07-31,0,0.2105,0.6554,0.0
LOAN000358,2023-07-31,30,0.1242,0.8857,0.0
LOAN000319,2023-07-31,30,0.1337,0.8234,0.0
LOAN000779,2023-07-31,0,0.1167,0.4487,
LOAN000152,2023-07-31,30,0.2467,0.4624,0.0
LOAN000935,2023-07-31,0,0.2821,0.8354,0.0
LOAN000798,2023-07-31,0,0.2485,0.788,30.0
LOAN000511,2023-07-31,0,0.2828,0.4346,0.0
LOAN000397,2023-07-31,0,0.2327,0.5004,30.0
LOAN000466,2023-07-31,30,0.2506,0.2917,0.0
LOAN000436,2023-07-31,30,0.0765,0.4731,90.0
LOAN000399,2023-07-31,30,0.1121,0.3422,30.0
LOAN000603,2023-07-31,0,0.2933,0.3836,0.0
LOAN000195,2023-07-31,60,0.0605,0.3736,
LOAN000597,2023-07-31,0,0.2511,0.7573,60.0
LOAN000124,2023-07-31,0,0.0278,0.6903,0.0
LOAN000464,2023-07-31,0,0.1091,0.4809,0.0
LOAN000814,2023-07-31,60,0.034,0.7493,0.0
LOAN000325,2023-07-31,0,0.2044,0.5048,0.0
LOAN000450,2023-07-31,0,0.1775,0.4162,90.0
LOAN000773,2023-07-31,30,0.2374,0.246,0.0
LOAN000625,2023-07-31,30,0.2704,0.3398,0.0
LOAN000393,2023-07-31,0,0.1393,0.5869,0.0
LOAN000789,2023-07-31,60,0.2919,0.62,60.0
LOAN000786,2023-07-31,30,0.2335,0.6118,0.0
LOAN000671,2023-07-31,0,0.2451,0.7788,0.0
LOAN000974,2023-07-31,30,0.0224,0.4613,30.0
LOAN000563,2023-07-31,60,0.2692,0.2649,90.0
LOAN000138,2023-07-31,90,0.197,0.7089,30.0
LOAN000980,2023-07-31,0,0.074,0.4768,
LOAN000005,2023-07-31,0,0.1885,0.6677,60.0
LOAN000340,2023-07-31,0,0.2092,0.8244,0.0
LOAN000430,2023-07-31,0,0.2192,0.5383,0.0
LOAN000036,2023-07-31,0,0.1851,0.2454,0.0
LOAN000467,2023-07-31,0,0.1504,0.7606,0.0
LOAN000167,2023-07-31,0,0.2014,0.8451,0.0
LOAN000547,2023-07-31,0,0.0969,0.4076,0.0
LOAN000761,2023-07-31,60,0.1209,0.5151,30.0
LOAN000649,2023-07-31,0,0.0174,0.3236,0.0
LOAN000412,2023-07-31,0,0.0356,0.2625,60.0
LOAN000390,2023-07-31,30,0.277,0.2455,60.0
LOAN000870,2023-07-31,0,0.2252,0.3167,0.0
LOAN000676,2023-07-31,30,0.2153,0.5703,30.0
LOAN000073,2023-07-31,0,0.2431,0.3886,0.0
LOAN000190,2023-07-31,30,0.2724,0.3388,60.0
LOAN000535,2023-07-31,0,0.2719,0.7551,0.0
LOAN000091,2023-07-31,0,0.0104,0.2785,0.0
LOAN000198,2023-07-31,0,0.0882,0.3796,
LOAN000021,2023-07-31,60,0.195,0.5153,
LOAN000498,2023-07-31,0,0.2678,0.7792,0.0
LOAN000629,2023-07-31,0,0.0361,0.5583,0.0
LOAN000951,2023-07-31,0,0.104,0.213,30.0
LOAN000929,2023-07-31,0,0.2391,0.5605,0.0
LOAN000028,2023-07-31,0,0.2636,0.8692,0.0
LOAN000389,2023-07-31,30,0.0621,0.5407,0.0
LOAN000145,2023-07-31,0,0.1976,0.3553,0.0
LOAN000573,2023-07-31,0,0.1032,0.8744,0.0
LOAN000963,2023-07-31,30,0.05,0.218,0.0
LOAN000461,2023-07-31,0,0.1362,0.2282,30.0
LOAN000681,2023-07-31,60,0.0756,0.6385,0.0
LOAN000986,2023-07-31,0,0.1154,0.4734,0.0
LOAN000065,2023-07-31,30,0.1852,0.6869,0.0
LOAN000108,2023-07-31,0,0.059,0.5285,0.0
LOAN000926,2023-07-31,0,0.0719,0.3717,0.0
LOAN000928,2023-07-31,0,0.0127,0.8862,
LOAN000651,2023-07-31,0,0.2391,0.3487,0.0
LOAN000751,2023-07-31,0,0.1877,0.4111,
LOAN000079,2023-07-31,0,0.2825,0.2559,0.0
LOAN000034,2023-07-31,60,0.2398,0.2623,30.0
LOAN000522,2023-07-31,0,0.1664,0.8157,0.0
LOAN000012,2023-07-31,60,0.1857,0.6038,30.0
LOAN000355,2023-07-31,0,0.1639,0.6765,30.0
LOAN000936,2023-07-31,0,0.1253,0.8502,60.0
LOAN000982,2023-07-31,0,0.2711,0.7448,0.0
LOAN000387,2023-07-31,30,0.2053,0.8253,30.0
LOAN000846,2023-07-31,0,0.1812,0.5412,0.0
LOAN000388,2023-07-31,0,0.2689,0.8072,0.0
LOAN000441,2023-07-31,0,0.2163,0.3737,0.0
LOAN000389,2023-07-31,0,0.2343,0.7781,30.0
LOAN000269,2023-07-31,30,0.1437,0.2513,0.0
LOAN000680,2023-07-31,0,0.1948,0.4911,0.0
LOAN000478,2023-07-31,0,0.1348,0.2638,0.0
LOAN000772,2023-07-31,0,0.0419,0.3989,0.0
LOAN000054,2023-07-31,30,0.1483,0.6385,0.0
LOAN000654,2023-07-31,60,0.1636,0.4192,0.0
LOAN000313,2023-07-31,0,0.013,0.3427,60.0
LOAN000002,2023-07-31,0,0.2192,0.2005,30.0
LOAN000989,2023-07-31,60,0.0506,0.8049,0.0
LOAN000837,2023-07-31,30,0.1372,0.726,0.0
LOAN000639,2023-07-31,0,0.2912,0.2251,0.0
LOAN000839,2023-07-31,60,0.1298,0.3069,30.0
LOAN000510,2023-07-31,0,0.2191,0.5278,30.0
LOAN000893,2023-07-31,60,0.1077,0.5754,0.0
LOAN000381,2023-07-31,0,0.1448,0.6642,0.0
LOAN000428,2023-07-31,0,0.2029,0.8616,30.0
LOAN000234,2023-07-31,0,0.0863,0.6533,0.0
LOAN000071,2023-07-31,0,0.2244,0.2045,90.0
LOAN000610,2023-07-31,0,0.2121,0.4454,60.0
LOAN000748,2023-07-31,0,0.0789,0.7611,60.0
LOAN000064,2023-07-31,60,0.0792,0.3202,90.0
LOAN000304,2023-07-31,60,0.2096,0.4491,0.0
LOAN000555,2023-07-31,30,0.2263,0.6668,0.0
LOAN000348,2023-07-31,0,0.1868,0.5941,30.0
LOAN000661,2023-07-31,0,0.0848,0.6207,
LOAN000782,2023-07-31,30,0.1302,0.2545,60.0
LOAN000933,2023-07-31,60,0.257,0.2655,0.0
LOAN000785,2023-07-31,60,0.1858,0.6759,0.0
LOAN000450,2023-07-31,0,0.287,0.5978,0.0
LOAN000367,2023-07-31,0,0.1568,0.4489,
LOAN000866,2023-07-31,0,0.2184,0.6222,0.0
LOAN000275,2023-07-31,0,0.038,0.4413,0.0
LOAN000611,2023-07-31,0,0.2458,0.2937,0.0
LOAN000225,2023-07-31,0,0.0467,0.2465,0.0
LOAN000350,2023-07-31,30,0.1486,0.6591,60.0
LOAN000793,2023-07-31,0,0.2818,0.4043,0.0
LOAN000913,2023-07-31,0,0.0741,0.4743,60.0
LOAN000631,2023-07-31,0,0.1491,0.7514,0.0
LOAN000810,2023-07-31,0,0.1388,0.5166,0.0
LOAN000555,2023-07-31,30,0.1013,0.3014,30.0
LOAN000188,2023-07-31,0,0.2747,0.3021,0.0
LOAN000723,2023-07-31,30,0.2388,0.5465,0.0
LOAN000263,2023-07-31,0,0.0157,0.8165,0.0
LOAN000133,2023-07-31,0,0.1457,0.4602,0.0
LOAN000432,2023-07-31,0,0.2937,0.7517,60.0
LOAN000700,2023-07-31,0,0.0622,0.6541,0.0
LOAN000066,2023-07-31,60,0.0138,0.4653,30.0
LOAN000153,2023-07-31,0,0.162,0.4061,30.0
LOAN000885,2023-07-31,30,0.0533,0.2745,90.0
LOAN000185,2023-07-31,0,0.0822,0.3397,0.0
LOAN000010,2023-07-31,30,0.2935,0.2034,0.0
LOAN000194,2023-07-31,0,0.2364,0.6555,60.0
LOAN000972,2023-07-31,0,0.2813,0.387,0.0
LOAN000109,2023-07-31,0,0.1339,0.6583,0.0
LOAN000900,2023-07-31,0,0.0837,0.6325,0.0
LOAN000286,2023-07-31,30,0.1421,0.6678,0.0
LOAN000714,2023-07-31,0,0.0843,0.4258,0.0
LOAN000296,2023-07-31,90,0.0867,0.8216,60.0
LOAN000409,2023-07-31,0,0.2689,0.4731,60.0
LOAN000554,2023-07-31,60,0.166,0.4646,30.0
LOAN000326,2023-07-31,0,0.1499,0.4933,30.0
LOAN000683,2023-07-31,60,0.1367,0.8273,0.0
LOAN000951,2023-07-31,30,0.1923,0.5737,0.0
LOAN000835,2023-07-31,0,0.1428,0.703,30.0
LOAN000771,2023-07-31,0,0.223,0.6509,60.0
LOAN000569,2023-07-31,0,0.0572,0.4299,
LOAN000720,2023-07-31,90,0.1304,0.65,60.0
LOAN000465,2023-07-31,0,0.2289,0.2209,0.0
LOAN000571,2023-07-31,0,0.1011,0.38,0.0
LOAN000991,2023-07-31,0,0.0219,0.6282,0.0
LOAN000745,2023-07-31,0,0.2948,0.6649,0.0
LOAN000804,2023-07-31,30,0.22,0.4528,0.0
LOAN000824,2023-07-31,0,0.2306,0.4567,0.0
LOAN000770,2023-07-31,60,0.0138,0.4378,
LOAN000668,2023-07-31,0,0.0369,0.2512,0.0
LOAN000154,2023-07-31,30,0.182,0.3331,0.0
LOAN000574,2023-07-31,0,0.0237,0.4471,0.0
LOAN000956,2023-07-31,0,0.1805,0.4434,0.0
LOAN000707,2023-07-31,0,0.2216,0.8503,0.0
LOAN000130,2023-07-31,0,0.1213,0.833,30.0
LOAN000362,2023-07-31,0,0.1898,0.3176,0.0
LOAN000616,2023-07-31,0,0.099,0.3514,0.0
LOAN000842,2023-07-31,0,0.1007,0.437,
LOAN000100,2023-07-31,0,0.0227,0.3488,
LOAN000687,2023-07-31,60,0.1772,0.4471,0.0
LOAN000030,2023-07-31,30,0.0276,0.5629,60.0
LOAN000264,2023-07-31,0,0.2698,0.3968,30.0
LOAN000408,2023-07-31,0,0.0595,0.2638,0.0
LOAN000242,2023-07-31,0,0.0669,0.6083,30.0
LOAN000832,2023-07-31,0,0.2016,0.4543,60.0
LOAN000828,2023-07-31,0,0.1124,0.2356,0.0
LOAN000756,2023-07-31,30,0.1658,0.6911,0.0
LOAN000060,2023-07-31,30,0.0626,0.7377,0.0
LOAN000561,2023-07-31,30,0.2853,0.2458,0.0
LOAN000479,2023-07-31,0,0.0285,0.7052,30.0
LOAN000424,2023-07-31,30,0.0206,0.836,0.0
LOAN000133,2023-07-31,60,0.2448,0.317,0.0
LOAN000942,2023-07-31,30,0.2777,0.3158,
LOAN000843,2023-07-31,0,0.0917,0.6077,0.0
LOAN000214,2023-07-31,0,0.1139,0.3285,0.0
LOAN000277,2023-07-31,0,0.2687,0.2943,30.0
LOAN000823,2023-07-31,60,0.092,0.5765,0.0
LOAN000959,2023-07-31,0,0.1897,0.7317,0.0
LOAN000775,2023-07-31,60,0.0371,0.6201,30.0
LOAN000941,2023-07-31,0,0.2521,0.6337,60.0
LOAN000705,2023-07-31,0,0.1381,0.4858,0.0
LOAN000589,2023-07-31,0,0.1361,0.8924,0.0
LOAN000923,2023-07-31,30,0.1353,0.4762,0.0
LOAN000198,2023-07-31,30,0.1046,0.2715,0.0
LOAN000737,2023-07-31,0,0.1466,0.2671,
LOAN000877,2023-07-31,0,0.279,0.6767,0.0
LOAN000464,2023-07-31,60,0.2291,0.7008,0.0
LOAN000832,2023-07-31,0,0.0929,0.2594,0.0
LOAN000816,2023-07-31,0,0.0854,0.3366,30.0
LOAN000219,2023-07-31,0,0.2785,0.3623,
LOAN000862,2023-07-31,30,0.221,0.2237,0.0
LOAN000034,2023-07-31,30,0.2865,0.7207,60.0
LOAN000230,2023-07-31,0,0.2178,0.5306,30.0
LOAN000697,2023-07-31,30,0.2677,0.8292,0.0
LOAN000734,2023-07-31,0,0.0855,0.4057,0.0
LOAN000577,2023-07-31,0,0.1831,0.3571,90.0
LOAN000735,2023-07-31,0,0.0326,0.4654,0.0
LOAN000915,2023-07-31,30,0.2151,0.7356,0.0
LOAN000197,2023-07-31,0,0.2214,0.6334,0.0
LOAN000986,2023-07-31,0,0.0964,0.5385,0.0
LOAN000964,2023-07-31,30,0.0855,0.3263,0.0
LOAN000430,2023-07-31,0,0.013,0.3514,0.0
LOAN000269,2023-07-31,0,0.109,0.4105,30.0
LOAN000195,2023-07-31,0,0.173,0.7931,60.0
LOAN000425,2023-07-31,30,0.0373,0.4462,0.0
LOAN000708,2023-07-31,0,0.2903,0.6105,30.0
LOAN000774,2023-07-31,60,0.2116,0.7421,
LOAN000539,2023-07-31,30,0.066,0.8571,90.0
LOAN000456,2023-07-31,0,0.1808,0.59,0.0
LOAN000481,2023-07-31,30,0.1632,0.605,0.0
LOAN000305,2023-07-31,0,0.0589,0.2747,60.0
LOAN000905,2023-08-31,0,0.299,0.3039,0.0
LOAN000317,2023-08-31,30,0.1581,0.8942,0.0
LOAN000722,2023-08-31,0,0.2879,0.3988,0.0
LOAN000619,2023-08-31,0,0.1172,0.5354,0.0
LOAN000984,2023-08-31,0,0.1531,0.2977,
LOAN000686,2023-08-31,0,0.1348,0.3023,30.0
LOAN000454,2023-08-31,0,0.2761,0.5092,0.0
LOAN000429,2023-08-31,0,0.0561,0.6542,0.0
LOAN000025,2023-08-31,60,0.1569,0.5796,0.0
LOAN000205,2023-08-31,0,0.2913,0.3367,0.0
LOAN000275,2023-08-31,30,0.2695,0.7361,0.0
LOAN000296,2023-08-31,0,0.1161,0.8064,90.0
LOAN000550,2023-08-31,0,0.2368,0.3892,60.0
LOAN000547,2023-08-31,30,0.0447,0.2312,0.0
LOAN000108,2023-08-31,30,0.2406,0.3525,0.0
LOAN000814,2023-08-31,0,0.2524,0.2694,60.0
LOAN000031,2023-08-31,0,0.0696,0.3906,0.0
LOAN000300,2023-08-31,0,0.2525,0.5965,60.0
LOAN000995,2023-08-31,30,0.1848,0.2456,
LOAN000118,2023-08-31,60,0.2572,0.2775,0.0
LOAN000465,2023-08-31,0,0.2922,0.8581,0.0
LOAN000985,2023-08-31,0,0.0468,0.3152,0.0
LOAN000832,2023-08-31,0,0.0304,0.7983,0.0
LOAN000036,2023-08-31,0,0.2961,0.7634,0.0
LOAN000978,2023-08-31,0,0.013,0.7076,0.0
LOAN000478,2023-08-31,60,0.2378,0.5955,0.0
LOAN000981,2023-08-31,60,0.0726,0.7406,30.0
LOAN000150,2023-08-31,0,0.2497,0.7872,30.0
LOAN000135,2023-08-31,0,0.0316,0.7509,
LOAN000414,2023-08-31,30,0.1788,0.8134,0.0
LOAN000449,2023-08-31,60,0.0102,0.4569,0.0
LOAN000479,2023-08-31,0,0.0253,0.5987,0.0
LOAN000443,2023-08-31,30,0.0287,0.4147,0.0
LOAN000367,2023-08-31,0,0.1513,0.7952,0.0
LOAN000289,2023-08-31,30,0.0473,0.2051,
LOAN000773,2023-08-31,0,0.1507,0.4096,30.0
LOAN000759,2023-08-31,0,0.0904,0.2243,60.0
LOAN000937,2023-08-31,30,0.0422,0.2068,30.0
LOAN000753,2023-08-31,0,0.1134,0.7937,30.0
LOAN000107,2023-08-31,60,0.1119,0.7067,0.0
LOAN000169,2023-08-31,0,0.0426,0.2672,30.0
LOAN000569,2023-08-31,0,0.1317,0.8321,0.0
LOAN000709,2023-08-31,30,0.2634,0.812,30.0
LOAN000731,2023-08-31,0,0.292,0.6458,0.0
LOAN000831,2023-08-31,0,0.2888,0.6584,90.0
LOAN000072,2023-08-31,0,0.2944,0.5326,90.0
LOAN000137,2023-08-31,0,0.1304,0.5623,0.0
LOAN000975,2023-08-31,0,0.2023,0.5033,30.0
LOAN000536,2023-08-31,60,0.2146,0.8234,
LOAN000855,2023-08-31,0,0.0937,0.8971,30.0
LOAN000714,2023-08-31,30,0.17,0.4492,0.0
LOAN000497,2023-08-31,0,0.0609,0.4663,0.0
LOAN000104,2023-08-31,0,0.2283,0.7377,90.0
LOAN000964,2023-08-31,0,0.0479,0.3353,30.0
LOAN000301,2023-08-31,0,0.2037,0.748,0.0
LOAN000678,2023-08-31,0,0.0654,0.3423,0.0
LOAN000577,2023-08-31,0,0.2481,0.4967,0.0
LOAN000870,2023-08-31,0,0.1925,0.2347,0.0
LOAN000556,2023-08-31,0,0.0252,0.6357,0.0
LOAN000167,2023-08-31,0,0.0593,0.6903,0.0
LOAN000934,2023-08-31,0,0.2878,0.5162,0.0
LOAN000805,2023-08-31,0,0.2366,0.3815,0.0
LOAN000084,2023-08-31,0,0.2804,0.8615,0.0
LOAN000855,2023-08-31,0,0.1917,0.7248,0.0
LOAN000016,2023-08-31,30,0.1043,0.4312,0.0
LOAN000631,2023-08-31,0,0.0252,0.314,0.0
LOAN000331,2023-08-31,90,0.0945,0.3023,0.0
LOAN000678,2023-08-31,0,0.2091,0.2709,0.0
LOAN000001,2023-08-31,0,0.0662,0.7308,0.0
LOAN000678,2023-08-31,0,0.2092,0.5357,0.0
LOAN000483,2023-08-31,0,0.094,0.595,30.0
LOAN000845,2023-08-31,0,0.1539,0.697,0.0
LOAN000669,2023-08-31,0,0.0373,0.2422,0.0
LOAN000758,2023-08-31,0,0.1504,0.6673,0.0
LOAN000777,2023-08-31,0,0.0321,0.7326,
LOAN000362,2023-08-31,0,0.2664,0.4215,0.0
LOAN000830,2023-08-31,0,0.2817,0.8358,30.0
LOAN000987,2023-08-31,0,0.278,0.7738,90.0
LOAN000237,2023-08-31,0,0.0298,0.5854,0.0
LOAN000162,2023-08-31,30,0.0764,0.4664,
LOAN000188,2023-08-31,60,0.2368,0.6957,0.0
LOAN000950,2023-08-31,0,0.1317,0.584,
LOAN000400,2023-08-31,0,0.0614,0.4836,0.0
LOAN000311,2023-08-31,0,0.0257,0.8341,60.0
LOAN000979,2023-08-31,0,0.2471,0.7104,0.0
LOAN000289,2023-08-31,0,0.1725,0.667,30.0
LOAN000315,2023-08-31,30,0.0372,0.3125,60.0
LOAN000691,2023-08-31,0,0.1176,0.7165,0.0
LOAN000344,2023-08-31,0,0.0771,0.6125,0.0
LOAN000997,2023-08-31,0,0.168,0.5601,0.0
LOAN000762,2023-08-31,0,0.2846,0.6229,60.0
LOAN000156,2023-08-31,30,0.12,0.6847,0.0
LOAN000812,2023-08-31,60,0.0588,0.8612,0.0
LOAN000218,2023-08-31,30,0.0496,0.4517,0.0
LOAN000368,2023-08-31,0,0.2878,0.564,60.0
LOAN000745,2023-08-31,30,0.2832,0.3165,0.0
LOAN000363,2023-08-31,0,0.1754,0.3162,0.0
LOAN000321,2023-08-31,0,0.1611,0.6064,0.0
LOAN000118,2023-08-31,0,0.0445,0.6597,60.0
LOAN000652,2023-08-31,60,0.1067,0.3626,0.0
LOAN000650,2023-08-31,0,0.1257,0.311,60.0
LOAN000059,2023-08-31,30,0.2089,0.3608,0.0
LOAN000075,2023-08-31,0,0.2501,0.45,0.0
LOAN000868,2023-08-31,0,0.2465,0.792,0.0
LOAN000104,2023-08-31,0,0.2211,0.8936,0.0
LOAN000755,2023-08-31,0,0.2488,0.7588,0.0
LOAN000127,2023-08-31,0,0.1299,0.6865,0.0
LOAN000449,2023-08-31,0,0.0795,0.42,60.0
LOAN000512,2023-08-31,0,0.2301,0.5288,0.0
LOAN000492,2023-08-31,0,0.2912,0.8339,0.0
LOAN000592,2023-08-31,30,0.2472,0.564,0.0
LOAN000333,2023-08-31,0,0.0901,0.3128,30.0
LOAN000421,2023-08-31,30,0.1359,0.5007,0.0
LOAN000583,2023-08-31,0,0.1676,0.6406,0.0
LOAN000633,2023-08-31,0,0.1107,0.5426,
LOAN000189,2023-08-31,0,0.0573,0.8186,90.0
LOAN000103,2023-08-31,0,0.209,0.6848,0.0
LOAN000002,2023-08-31,0,0.1733,0.6476,0.0
LOAN000061,2023-08-31,0,0.0102,0.2633,30.0
LOAN000719,2023-08-31,60,0.1038,0.6742,
LOAN000240,2023-08-31,0,0.0187,0.3258,0.0
LOAN000760,2023-08-31,0,0.0576,0.4872,0.0
LOAN000460,2023-08-31,0,0.2959,0.4829,0.0
LOAN000115,2023-08-31,30,0.1305,0.528,0.0
LOAN000762,2023-08-31,0,0.2872,0.6728,0.0
LOAN000238,2023-08-31,0,0.0514,0.4228,0.0
LOAN000458,2023-08-31,0,0.0113,0.7816,30.0
LOAN000372,2023-08-31,60,0.1788,0.3943,
LOAN000401,2023-08-31,30,0.0827,0.6907,0.0
LOAN000036,2023-08-31,0,0.2525,0.6789,0.0
LOAN000968,2023-08-31,0,0.242,0.4318,0.0
LOAN000816,2023-08-31,0,0.0725,0.8452,0.0
LOAN000893,2023-08-31,30,0.021,0.7728,60.0
LOAN000264,2023-08-31,0,0.0929,0.4578,0.0
LOAN000437,2023-08-31,0,0.1214,0.5775,
LOAN000064,2023-08-31,0,0.2579,0.5798,60.0
LOAN000187,2023-08-31,0,0.1852,0.2604,0.0
LOAN000847,2023-08-31,0,0.2935,0.5712,60.0
LOAN000407,2023-08-31,0,0.2835,0.7205,0.0
LOAN000892,2023-08-31,0,0.0329,0.3186,0.0
LOAN000364,2023-08-31,0,0.0363,0.566,60.0
LOAN000150,2023-08-31,0,0.1532,0.6509,0.0
LOAN000683,2023-08-31,0,0.1578,0.6908,60.0
LOAN000391,2023-08-31,30,0.2523,0.5746,30.0
LOAN000591,2023-08-31,0,0.1011,0.4125,0.0
LOAN000484,2023-08-31,60,0.2456,0.5493,0.0
LOAN000972,2023-08-31,30,0.0172,0.5026,0.0
LOAN000510,2023-08-31,0,0.284,0.6296,0.0
LOAN000689,2023-08-31,30,0.2915,0.2755,0.0
LOAN000016,2023-08-31,0,0.2476,0.7908,30.0
LOAN000447,2023-08-31,0,0.2035,0.8243,30.0
LOAN000592,2023-08-31,60,0.0847,0.6049,30.0
LOAN000621,2023-08-31,0,0.2905,0.3743,0.0
LOAN000647,2023-08-31,60,0.1124,0.4926,0.0
LOAN000268,2023-08-31,0,0.1105,0.3324,0.0
LOAN000618,2023-08-31,60,0.1138,0.3821,
LOAN000655,2023-08-31,0,0.1673,0.4072,0.0
LOAN000948,2023-08-31,90,0.0911,0.5614,0.0
LOAN000738,2023-08-31,0,0.133,0.7993,0.0
LOAN000355,2023-08-31,0,0.224,0.8704,0.0
LOAN000692,2023-08-31,60,0.2987,0.7317,0.0
LOAN000871,2023-08-31,0,0.0181,0.5237,0.0
LOAN000410,2023-08-31,0,0.1902,0.7798,0.0
LOAN000715,2023-08-31,30,0.2973,0.7522,0.0
LOAN000363,2023-08-31,0,0.2964,0.6001,0.0
LOAN000473,2023-08-31,0,0.1368,0.2783,0.0
LOAN000084,2023-08-31,30,0.2365,0.268,0.0
LOAN000492,2023-08-31,0,0.1736,0.2418,0.0
LOAN000489,2023-08-31,0,0.2461,0.4384,0.0
LOAN000468,2023-08-31,0,0.0967,0.7301,0.0
LOAN000526,2023-08-31,0,0.0117,0.8607,0.0
LOAN000334,2023-08-31,60,0.0215,0.8724,0.0
LOAN000128,2023-08-31,0,0.2576,0.3083,0.0
LOAN000130,2023-08-31,0,0.0786,0.825,0.0
LOAN000443,2023-08-31,0,0.1351,0.7924,30.0
LOAN000813,2023-08-31,0,0.0609,0.2357,0.0
LOAN000346,2023-08-31,0,0.2323,0.2337,0.0
LOAN000356,2023-08-31,0,0.1496,0.7184,0.0
LOAN000999,2023-08-31,0,0.2223,0.2162,0.0
LOAN000118,2023-08-31,0,0.2525,0.2245,0.0
LOAN000083,2023-08-31,0,0.23,0.3995,90.0
LOAN000508,2023-08-31,90,0.1485,0.4163,0.0
LOAN000055,2023-08-31,0,0.1308,0.3299,0.0
LOAN000796,2023-08-31,0,0.2862,0.658,0.0
LOAN000170,2023-08-31,0,0.1954,0.8089,0.0
LOAN000041,2023-08-31,0,0.2453,0.8741,0.0
LOAN000153,2023-08-31,30,0.0137,0.4415,0.0
LOAN000049,2023-08-31,0,0.24,0.7311,0.0
LOAN000102,2023-08-31,60,0.149,0.7327,
LOAN000890,2023-08-31,0,0.2195,0.3964,0.0
LOAN000387,2023-08-31,0,0.2239,0.3888,30.0
LOAN000132,2023-08-31,0,0.112,0.5487,0.0
LOAN000831,2023-08-31,0,0.1936,0.7166,0.0
LOAN000298,2023-08-31,0,0.1337,0.3733,0.0
LOAN000920,2023-08-31,0,0.2679,0.7755,0.0
LOAN000299,2023-08-31,0,0.1901,0.8442,30.0
LOAN000234,2023-08-31,60,0.0886,0.8322,0.0
LOAN000691,2023-08-31,0,0.2729,0.4409,0.0
LOAN000497,2023-08-31,0,0.0249,0.3843,0.0
LOAN000946,2023-08-31,0,0.1945,0.4409,0.0
LOAN000860,2023-08-31,0,0.2112,0.781,0.0
LOAN000808,2023-08-31,60,0.0879,0.6587,0.0
LOAN000776,2023-08-31,30,0.2626,0.7779,0.0
LOAN000005,2023-08-31,0,0.17,0.4432,0.0
LOAN000672,2023-08-31,0,0.2026,0.3909,90.0
LOAN000557,2023-08-31,0,0.0543,0.7393,0.0
LOAN000502,2023-08-31,0,0.12,0.5739,0.0
LOAN000342,2023-08-31,0,0.0826,0.4688,30.0
LOAN000716,2023-08-31,0,0.1531,0.5767,0.0
LOAN000186,2023-08-31,0,0.2198,0.4028,0.0
LOAN000800,2023-08-31,0,0.2158,0.8355,0.0
LOAN000853,2023-08-31,0,0.033,0.8325,0.0
LOAN000283,2023-08-31,30,0.2859,0.6132,0.0
LOAN000079,2023-08-31,0,0.0758,0.6937,0.0
LOAN000636,2023-08-31,90,0.1396,0.4059,0.0
LOAN000172,2023-08-31,0,0.2113,0.29,60.0
LOAN000256,2023-08-31,0,0.1333,0.4956,30.0
LOAN000510,2023-08-31,90,0.1807,0.3243,0.0
LOAN000450,2023-08-31,0,0.2176,0.6769,0.0
LOAN000727,2023-08-31,0,0.1856,0.3938,0.0
LOAN000133,2023-08-31,30,0.2047,0.365,60.0
LOAN000634,2023-08-31,0,0.0523,0.7759,0.0
LOAN000970,2023-08-31,0,0.0877,0.6639,0.0
LOAN000948,2023-08-31,30,0.2388,0.6721,90.0
LOAN000792,2023-08-31,0,0.0333,0.5179,0.0
LOAN000053,2023-08-31,0,0.232,0.8594,0.0
LOAN000581,2023-08-31,30,0.2016,0.4508,0.0
LOAN000887,2023-08-31,0,0.1559,0.4963,
LOAN000126,2023-08-31,0,0.1076,0.8878,0.0
LOAN000921,2023-08-31,0,0.1118,0.5705,0.0
LOAN000220,2023-08-31,0,0.1316,0.306,0.0
LOAN000777,2023-08-31,0,0.0158,0.3376,0.0
LOAN000419,2023-08-31,0,0.2648,0.3887,0.0
LOAN000499,2023-08-31,0,0.0646,0.6017,90.0
LOAN000947,2023-08-31,0,0.0337,0.3007,0.0
LOAN000864,2023-08-31,0,0.1679,0.5759,0.0
LOAN000073,2023-08-31,0,0.0251,0.2219,0.0
LOAN000240,2023-08-31,0,0.2251,0.3695,0.0
LOAN000490,2023-08-31,0,0.2771,0.4655,30.0
LOAN000835,2023-08-31,0,0.0152,0.775,0.0
LOAN000884,2023-08-31,0,0.2143,0.2226,
LOAN000851,2023-08-31,0,0.2733,0.6814,30.0
LOAN000433,2023-08-31,60,0.0384,0.4304,90.0
LOAN000390,2023-08-31,60,0.0185,0.6848,30.0
LOAN000862,2023-08-31,0,0.043,0.8382,30.0
LOAN000505,2023-08-31,0,0.0918,0.3481,0.0
LOAN000487,2023-08-31,0,0.2645,0.6453,60.0
LOAN000807,2023-08-31,90,0.1872,0.4164,30.0
LOAN000968,2023-08-31,0,0.138,0.6163,0.0
LOAN000225,2023-08-31,60,0.1401,0.3446,0.0
LOAN000138,2023-08-31,0,0.1825,0.361,90.0
LOAN000253,2023-08-31,0,0.0952,0.4228,0.0
LOAN000161,2023-08-31,0,0.1077,0.5088,0.0
LOAN000428,2023-08-31,30,0.1356,0.2464,0.0
LOAN000430,2023-08-31,0,0.2984,0.7583,0.0
LOAN000924,2023-08-31,0,0.1784,0.4419,30.0
LOAN000556,2023-08-31,60,0.0355,0.6089,0.0
LOAN000579,2023-08-31,0,0.2735,0.6598,0.0
LOAN000630,2023-08-31,0,0.2182,0.8233,0.0
LOAN000695,2023-08-31,0,0.0176,0.2512,30.0
LOAN000587,2023-08-31,0,0.1447,0.7097,0.0
LOAN000790,2023-08-31,0,0.2791,0.3303,0.0
LOAN000548,2023-08-31,0,0.2781,0.4018,0.0
LOAN000835,2023-08-31,0,0.1018,0.472,0.0
LOAN000806,2023-08-31,0,0.1569,0.7475,0.0
LOAN000476,2023-08-31,30,0.014,0.7151,0.0
LOAN000316,2023-08-31,0,0.1939,0.3736,60.0
LOAN000139,2023-08-31,0,0.0933,0.333,30.0
LOAN000016,2023-08-31,0,0.1456,0.8265,0.0
LOAN000724,2023-08-31,0,0.1769,0.5031,
LOAN000528,2023-08-31,0,0.299,0.6201,60.0
LOAN000250,2023-08-31,0,0.2744,0.2356,0.0
LOAN000395,2023-08-31,60,0.2195,0.8482,0.0
LOAN000177,2023-08-31,0,0.0135,0.2872,90.0
LOAN000247,2023-08-31,90,0.1374,0.3302,30.0
LOAN000087,2023-08-31,0,0.0699,0.4041,0.0
LOAN000071,2023-08-31,0,0.2741,0.2061,0.0
LOAN000219,2023-08-31,0,0.2722,0.4266,0.0
LOAN000441,2023-08-31,0,0.0266,0.4385,0.0
LOAN000162,2023-08-31,30,0.1755,0.3974,30.0
LOAN000446,2023-08-31,60,0.1828,0.8439,0.0
LOAN000834,2023-08-31,60,0.1647,0.8716,0.0
LOAN000181,2023-08-31,0,0.2544,0.2511,
LOAN000156,2023-08-31,0,0.1378,0.388,30.0
LOAN000086,2023-08-31,0,0.269,0.6149,60.0
LOAN000211,2023-08-31,0,0.1068,0.4435,0.0
LOAN000473,2023-08-31,30,0.1788,0.4037,0.0
LOAN000536,2023-08-31,0,0.2712,0.2032,60.0
LOAN000742,2023-08-31,0,0.0433,0.6367,0.0
LOAN000404,2023-08-31,0,0.0897,0.7096,30.0
LOAN000087,2023-08-31,30,0.1788,0.2475,0.0
LOAN000033,2023-08-31,0,0.2968,0.4465,0.0
LOAN000266,2023-08-31,0,0.1672,0.5248,0.0
LOAN000632,2023-08-31,0,0.148,0.6871,0.0
LOAN000384,2023-08-31,30,0.2409,0.4624,30.0
LOAN000746,2023-08-31,0,0.24,0.6194,
LOAN000180,2023-08-31,0,0.0696,0.2727,0.0
LOAN000287,2023-08-31,0,0.2055,0.6602,30.0
LOAN000074,2023-08-31,90,0.2629,0.2563,0.0
LOAN000681,2023-08-31,0,0.2685,0.4335,60.0
LOAN000751,2023-08-31,0,0.0925,0.592,0.0
LOAN000551,2023-08-31,90,0.296,0.31,60.0
LOAN000826,2023-08-31,0,0.2266,0.2104,0.0
LOAN000218,2023-08-31,0,0.1621,0.7662,30.0
LOAN000180,2023-08-31,0,0.0466,0.4841,0.0
LOAN000441,2023-08-31,0,0.2455,0.3937,0.0
LOAN000005,2023-08-31,30,0.0912,0.3797,0.0
LOAN000661,2023-08-31,30,0.2205,0.8866,0.0
LOAN000251,2023-08-31,0,0.1153,0.5554,0.0
LOAN000289,2023-08-31,90,0.1578,0.6246,0.0
LOAN000202,2023-08-31,90,0.228,0.4162,60.0
LOAN000701,2023-08-31,30,0.1883,0.5138,0.0
LOAN000283,2023-08-31,0,0.0688,0.2034,30.0
LOAN000911,2023-08-31,0,0.2032,0.7034,0.0
LOAN000560,2023-08-31,0,0.0236,0.869,
LOAN000524,2023-08-31,0,0.2429,0.2676,0.0
LOAN000239,2023-08-31,60,0.244,0.7422,
LOAN000599,2023-08-31,0,0.0874,0.269,0.0
LOAN000362,2023-08-31,0,0.1687,0.8912,0.0
LOAN000398,2023-08-31,60,0.0312,0.4921,30.0
LOAN000223,2023-08-31,0,0.1629,0.8217,0.0
LOAN000819,2023-08-31,0,0.1328,0.3927,30.0
LOAN000736,2023-08-31,0,0.1581,0.851,0.0
LOAN000280,2023-08-31,0,0.0982,0.6562,0.0
LOAN000694,2023-08-31,30,0.0681,0.878,30.0
LOAN000730,2023-08-31,0,0.1654,0.6512,0.0
LOAN000374,2023-08-31,60,0.0845,0.3716,60.0
LOAN000257,2023-08-31,30,0.2397,0.3056,0.0
LOAN000440,2023-08-31,90,0.2316,0.2216,0.0
LOAN000287,2023-08-31,60,0.0346,0.6471,0.0
LOAN000125,2023-08-31,0,0.1062,0.3451,60.0
LOAN000975,2023-08-31,0,0.2742,0.3,0.0
LOAN000555,2023-08-31,0,0.2963,0.6049,30.0
LOAN000279,2023-08-31,30,0.108,0.214,0.0
LOAN000580,2023-08-31,0,0.2347,0.5331,60.0
LOAN000986,2023-08-31,0,0.1814,0.2944,0.0
LOAN000361,2023-08-31,0,0.211,0.8806,0.0
LOAN000328,2023-08-31,30,0.2366,0.2708,90.0
LOAN000883,2023-08-31,0,0.1332,0.5962,0.0
LOAN000326,2023-08-31,0,0.1223,0.5806,0.0
LOAN000188,2023-08-31,0,0.1763,0.8238,60.0
LOAN000412,2023-08-31,0,0.0242,0.2563,0.0
LOAN000716,2023-08-31,0,0.2092,0.2746,0.0
LOAN000137,2023-08-31,0,0.2173,0.4192,0.0
LOAN000253,2023-08-31,0,0.1484,0.7631,0.0
LOAN000835,2023-08-31,0,0.178,0.6731,0.0
LOAN000304,2023-08-31,60,0.1681,0.2775,60.0
LOAN000030,2023-08-31,0,0.0354,0.4072,30.0
LOAN000311,2023-08-31,0,0.0437,0.8884,0.0
LOAN000612,2023-08-31,0,0.1606,0.4679,0.0
LOAN000951,2023-08-31,30,0.2632,0.3766,30.0
LOAN000241,2023-08-31,0,0.2301,0.4676,0.0
LOAN000479,2023-08-31,0,0.0645,0.7304,0.0
LOAN000508,2023-08-31,90,0.1353,0.3408,90.0
LOAN000054,2023-08-31,0,0.2792,0.5576,30.0
LOAN000756,2023-08-31,0,0.2621,0.3928,30.0
LOAN000646,2023-08-31,0,0.1114,0.6694,
LOAN000256,2023-08-31,0,0.205,0.5826,0.0
LOAN000081,2023-08-31,30,0.1597,0.3144,30.0
LOAN000465,2023-08-31,60,0.2588,0.4635,0.0
LOAN000685,2023-08-31,30,0.0924,0.5031,0.0
LOAN000049,2023-08-31,0,0.2695,0.594,0.0
LOAN000449,2023-08-31,0,0.0464,0.3003,0.0
LOAN000768,2023-08-31,0,0.0284,0.875,
LOAN000906,2023-08-31,90,0.0327,0.8453,
LOAN000681,2023-08-31,0,0.1844,0.3347,0.0
LOAN000355,2023-08-31,0,0.16,0.2222,0.0
LOAN000765,2023-08-31,0,0.2853,0.7424,0.0
LOAN000185,2023-08-31,0,0.2544,0.2992,0.0
LOAN000654,2023-08-31,0,0.0228,0.7219,60.0
LOAN000176,2023-08-31,0,0.121,0.7896,90.0
LOAN000845,2023-08-31,0,0.0969,0.5599,0.0
LOAN000068,2023-08-31,0,0.2821,0.7726,
LOAN000774,2023-08-31,0,0.1911,0.4852,60.0
LOAN000707,2023-08-31,0,0.2082,0.775,0.0
LOAN000395,2023-08-31,0,0.2984,0.6587,60.0
LOAN000664,2023-08-31,0,0.0988,0.7143,30.0
LOAN000301,2023-08-31,0,0.1751,0.3976,0.0
LOAN000559,2023-08-31,30,0.288,0.2349,0.0
LOAN000319,2023-08-31,30,0.1421,0.5765,30.0
LOAN000491,2023-08-31,0,0.1288,0.5588,0.0
LOAN000517,2023-08-31,60,0.055,0.8281,0.0
LOAN000882,2023-08-31,60,0.1111,0.6906,0.0
LOAN000588,2023-08-31,0,0.0185,0.7119,0.0
LOAN000873,2023-08-31,0,0.0494,0.7051,0.0
LOAN000764,2023-08-31,0,0.2045,0.7525,60.0
LOAN000109,2023-08-31,0,0.1778,0.7403,0.0
LOAN000812,2023-08-31,0,0.2336,0.4188,60.0
LOAN000777,2023-08-31,0,0.2836,0.8833,0.0
LOAN000751,2023-08-31,0,0.2563,0.2289,0.0
LOAN000805,2023-08-31,0,0.0347,0.5385,0.0
LOAN000288,2023-08-31,0,0.0622,0.8848,30.0
LOAN000915,2023-08-31,30,0.1057,0.7773,30.0
LOAN000372,2023-08-31,0,0.2195,0.5644,60.0
LOAN000063,2023-08-31,0,0.1621,0.3238,0.0
LOAN000804,2023-08-31,30,0.0332,0.3775,30.0
LOAN000004,2023-08-31,0,0.132,0.4739,0.0
LOAN000484,2023-08-31,0,0.0705,0.636,60.0
LOAN000501,2023-08-31,60,0.1869,0.6701,30.0
LOAN000015,2023-08-31,0,0.1873,0.3122,0.0
LOAN000301,2023-09-30,0,0.1309,0.8242,0.0
LOAN000465,2023-09-30,0,0.289,0.4787,60.0
LOAN000082,2023-09-30,0,0.2159,0.8935,30.0
LOAN000926,2023-09-30,0,0.1445,0.5961,0.0
LOAN000610,2023-09-30,0,0.0987,0.5614,0.0
LOAN000398,2023-09-30,0,0.0612,0.7595,60.0
LOAN000597,2023-09-30,90,0.1169,0.7207,0.0
LOAN000703,2023-09-30,0,0.1304,0.8324,0.0
LOAN000104,2023-09-30,30,0.2753,0.7354,0.0
LOAN000207,2023-09-30,0,0.2297,0.3935,0.0
LOAN000877,2023-09-30,0,0.0853,0.5539,0.0
LOAN000895,2023-09-30,0,0.106,0.6347,0.0
LOAN000003,2023-09-30,0,0.055,0.6813,30.0
LOAN000763,2023-09-30,30,0.2159,0.644,0.0
LOAN000280,2023-09-30,0,0.1833,0.7683,0.0
LOAN000404,2023-09-30,0,0.1906,0.798,0.0
LOAN000781,2023-09-30,0,0.0165,0.2962,0.0
LOAN000275,2023-09-30,30,0.205,0.5127,30.0
LOAN000362,2023-09-30,60,0.0833,0.8208,0.0
LOAN000465,2023-09-30,60,0.2722,0.4222,0.0
LOAN000770,2023-09-30,30,0.0852,0.3848,60.0
LOAN000345,2023-09-30,0,0.1792,0.7378,60.0
LOAN000256,2023-09-30,60,0.0267,0.484,0.0
LOAN000562,2023-09-30,0,0.2464,0.6239,60.0
LOAN000868,2023-09-30,30,0.2221,0.6284,0.0
LOAN000337,2023-09-30,0,0.1879,0.2819,0.0
LOAN000457,2023-09-30,0,0.1368,0.8641,60.0
LOAN000689,2023-09-30,0,0.0784,0.8015,30.0
LOAN000479,2023-09-30,0,0.1538,0.4809,0.0
LOAN000866,2023-09-30,30,0.2816,0.2838,0.0
LOAN000174,2023-09-30,60,0.2416,0.3306,0.0
LOAN000246,2023-09-30,0,0.1316,0.6946,30.0
LOAN000314,2023-09-30,0,0.267,0.6712,0.0
LOAN000080,2023-09-30,60,0.1875,0.3604,30.0
LOAN000812,2023-09-30,30,0.1739,0.5547,0.0
LOAN000650,2023-09-30,0,0.018,0.7382,0.0
LOAN000038,2023-09-30,0,0.1125,0.447,30.0
LOAN000879,2023-09-30,0,0.1227,0.6322,90.0
LOAN000162,2023-09-30,0,0.1953,0.7446,30.0
LOAN000933,2023-09-30,0,0.0499,0.4401,60.0
LOAN000738,2023-09-30,0,0.0178,0.5558,0.0
LOAN000377,2023-09-30,0,0.2509,0.8614,90.0
LOAN000667,2023-09-30,30,0.0925,0.4284,0.0
LOAN000124,2023-09-30,0,0.208,0.4747,0.0
LOAN000029,2023-09-30,30,0.0816,0.7158,0.0
LOAN000520,2023-09-30,0,0.2918,0.7068,0.0
LOAN000192,2023-09-30,0,0.1045,0.855,
LOAN000793,2023-09-30,0,0.2363,0.6386,0.0
LOAN000204,2023-09-30,0,0.1714,0.215,0.0
LOAN000499,2023-09-30,0,0.064,0.5509,0.0
LOAN000328,2023-09-30,0,0.0432,0.3466,30.0
LOAN000960,2023-09-30,0,0.2214,0.3295,0.0
LOAN000939,2023-09-30,0,0.2917,0.7221,30.0
LOAN000554,2023-09-30,0,0.1829,0.4578,60.0
LOAN000304,2023-09-30,0,0.0673,0.3625,60.0
LOAN000598,2023-09-30,0,0.2543,0.8737,0.0
LOAN000052,2023-09-30,0,0.1719,0.6302,0.0
LOAN000328,2023-09-30,0,0.1511,0.8722,0.0
LOAN000593,2023-09-30,0,0.0608,0.8916,90.0
LOAN000731,2023-09-30,0,0.2099,0.641,0.0
LOAN000881,2023-09-30,30,0.2654,0.6313,30.0
LOAN000999,2023-09-30,0,0.2228,0.7222,0.0
LOAN000568,2023-09-30,0,0.0874,0.8333,0.0
LOAN000689,2023-09-30,0,0.1849,0.7353,0.0
LOAN000014,2023-09-30,0,0.2658,0.3124,0.0
LOAN000338,2023-09-30,0,0.0792,0.8407,60.0
LOAN000130,2023-09-30,0,0.2224,0.3532,0.0
LOAN000811,2023-09-30,60,0.2021,0.7667,0.0
LOAN000610,2023-09-30,0,0.0368,0.2766,0.0
LOAN000032,2023-09-30,0,0.1786,0.6276,
LOAN000028,2023-09-30,0,0.1363,0.5253,0.0
LOAN000147,2023-09-30,90,0.1922,0.2212,
LOAN000110,2023-09-30,0,0.2618,0.3006,0.0
LOAN000694,2023-09-30,0,0.1586,0.2301,30.0
LOAN000317,2023-09-30,90,0.0713,0.8977,30.0
LOAN000160,2023-09-30,60,0.026,0.3522,0.0
LOAN000382,2023-09-30,0,0.0225,0.7572,0.0
LOAN000109,2023-09-30,0,0.0223,0.3176,0.0
LOAN000352,2023-09-30,0,0.2449,0.3575,0.0
LOAN000576,2023-09-30,30,0.1488,0.2146,0.0
LOAN000170,2023-09-30,0,0.2481,0.6748,0.0
LOAN000244,2023-09-30,0,0.2246,0.5785,30.0
LOAN000447,2023-09-30,0,0.1759,0.8435,0.0
LOAN000309,2023-09-30,0,0.2458,0.6682,0.0
LOAN000940,2023-09-30,0,0.1986,0.6054,
LOAN000426,2023-09-30,0,0.0965,0.2221,0.0
LOAN000981,2023-09-30,0,0.2002,0.2716,60.0
LOAN000379,2023-09-30,30,0.2727,0.8323,30.0
LOAN000850,2023-09-30,0,0.0117,0.8026,0.0
LOAN000635,2023-09-30,0,0.0201,0.5923,0.0
LOAN000616,2023-09-30,0,0.0466,0.4931,0.0
LOAN000153,2023-09-30,0,0.2329,0.8861,30.0
LOAN000621,2023-09-30,60,0.2333,0.6579,0.0
LOAN000517,2023-09-30,0,0.0735,0.2487,60.0
LOAN000368,2023-09-30,0,0.2758,0.3997,0.0
LOAN000496,2023-09-30,30,0.039,0.6779,60.0
LOAN000659,2023-09-30,0,0.0109,0.5777,30.0
LOAN000863,2023-09-30,30,0.2021,0.7736,0.0
LOAN000439,2023-09-30,60,0.2712,0.5155,0.0
LOAN000100,2023-09-30,0,0.0629,0.2824,0.0
LOAN000642,2023-09-30,0,0.2307,0.6997,0.0
LOAN000233,2023-09-30,0,0.0822,0.6929,0.0
LOAN000494,2023-09-30,30,0.0495,0.7148,30.0
LOAN000061,2023-09-30,30,0.0714,0.2287,0.0
LOAN000335,2023-09-30,30,0.1076,0.4888,
LOAN000762,2023-09-30,0,0.0553,0.2473,0.0
LOAN000685,2023-09-30,0,0.242,0.6284,30.0
LOAN000465,2023-09-30,0,0.2691,0.6915,60.0
LOAN000470,2023-09-30,0,0.2847,0.6068,0.0
LOAN000739,2023-09-30,0,0.0426,0.6424,0.0
LOAN000529,2023-09-30,0,0.0409,0.863,0.0
LOAN000030,2023-09-30,0,0.2569,0.4263,0.0
LOAN000304,2023-09-30,30,0.2762,0.7501,0.0
LOAN000556,2023-09-30,30,0.1965,0.3038,60.0
LOAN000998,2023-09-30,30,0.1872,0.6701,0.0
LOAN000546,2023-09-30,0,0.0179,0.7346,90.0
LOAN000038,2023-09-30,0,0.2487,0.4455,0.0
LOAN000464,2023-09-30,0,0.0985,0.8891,60.0
LOAN000321,2023-09-30,0,0.2033,0.3093,0.0
LOAN000771,2023-09-30,0,0.2411,0.4748,0.0
LOAN000003,2023-09-30,0,0.0966,0.4394,0.0
LOAN000684,2023-09-30,60,0.295,0.5621,0.0
LOAN000810,2023-09-30,0,0.1368,0.8908,0.0
LOAN000355,2023-09-30,0,0.2207,0.8912,0.0
LOAN000329,2023-09-30,30,0.1555,0.8666,60.0
LOAN000358,2023-09-30,30,0.0232,0.2321,30.0
LOAN000905,2023-09-30,0,0.1637,0.7517,0.0
LOAN000670,2023-09-30,30,0.186,0.5476,0.0
LOAN000710,2023-09-30,0,0.1846,0.3708,30.0
LOAN000816,2023-09-30,0,0.2842,0.5596,0.0
LOAN000313,2023-09-30,0,0.2008,0.2212,0.0
LOAN000275,2023-09-30,0,0.2408,0.5323,30.0
LOAN000662,2023-09-30,0,0.1972,0.4119,60.0
LOAN000889,2023-09-30,0,0.2186,0.6262,30.0
LOAN000670,2023-09-30,0,0.0468,0.2467,30.0
LOAN000559,2023-09-30,0,0.0461,0.6515,30.0
LOAN000941,2023-09-30,0,0.1261,0.8562,0.0
LOAN000344,2023-09-30,0,0.185,0.3676,0.0
LOAN000136,2023-09-30,0,0.2471,0.6515,0.0
LOAN000488,2023-09-30,0,0.046,0.7797,90.0
LOAN000781,2023-09-30,0,0.124,0.7451,0.0
LOAN000918,2023-09-30,0,0.0649,0.3831,
LOAN000453,2023-09-30,0,0.2047,0.7929,0.0
LOAN000682,2023-09-30,0,0.2364,0.5098,0.0
LOAN000632,2023-09-30,0,0.2606,0.7696,0.0
LOAN000513,2023-09-30,0,0.2678,0.6948,0.0
LOAN000389,2023-09-30,30,0.1139,0.2651,0.0
LOAN000207,2023-09-30,0,0.2249,0.3604,0.0
LOAN000053,2023-09-30,30,0.2536,0.7252,0.0
LOAN000062,2023-09-30,0,0.0166,0.2653,30.0
LOAN000373,2023-09-30,0,0.1308,0.2039,0.0
LOAN000425,2023-09-30,90,0.238,0.742,30.0
LOAN000856,2023-09-30,0,0.1215,0.5927,30.0
LOAN000543,2023-09-30,30,0.266,0.496,60.0
LOAN000115,2023-09-30,30,0.1874,0.7901,30.0
LOAN000763,2023-09-30,90,0.2478,0.7991,30.0
LOAN000278,2023-09-30,0,0.0768,0.4481,0.0
LOAN000040,2023-09-30,30,0.0349,0.424,90.0
LOAN000575,2023-09-30,0,0.0739,0.6873,
LOAN000541,2023-09-30,0,0.0303,0.3541,0.0
LOAN000944,2023-09-30,0,0.2818,0.3579,0.0
LOAN000640,2023-09-30,30,0.2835,0.3649,30.0
LOAN000920,2023-09-30,30,0.2096,0.8006,0.0
LOAN000017,2023-09-30,90,0.1661,0.2302,0.0
LOAN000612,2023-09-30,60,0.2395,0.366,0.0
LOAN000274,2023-09-30,0,0.1115,0.7423,0.0
LOAN000691,2023-09-30,0,0.251,0.35,0.0
LOAN000907,2023-09-30,0,0.2351,0.8499,0.0
LOAN000028,2023-09-30,30,0.2244,0.2449,0.0
LOAN000104,2023-09-30,0,0.2116,0.7936,30.0
LOAN000037,2023-09-30,0,0.0141,0.524,0.0
LOAN000128,2023-09-30,0,0.1869,0.5324,0.0
LOAN000572,2023-09-30,0,0.254,0.2274,0.0
LOAN000002,2023-09-30,0,0.1095,0.7199,0.0
LOAN000687,2023-09-30,0,0.1959,0.7225,60.0
LOAN000240,2023-09-30,60,0.1985,0.5479,0.0
LOAN000909,2023-09-30,0,0.2092,0.7361,30.0
LOAN000720,2023-09-30,0,0.2736,0.7741,90.0
LOAN000377,2023-09-30,30,0.1026,0.6692,0.0
LOAN000731,2023-09-30,0,0.2968,0.4762,0.0
LOAN000345,2023-09-30,0,0.2603,0.7574,0.0
LOAN000965,2023-09-30,60,0.0873,0.4553,30.0
LOAN000142,2023-09-30,0,0.0261,0.2042,0.0
LOAN000776,2023-09-30,30,0.1087,0.6098,30.0
LOAN000730,2023-09-30,60,0.063,0.5713,0.0
LOAN000444,2023-09-30,60,0.1082,0.6216,
LOAN000679,2023-09-30,90,0.1929,0.585,0.0
LOAN000571,2023-09-30,0,0.2873,0.3364,0.0
LOAN000429,2023-09-30,30,0.1518,0.5422,0.0
LOAN000373,2023-09-30,0,0.24,0.2276,0.0
LOAN000906,2023-09-30,0,0.262,0.6627,90.0
LOAN000367,2023-09-30,0,0.0468,0.6117,0.0
LOAN000213,2023-09-30,0,0.1588,0.5409,0.0
LOAN000262,2023-09-30,0,0.1762,0.8035,0.0
LOAN000034,2023-09-30,0,0.2467,0.3232,30.0
LOAN000219,2023-09-30,0,0.0379,0.7445,0.0
LOAN000627,2023-09-30,0,0.2679,0.4236,0.0
LOAN000336,2023-09-30,0,0.1306,0.8603,0.0
LOAN000306,2023-09-30,0,0.2485,0.7782,0.0
LOAN000413,2023-09-30,0,0.1438,0.2647,0.0
LOAN000404,2023-09-30,30,0.0688,0.7009,0.0
LOAN000573,2023-09-30,60,0.1023,0.7046,0.0
LOAN000302,2023-09-30,0,0.0239,0.6525,0.0
LOAN000766,2023-09-30,0,0.2739,0.8703,
LOAN000246,2023-09-30,0,0.1632,0.7667,0.0
LOAN000421,2023-09-30,0,0.1816,0.5164,30.0
LOAN000393,2023-09-30,0,0.0874,0.7211,0.0
LOAN000384,2023-09-30,90,0.2646,0.6852,30.0
LOAN000201,2023-09-30,90,0.1135,0.8207,60.0
LOAN000937,2023-09-30,90,0.0239,0.413,30.0
LOAN000697,2023-09-30,0,0.2442,0.8276,30.0
LOAN000636,2023-09-30,90,0.251,0.6046,90.0
LOAN000204,2023-09-30,0,0.1907,0.5719,0.0
LOAN000574,2023-09-30,60,0.1156,0.6104,0.0
LOAN000466,2023-09-30,0,0.2299,0.4008,30.0
LOAN000320,2023-09-30,0,0.2026,0.6082,0.0
LOAN000981,2023-09-30,0,0.0395,0.3777,0.0
LOAN000367,2023-09-30,0,0.2694,0.5074,0.0
LOAN000048,2023-09-30,30,0.1419,0.8823,
LOAN000727,2023-09-30,0,0.0477,0.7544,0.0
LOAN000662,2023-09-30,0,0.1834,0.776,0.0
LOAN000479,2023-09-30,30,0.0186,0.4448,0.0
LOAN000876,2023-09-30,60,0.1847,0.5481,0.0
LOAN000838,2023-09-30,0,0.1039,0.712,0.0
LOAN000330,2023-09-30,60,0.124,0.6046,0.0
LOAN000207,2023-09-30,0,0.15,0.4723,0.0
LOAN000278,2023-09-30,0,0.0692,0.2832,0.0
LOAN000393,2023-09-30,0,0.2244,0.2317,0.0
LOAN000190,2023-09-30,0,0.1103,0.4954,30.0
LOAN000724,2023-09-30,0,0.1844,0.8117,0.0
LOAN000145,2023-09-30,0,0.0685,0.5967,0.0
LOAN000825,2023-09-30,60,0.128,0.4697,60.0
LOAN000549,2023-09-30,0,0.0666,0.8761,0.0
LOAN000960,2023-09-30,30,0.2032,0.4365,0.0
LOAN000338,2023-09-30,0,0.1066,0.8284,0.0
LOAN000704,2023-09-30,0,0.0735,0.8145,30.0
LOAN000504,2023-09-30,0,0.2325,0.5066,0.0
LOAN000470,2023-09-30,0,0.103,0.44,0.0
LOAN000249,2023-09-30,0,0.0619,0.4626,0.0
LOAN000890,2023-09-30,0,0.0566,0.6885,0.0
LOAN000267,2023-09-30,0,0.2722,0.4938,30.0
LOAN000531,2023-09-30,60,0.0472,0.8597,60.0
LOAN000529,2023-09-30,0,0.2739,0.8562,0.0
LOAN000985,2023-09-30,0,0.2354,0.6124,0.0
LOAN000207,2023-09-30,30,0.0151,0.6074,0.0
LOAN000565,2023-09-30,0,0.1128,0.2571,0.0
LOAN000297,2023-09-30,0,0.0276,0.2151,0.0
LOAN000913,2023-09-30,60,0.2096,0.666,0.0
LOAN000810,2023-09-30,90,0.0539,0.2486,0.0
LOAN000520,2023-09-30,0,0.064,0.5886,0.0
LOAN000653,2023-09-30,90,0.0262,0.332,
LOAN000574,2023-09-30,30,0.2214,0.8039,60.0
LOAN000555,2023-09-30,0,0.1072,0.6522,0.0
LOAN000809,2023-09-30,30,0.2091,0.4712,0.0
LOAN000391,2023-09-30,0,0.1574,0.4778,30.0
LOAN000583,2023-09-30,0,0.0508,0.8259,0.0
LOAN000493,2023-09-30,0,0.2663,0.3694,0.0
LOAN000543,2023-09-30,60,0.1802,0.6107,30.0
LOAN000243,2023-09-30,0,0.2328,0.8645,0.0
LOAN000913,2023-09-30,0,0.2569,0.409,60.0
LOAN000431,2023-09-30,0,0.2653,0.3215,0.0
LOAN000785,2023-09-30,60,0.042,0.6344,60.0
LOAN000204,2023-09-30,0,0.1757,0.8995,0.0
LOAN000330,2023-09-30,60,0.1937,0.3771,60.0
LOAN000980,2023-09-30,0,0.2208,0.8608,0.0
LOAN000221,2023-09-30,0,0.0519,0.4129,
LOAN000501,2023-09-30,0,0.1828,0.6427,60.0
LOAN000399,2023-09-30,30,0.0335,0.5014,30.0
LOAN000283,2023-09-30,0,0.0628,0.2307,0.0
LOAN000197,2023-09-30,0,0.0602,0.8397,0.0
LOAN000431,2023-09-30,0,0.1645,0.41,0.0
LOAN000945,2023-09-30,0,0.0326,0.5113,
LOAN000900,2023-09-30,0,0.0258,0.7633,0.0
LOAN000753,2023-09-30,30,0.2864,0.491,0.0
LOAN000225,2023-09-30,0,0.257,0.6132,60.0
LOAN000423,2023-09-30,0,0.2365,0.4956,
LOAN000096,2023-09-30,60,0.1196,0.6029,0.0
LOAN000916,2023-09-30,30,0.294,0.8314,30.0
LOAN000128,2023-09-30,0,0.2522,0.7432,0.0
LOAN000971,2023-09-30,0,0.1833,0.5946,0.0
LOAN000334,2023-09-30,0,0.0893,0.4756,60.0
LOAN000891,2023-09-30,0,0.1175,0.3,0.0
LOAN000890,2023-09-30,0,0.0303,0.7798,0.0
LOAN000659,2023-09-30,0,0.0887,0.3589,0.0
LOAN000855,2023-09-30,60,0.2154,0.3512,0.0
LOAN000170,2023-09-30,0,0.2105,0.3179,0.0
LOAN000364,2023-09-30,30,0.1148,0.7822,0.0
LOAN000916,2023-09-30,0,0.1997,0.3095,30.0
LOAN000250,2023-09-30,30,0.2113,0.3724,0.0
LOAN000895,2023-09-30,0,0.1894,0.7353,0.0
LOAN000598,2023-09-30,0,0.0453,0.5862,0.0
LOAN000968,2023-09-30,0,0.0189,0.2021,0.0
LOAN000177,2023-09-30,0,0.216,0.7179,0.0
LOAN000035,2023-09-30,90,0.185,0.6172,60.0
LOAN000098,2023-09-30,0,0.265,0.3273,0.0
LOAN000681,2023-09-30,0,0.0296,0.3969,0.0
LOAN000088,2023-09-30,0,0.1625,0.5291,
LOAN000151,2023-09-30,30,0.2641,0.2097,0.0
LOAN000651,2023-09-30,0,0.2656,0.5325,0.0
LOAN000272,2023-09-30,0,0.2515,0.8263,0.0
LOAN000047,2023-09-30,0,0.187,0.6273,90.0
LOAN000708,2023-09-30,0,0.234,0.8345,0.0
LOAN000550,2023-09-30,0,0.2006,0.2159,0.0
LOAN000862,2023-09-30,0,0.0834,0.2661,0.0
LOAN000758,2023-09-30,0,0.1406,0.8297,0.0
LOAN000606,2023-09-30,0,0.0349,0.2093,0.0
LOAN000238,2023-09-30,60,0.2512,0.584,0.0
LOAN000286,2023-09-30,0,0.0361,0.7212,30.0
LOAN000559,2023-09-30,60,0.1388,0.6236,0.0
LOAN000525,2023-09-30,0,0.0969,0.6594,
LOAN000796,2023-09-30,0,0.1249,0.5554,0.0
LOAN000367,2023-09-30,60,0.2751,0.3246,0.0
LOAN000249,2023-09-30,0,0.125,0.3351,0.0
LOAN000199,2023-09-30,30,0.1052,0.2315,0.0
LOAN000756,2023-09-30,60,0.1425,0.3272,0.0
LOAN000867,2023-09-30,0,0.2461,0.3552,30.0
LOAN000131,2023-09-30,0,0.2528,0.3005,0.0
LOAN000321,2023-09-30,60,0.2931,0.5856,0.0
LOAN000297,2023-09-30,0,0.2028,0.8609,0.0
LOAN000125,2023-09-30,0,0.1733,0.2468,0.0
LOAN000056,2023-09-30,0,0.2414,0.6628,0.0
LOAN000503,2023-09-30,0,0.2547,0.5923,0.0
LOAN000584,2023-09-30,0,0.1346,0.5725,90.0
LOAN000489,2023-09-30,0,0.1745,0.6845,0.0
LOAN000937,2023-09-30,60,0.0183,0.3499,90.0
LOAN000875,2023-09-30,60,0.0689,0.7441,0.0
LOAN000971,2023-09-30,30,0.2406,0.3456,0.0
LOAN000873,2023-09-30,60,0.2507,0.7937,0.0
LOAN000320,2023-09-30,0,0.2255,0.8709,0.0
LOAN000141,2023-09-30,0,0.2427,0.4161,0.0
LOAN000005,2023-09-30,60,0.036,0.5014,30.0
LOAN000715,2023-09-30,60,0.1283,0.863,30.0
LOAN000390,2023-09-30,0,0.1884,0.2168,60.0
LOAN000301,2023-09-30,0,0.2108,0.6913,0.0
LOAN000477,2023-09-30,30,0.1229,0.5116,0.0
LOAN000871,2023-09-30,30,0.0879,0.7283,0.0
LOAN000792,2023-09-30,0,0.2166,0.2044,0.0
LOAN000073,2023-09-30,0,0.2384,0.7827,0.0
LOAN000751,2023-09-30,0,0.0944,0.6396,0.0
LOAN000352,2023-09-30,0,0.0255,0.7927,0.0
LOAN000195,2023-09-30,0,0.2891,0.7816,0.0
LOAN000977,2023-09-30,30,0.1331,0.5061,30.0
LOAN000451,2023-09-30,0,0.1134,0.2883,0.0
LOAN000618,2023-09-30,0,0.0176,0.7149,60.0
LOAN000215,2023-09-30,60,0.0235,0.2424,0.0
LOAN000162,2023-09-30,0,0.2606,0.3712,0.0
LOAN000539,2023-09-30,0,0.2167,0.4017,30.0
LOAN000406,2023-09-30,0,0.1065,0.7462,0.0
LOAN000150,2023-09-30,60,0.1291,0.2991,0.0
LOAN000781,2023-09-30,0,0.0331,0.5921,0.0
LOAN000658,2023-09-30,0,0.0174,0.4754,0.0
LOAN000976,2023-09-30,0,0.1927,0.5648,0.0
LOAN000143,2023-09-30,0,0.0216,0.28,0.0
LOAN000895,2023-09-30,0,0.2692,0.8253,0.0
LOAN000147,2023-09-30,0,0.1078,0.4695,90.0
LOAN000975,2023-09-30,0,0.074,0.3218,0.0
LOAN000744,2023-09-30,30,0.1057,0.3149,0.0
LOAN000323,2023-09-30,0,0.1482,0.6878,0.0
LOAN000966,2023-09-30,0,0.1881,0.8168,0.0
LOAN000493,2023-09-30,0,0.1585,0.2228,0.0
LOAN000827,2023-09-30,0,0.072,0.5051,0.0
LOAN000696,2023-09-30,30,0.0729,0.7901,0.0
LOAN000230,2023-09-30,30,0.0275,0.3902,0.0
LOAN000105,2023-09-30,30,0.1943,0.5249,0.0
LOAN000347,2023-09-30,0,0.1486,0.4387,0.0
LOAN000489,2023-09-30,0,0.0481,0.7829,0.0
LOAN000439,2023-09-30,60,0.0676,0.8226,60.0
LOAN000479,2023-09-30,0,0.0644,0.3645,30.0
LOAN000556,2023-09-30,60,0.1928,0.5524,30.0
LOAN000566,2023-09-30,0,0.2746,0.8069,0.0
LOAN000885,2023-09-30,90,0.2423,0.5616,30.0
LOAN000584,2023-09-30,0,0.1879,0.804,0.0
LOAN000628,2023-09-30,0,0.2527,0.8091,0.0
LOAN000770,2023-09-30,90,0.2167,0.3492,30.0
LOAN000659,2023-09-30,0,0.2794,0.5833,0.0
LOAN000515,2023-09-30,60,0.1558,0.6476,
LOAN000215,2023-09-30,0,0.1324,0.2431,60.0
LOAN000881,2023-09-30,0,0.2324,0.2134,30.0
LOAN000779,2023-09-30,30,0.0487,0.7758,0.0
LOAN000183,2023-09-30,0,0.1873,0.3994,0.0
LOAN000504,2023-09-30,0,0.2619,0.4716,0.0
LOAN000806,2023-09-30,0,0.2989,0.8268,0.0
LOAN000914,2023-09-30,0,0.1293,0.7405,60.0
LOAN000424,2023-09-30,0,0.0139,0.7744,30.0
LOAN000662,2023-09-30,0,0.0883,0.6541,0.0
LOAN000082,2023-09-30,30,0.2662,0.4105,0.0
LOAN000455,2023-09-30,60,0.1904,0.6423,0.0
LOAN000522,2023-09-30,0,0.1884,0.3795,0.0
LOAN000619,2023-09-30,0,0.1906,0.4039,0.0
LOAN000013,2023-09-30,0,0.1689,0.2891,0.0
LOAN000379,2023-09-30,30,0.1016,0.2201,30.0
LOAN000703,2023-09-30,0,0.13,0.6314,0.0
LOAN000009,2023-09-30,30,0.0472,0.7456,30.0
LOAN000876,2023-09-30,0,0.1022,0.7735,60.0
LOAN000315,2023-09-30,90,0.1021,0.5192,30.0
LOAN000611,2023-09-30,0,0.0521,0.6757,0.0
LOAN000262,2023-09-30,0,0.2382,0.2534,0.0
LOAN000232,2023-09-30,0,0.1941,0.7774,0.0
LOAN000727,2023-09-30,0,0.0196,0.8823,0.0
LOAN000360,2023-09-30,30,0.0684,0.5062,0.0
LOAN000244,2023-10-31,30,0.1746,0.2181,0.0
LOAN000913,2023-10-31,90,0.0688,0.668,0.0
LOAN000584,2023-10-31,0,0.0644,0.8244,0.0
LOAN000238,2023-10-31,0,0.0841,0.4859,60.0
LOAN000052,2023-10-31,0,0.0871,0.854,0.0
LOAN000086,2023-10-31,0,0.2467,0.7771,0.0
LOAN000324,2023-10-31,0,0.2722,0.2852,0.0
LOAN000865,2023-10-31,30,0.1327,0.2827,0.0
LOAN000794,2023-10-31,30,0.0466,0.709,30.0
LOAN000487,2023-10-31,30,0.0764,0.5164,0.0
LOAN000350,2023-10-31,30,0.0464,0.3769,30.0
LOAN000017,2023-10-31,0,0.1578,0.5377,90.0
LOAN000129,2023-10-31,0,0.1251,0.4696,0.0
LOAN000546,2023-10-31,0,0.1459,0.4664,0.0
LOAN000699,2023-10-31,30,0.0241,0.7288,60.0
LOAN000800,2023-10-31,30,0.0612,0.8769,0.0
LOAN000159,2023-10-31,90,0.0991,0.8692,60.0
LOAN000835,2023-10-31,30,0.1665,0.2098,0.0
LOAN000104,2023-10-31,0,0.2627,0.8413,0.0
LOAN000357,2023-10-31,0,0.2848,0.5884,30.0
LOAN000812,2023-10-31,0,0.1529,0.523,30.0
LOAN000566,2023-10-31,30,0.0122,0.6109,0.0
LOAN000931,2023-10-31,0,0.274,0.6949,0.0
LOAN000333,2023-10-31,0,0.1044,0.2178,0.0
LOAN000831,2023-10-31,30,0.1467,0.6646,0.0
LOAN000390,2023-10-31,30,0.1264,0.2204,0.0
LOAN000233,2023-10-31,0,0.2563,0.2477,0.0
LOAN000874,2023-10-31,0,0.0696,0.5306,90.0
LOAN000408,2023-10-31,0,0.1824,0.7254,0.0
LOAN000808,2023-10-31,90,0.0632,0.7816,60.0
LOAN000834,2023-10-31,0,0.1683,0.2636,60.0
LOAN000757,2023-10-31,0,0.2937,0.4365,0.0
LOAN000797,2023-10-31,60,0.2603,0.8815,60.0
LOAN000730,2023-10-31,0,0.0403,0.5775,60.0
LOAN000805,2023-10-31,0,0.062,0.4422,0.0
LOAN000504,2023-10-31,60,0.0442,0.2703,0.0
LOAN000716,2023-10-31,60,0.2898,0.3,0.0
LOAN000095,2023-10-31,0,0.0206,0.7435,0.0
LOAN000723,2023-10-31,0,0.0756,0.5566,30.0
LOAN000364,2023-10-31,60,0.2942,0.7547,30.0
LOAN000921,2023-10-31,0,0.0211,0.4545,0.0
LOAN000206,2023-10-31,0,0.0147,0.503,0.0
LOAN000338,2023-10-31,30,0.0915,0.7978,0.0
LOAN000460,2023-10-31,0,0.0957,0.6697,0.0
LOAN000868,2023-10-31,0,0.1268,0.5484,30.0
LOAN000480,2023-10-31,60,0.2331,0.4149,
LOAN000487,2023-10-31,0,0.0986,0.7414,30.0
LOAN000545,2023-10-31,0,0.0451,0.5296,90.0
LOAN000874,2023-10-31,0,0.1912,0.4736,0.0
LOAN000968,2023-10-31,0,0.1529,0.3117,0.0
LOAN000506,2023-10-31,0,0.1008,0.7376,
LOAN000631,2023-10-31,60,0.1065,0.3454,0.0
LOAN000128,2023-10-31,0,0.2022,0.7284,0.0
LOAN000024,2023-10-31,0,0.2196,0.8923,0.0
LOAN000370,2023-10-31,0,0.2975,0.8699,0.0
LOAN000563,2023-10-31,0,0.2269,0.3518,60.0
LOAN000427,2023-10-31,0,0.2044,0.385,0.0
LOAN000011,2023-10-31,30,0.1329,0.571,0.0
LOAN000732,2023-10-31,0,0.2686,0.6767,90.0
LOAN000362,2023-10-31,0,0.2166,0.6496,60.0
LOAN000723,2023-10-31,60,0.1926,0.6054,0.0
LOAN000851,2023-10-31,0,0.2871,0.4894,0.0
LOAN000257,2023-10-31,30,0.1499,0.694,30.0
LOAN000007,2023-10-31,0,0.2775,0.5305,0.0
LOAN000500,2023-10-31,0,0.157,0.7713,0.0
LOAN000002,2023-10-31,0,0.2425,0.8278,0.0
LOAN000406,2023-10-31,0,0.0338,0.7514,0.0
LOAN000443,2023-10-31,0,0.1397,0.8304,0.0
LOAN000662,2023-10-31,0,0.2113,0.7733,0.0
LOAN000153,2023-10-31,60,0.0786,0.8141,0.0
LOAN000735,2023-10-31,0,0.114,0.7177,0.0
LOAN000157,2023-10-31,0,0.2767,0.2953,0.0
LOAN000146,2023-10-31,0,0.1264,0.6307,
LOAN000393,2023-10-31,0,0.1138,0.4848,0.0
LOAN000712,2023-10-31,0,0.2324,0.8477,60.0
LOAN000557,2023-10-31,30,0.2858,0.391,0.0
LOAN000608,2023-10-31,0,0.2025,0.6988,0.0
LOAN000215,2023-10-31,0,0.0715,0.4088,0.0
LOAN000776,2023-10-31,60,0.1216,0.3626,30.0
LOAN000914,2023-10-31,60,0.0654,0.3712,0.0
LOAN000896,2023-10-31,30,0.2468,0.4124,60.0
LOAN000215,2023-10-31,0,0.2359,0.5734,0.0
LOAN000853,2023-10-31,0,0.0806,0.8741,0.0
LOAN000462,2023-10-31,0,0.2353,0.7699,0.0
LOAN000853,2023-10-31,90,0.16,0.3474,0.0
LOAN000584,2023-10-31,0,0.0524,0.3068,0.0
LOAN000410,2023-10-31,0,0.0704,0.2597,0.0
LOAN000407,2023-10-31,0,0.1765,0.3117,0.0
LOAN000864,2023-10-31,0,0.2163,0.8938,0.0
LOAN000187,2023-10-31,0,0.2937,0.4279,0.0
LOAN000771,2023-10-31,0,0.0851,0.366,0.0
LOAN000131,2023-10-31,0,0.1155,0.8414,0.0
LOAN000403,2023-10-31,90,0.1582,0.5361,30.0
LOAN000754,2023-10-31,0,0.0113,0.4542,30.0
LOAN000621,2023-10-31,30,0.1051,0.3341,60.0
LOAN000435,2023-10-31,0,0.0492,0.3701,30.0
LOAN000425,2023-10-31,0,0.15,0.6405,90.0
LOAN000681,2023-10-31,0,0.1734,0.5119,0.0
LOAN000458,2023-10-31,0,0.1105,0.7386,0.0
LOAN000937,2023-10-31,0,0.0256,0.5801,60.0
LOAN000265,2023-10-31,30,0.1635,0.4958,0.0
LOAN000497,2023-10-31,90,0.2086,0.6367,0.0
LOAN000653,2023-10-31,90,0.1501,0.4774,90.0
LOAN000504,2023-10-31,0,0.2725,0.5484,60.0
LOAN000466,2023-10-31,0,0.1575,0.4161,0.0
LOAN000716,2023-10-31,0,0.1183,0.2934,60.0
LOAN000470,2023-10-31,60,0.0276,0.5172,0.0
LOAN000159,2023-10-31,0,0.2704,0.316,90.0
LOAN000587,2023-10-31,30,0.0788,0.8416,0.0
LOAN000617,2023-10-31,0,0.2571,0.3991,30.0
LOAN000659,2023-10-31,0,0.1502,0.5547,0.0
LOAN000440,2023-10-31,0,0.2791,0.223,90.0
LOAN000662,2023-10-31,0,0.2104,0.6449,0.0
LOAN000813,2023-10-31,30,0.2414,0.5025,0.0
LOAN000090,2023-10-31,0,0.1578,0.4532,
LOAN000967,2023-10-31,0,0.1974,0.7892,30.0
LOAN000937,2023-10-31,0,0.2473,0.4046,0.0
LOAN000510,2023-10-31,0,0.1388,0.8351,90.0
LOAN000533,2023-10-31,30,0.1919,0.2247,60.0
LOAN000515,2023-10-31,0,0.0652,0.3795,60.0
LOAN000265,2023-10-31,30,0.2872,0.313,30.0
LOAN000742,2023-10-31,0,0.2197,0.2862,0.0
LOAN000362,2023-10-31,30,0.1999,0.4154,0.0
LOAN000105,2023-10-31,30,0.0636,0.7265,30.0
LOAN000322,2023-10-31,60,0.1079,0.3209,30.0
LOAN000086,2023-10-31,0,0.0737,0.5684,0.0
LOAN000688,2023-10-31,0,0.1162,0.2993,0.0
LOAN000832,2023-10-31,60,0.2987,0.2459,0.0
LOAN000023,2023-10-31,0,0.1877,0.206,0.0
LOAN000713,2023-10-31,0,0.2559,0.3767,0.0
LOAN000617,2023-10-31,30,0.2359,0.3015,0.0
LOAN000329,2023-10-31,90,0.0175,0.8711,30.0
LOAN000025,2023-10-31,0,0.17,0.3027,60.0
LOAN000643,2023-10-31,0,0.1253,0.562,60.0
LOAN000288,2023-10-31,0,0.1692,0.5714,0.0
LOAN000839,2023-10-31,0,0.2421,0.6138,60.0
LOAN000824,2023-10-31,0,0.0926,0.8649,0.0
LOAN000467,2023-10-31,30,0.1712,0.6041,0.0
LOAN000168,2023-10-31,90,0.2723,0.444,0.0
LOAN000068,2023-10-31,0,0.1112,0.5338,0.0
LOAN000905,2023-10-31,0,0.2564,0.7842,0.0
LOAN000449,2023-10-31,30,0.0217,0.5782,0.0
LOAN000220,2023-10-31,60,0.1154,0.2261,0.0
LOAN000600,2023-10-31,60,0.0819,0.5914,0.0
LOAN000196,2023-10-31,0,0.0726,0.6735,30.0
LOAN000301,2023-10-31,0,0.2172,0.3517,0.0
LOAN000249,2023-10-31,0,0.0654,0.6471,0.0
LOAN000526,2023-10-31,60,0.2032,0.4464,0.0
LOAN000409,2023-10-31,0,0.2361,0.7876,0.0
LOAN000183,2023-10-31,30,0.094,0.4036,0.0
LOAN000189,2023-10-31,0,0.2516,0.8484,0.0
LOAN000594,2023-10-31,0,0.0179,0.7186,0.0
LOAN000078,2023-10-31,60,0.2103,0.3556,0.0
LOAN000859,2023-10-31,30,0.0383,0.8074,0.0
LOAN000948,2023-10-31,0,0.2409,0.7769,30.0
LOAN000315,2023-10-31,30,0.2875,0.3327,90.0
LOAN000015,2023-10-31,0,0.0465,0.8275,0.0
LOAN000752,2023-10-31,0,0.0486,0.3241,0.0
LOAN000473,2023-10-31,0,0.1315,0.811,30.0
LOAN000408,2023-10-31,0,0.0988,0.8195,0.0
LOAN000141,2023-10-31,0,0.0277,0.6449,0.0
LOAN000409,2023-10-31,0,0.2404,0.6469,0.0
LOAN000832,2023-10-31,0,0.1419,0.8849,60.0
LOAN000831,2023-10-31,60,0.2538,0.5177,30.0
LOAN000148,2023-10-31,60,0.256,0.5087,60.0
LOAN000991,2023-10-31,0,0.2395,0.3518,0.0
LOAN000330,2023-10-31,0,0.2631,0.6928,60.0
LOAN000487,2023-10-31,0,0.1781,0.8704,0.0
LOAN000438,2023-10-31,0,0.0751,0.5048,0.0
LOAN000476,2023-10-31,30,0.1171,0.2609,30.0
LOAN000734,2023-10-31,0,0.0254,0.6201,0.0
LOAN000049,2023-10-31,0,0.2171,0.5746,0.0
LOAN000114,2023-10-31,0,0.1204,0.6498,0.0
LOAN000719,2023-10-31,0,0.0264,0.5698,60.0
LOAN000794,2023-10-31,0,0.2423,0.4668,30.0
LOAN000689,2023-10-31,90,0.2414,0.4665,0.0
LOAN000071,2023-10-31,30,0.234,0.8736,0.0
LOAN000981,2023-10-31,0,0.0976,0.3771,0.0
LOAN000913,2023-10-31,0,0.118,0.4669,90.0
LOAN000171,2023-10-31,0,0.2403,0.7694,60.0
LOAN000516,2023-10-31,0,0.2694,0.4432,
LOAN000620,2023-10-31,60,0.1147,0.2195,0.0
LOAN000602,2023-10-31,0,0.2452,0.814,0.0
LOAN000251,2023-10-31,0,0.0125,0.6894,0.0
LOAN000250,2023-10-31,0,0.05,0.4774,30.0
LOAN000890,2023-10-31,0,0.1898,0.6775,0.0
LOAN000730,2023-10-31,0,0.1985,0.6574,0.0
LOAN000076,2023-10-31,0,0.2261,0.4384,0.0
LOAN000652,2023-10-31,0,0.1973,0.8546,60.0
LOAN000212,2023-10-31,0,0.1424,0.421,60.0
LOAN000440,2023-10-31,0,0.1671,0.7062,0.0
LOAN000376,2023-10-31,0,0.2757,0.2959,0.0
LOAN000792,2023-10-31,0,0.186,0.6923,0.0
LOAN000506,2023-10-31,0,0.1389,0.797,0.0
LOAN000580,2023-10-31,30,0.1057,0.3843,0.0
LOAN000377,2023-10-31,0,0.1373,0.6674,30.0
LOAN000894,2023-10-31,0,0.0864,0.6186,0.0
LOAN000108,2023-10-31,0,0.1074,0.5422,30.0
LOAN000066,2023-10-31,60,0.1302,0.6788,60.0
LOAN000105,2023-10-31,0,0.1665,0.6544,30.0
LOAN000021,2023-10-31,0,0.2844,0.7083,60.0
LOAN000728,2023-10-31,30,0.0803,0.5853,30.0
LOAN000570,2023-10-31,0,0.2175,0.4174,0.0
LOAN000485,2023-10-31,60,0.2569,0.6602,30.0
LOAN000353,2023-10-31,30,0.238,0.7481,30.0
LOAN000909,2023-10-31,30,0.266,0.8494,0.0
LOAN000256,2023-10-31,0,0.0527,0.8544,60.0
LOAN000580,2023-10-31,60,0.1439,0.518,30.0
LOAN000818,2023-10-31,30,0.2033,0.8242,0.0
LOAN000416,2023-10-31,0,0.0833,0.6578,30.0
LOAN000463,2023-10-31,0,0.12,0.6305,0.0
LOAN000736,2023-10-31,0,0.1523,0.4852,0.0
LOAN000546,2023-10-31,30,0.0928,0.7339,0.0
LOAN000512,2023-10-31,30,0.0869,0.6206,0.0
LOAN000824,2023-10-31,30,0.0464,0.4252,0.0
LOAN000746,2023-10-31,0,0.2299,0.76,0.0
LOAN000990,2023-10-31,0,0.2885,0.7666,0.0
LOAN000404,2023-10-31,0,0.2431,0.2106,30.0
LOAN000544,2023-10-31,0,0.148,0.4675,30.0
LOAN000605,2023-10-31,60,0.154,0.3323,0.0
LOAN000846,2023-10-31,30,0.2775,0.2837,0.0
LOAN000938,2023-10-31,0,0.1846,0.4446,0.0
LOAN000186,2023-10-31,0,0.1168,0.5377,0.0
LOAN000287,2023-10-31,30,0.2526,0.556,60.0
LOAN000798,2023-10-31,0,0.2086,0.8799,0.0
LOAN000647,2023-10-31,30,0.2507,0.5484,60.0
LOAN000270,2023-10-31,30,0.2031,0.3111,0.0
LOAN000865,2023-10-31,0,0.1793,0.7053,30.0
LOAN000433,2023-10-31,60,0.1045,0.8051,60.0
LOAN000247,2023-10-31,0,0.2808,0.5987,90.0
LOAN000365,2023-10-31,30,0.1582,0.5869,30.0
LOAN000017,2023-10-31,0,0.0939,0.4835,0.0
LOAN000903,2023-10-31,0,0.2108,0.4766,
LOAN000201,2023-10-31,0,0.1448,0.3213,90.0
LOAN000360,2023-10-31,60,0.1455,0.837,30.0
LOAN000021,2023-10-31,0,0.0977,0.3742,0.0
LOAN000785,2023-10-31,0,0.1844,0.8978,60.0
LOAN000011,2023-10-31,0,0.2964,0.3404,30.0
LOAN000221,2023-10-31,60,0.2185,0.236,0.0
LOAN000738,2023-10-31,60,0.1257,0.6122,0.0
LOAN000034,2023-10-31,0,0.2805,0.871,0.0
LOAN000082,2023-10-31,30,0.2508,0.3175,30.0
LOAN000442,2023-10-31,0,0.068,0.6818,0.0
LOAN000605,2023-10-31,0,0.021,0.4128,60.0
LOAN000181,2023-10-31,0,0.2412,0.4235,0.0
LOAN000416,2023-10-31,30,0.2161,0.6998,0.0
LOAN000262,2023-10-31,30,0.2645,0.8424,0.0
LOAN000430,2023-10-31,0,0.0354,0.4341,0.0
LOAN000386,2023-10-31,0,0.2773,0.7049,30.0
LOAN000072,2023-10-31,0,0.2281,0.5082,0.0
LOAN000969,2023-10-31,0,0.2271,0.8695,0.0
LOAN000119,2023-10-31,30,0.1995,0.589,0.0
LOAN000264,2023-10-31,0,0.1047,0.765,0.0
LOAN000555,2023-10-31,0,0.2804,0.6294,0.0
LOAN000121,2023-10-31,60,0.0499,0.4253,0.0
LOAN000231,2023-10-31,30,0.0756,0.5325,0.0
LOAN000964,2023-10-31,30,0.2339,0.7461,0.0
LOAN000322,2023-10-31,0,0.1822,0.5614,60.0
LOAN000551,2023-10-31,0,0.1082,0.8372,90.0
LOAN000434,2023-10-31,0,0.2465,0.3913,
LOAN000044,2023-10-31,0,0.2081,0.2444,0.0
LOAN000328,2023-10-31,60,0.1727,0.5639,0.0
LOAN000452,2023-10-31,0,0.1083,0.5361,0.0
LOAN000966,2023-10-31,0,0.1776,0.2966,0.0
LOAN000800,2023-10-31,0,0.1123,0.6788,30.0
LOAN000976,2023-10-31,0,0.169,0.4105,0.0
LOAN000964,2023-10-31,0,0.2779,0.288,30.0
LOAN000623,2023-10-31,90,0.1498,0.706,0.0
LOAN000220,2023-10-31,0,0.2472,0.2428,60.0
LOAN000744,2023-10-31,0,0.1788,0.6991,30.0
LOAN000234,2023-10-31,0,0.17,0.7776,60.0
LOAN000740,2023-10-31,0,0.0672,0.7399,0.0
LOAN000156,2023-10-31,60,0.0687,0.6142,0.0
LOAN000452,2023-10-31,0,0.2402,0.6884,0.0
LOAN000206,2023-10-31,0,0.0653,0.792,0.0
LOAN000338,2023-10-31,0,0.0742,0.8439,30.0
LOAN000495,2023-10-31,0,0.1989,0.3844,0.0
LOAN000161,2023-10-31,0,0.2029,0.3501,0.0
LOAN000757,2023-10-31,0,0.1843,0.6966,0.0
LOAN000619,2023-10-31,0,0.0872,0.8529,0.0
LOAN000762,2023-10-31,0,0.1089,0.7727,0.0
LOAN000906,2023-10-31,0,0.2652,0.3833,0.0
LOAN000094,2023-10-31,0,0.2738,0.8237,0.0
LOAN000184,2023-10-31,0,0.2227,0.6845,90.0
LOAN000332,2023-10-31,0,0.2957,0.2745,0.0
LOAN000777,2023-10-31,0,0.0769,0.6688,0.0
LOAN000483,2023-10-31,0,0.0906,0.4341,0.0
LOAN000522,2023-10-31,0,0.2871,0.5649,0.0
LOAN000404,2023-10-31,30,0.1876,0.7725,0.0
LOAN000583,2023-10-31,0,0.2785,0.827,0.0
LOAN000478,2023-10-31,0,0.0187,0.6843,60.0
LOAN000435,2023-10-31,60,0.289,0.6585,0.0
LOAN000407,2023-10-31,0,0.0308,0.3212,0.0
LOAN000235,2023-10-31,30,0.129,0.3455,0.0
LOAN000285,2023-10-31,60,0.2673,0.3159,0.0
LOAN000840,2023-10-31,0,0.135,0.5726,0.0
LOAN000407,2023-10-31,0,0.0307,0.2043,0.0
LOAN000373,2023-10-31,90,0.1402,0.4193,0.0
LOAN000622,2023-10-31,0,0.1225,0.2703,30.0
LOAN000180,2023-10-31,0,0.1491,0.4196,0.0
LOAN000644,2023-10-31,0,0.2171,0.4019,0.0
LOAN000891,2023-10-31,90,0.0712,0.2681,0.0
LOAN000686,2023-10-31,0,0.0446,0.6813,0.0
LOAN000015,2023-10-31,30,0.2669,0.4639,0.0
LOAN000576,2023-10-31,90,0.0432,0.7856,30.0
LOAN000029,2023-10-31,30,0.0263,0.2129,30.0
LOAN000006,2023-10-31,0,0.0347,0.2852,0.0
LOAN000838,2023-10-31,0,0.2186,0.8281,0.0
LOAN000889,2023-10-31,0,0.2786,0.6094,0.0
LOAN000045,2023-10-31,0,0.258,0.8908,0.0
LOAN000554,2023-10-31,0,0.2191,0.5716,0.0
LOAN000519,2023-10-31,30,0.2416,0.8155,0.0
LOAN000262,2023-10-31,0,0.0936,0.3621,30.0
LOAN000360,2023-10-31,0,0.0547,0.6467,60.0
LOAN000480,2023-10-31,0,0.0408,0.621,60.0
LOAN000558,2023-10-31,0,0.1234,0.65,30.0
LOAN000816,2023-10-31,0,0.2363,0.5029,0.0
LOAN000433,2023-10-31,0,0.2615,0.8053,60.0
LOAN000810,2023-10-31,0,0.0752,0.2022,90.0
LOAN000371,2023-10-31,30,0.1154,0.757,0.0
LOAN000597,2023-10-31,0,0.0741,0.3134,90.0
LOAN000497,2023-10-31,0,0.1737,0.8419,90.0
LOAN000152,2023-10-31,0,0.0163,0.4905,30.0
LOAN000413,2023-10-31,60,0.1263,0.3456,0.0
LOAN000717,2023-10-31,30,0.088,0.2687,0.0
LOAN000518,2023-10-31,60,0.2429,0.501,0.0
LOAN000641,2023-10-31,0,0.1134,0.8982,60.0
LOAN000162,2023-10-31,30,0.0868,0.8377,0.0
LOAN000674,2023-10-31,30,0.1431,0.4959,60.0
LOAN000408,2023-10-31,0,0.1739,0.6487,0.0
LOAN000204,2023-10-31,0,0.1697,0.4759,0.0
LOAN000651,2023-10-31,60,0.057,0.3808,0.0
LOAN000585,2023-10-31,0,0.2027,0.8798,0.0
LOAN000803,2023-10-31,0,0.0165,0.2829,0.0
LOAN000859,2023-10-31,90,0.278,0.7192,30.0
LOAN000412,2023-10-31,0,0.1935,0.6407,0.0
LOAN000997,2023-10-31,0,0.1105,0.8408,0.0
LOAN000607,2023-10-31,0,0.1935,0.4465,90.0
LOAN000805,2023-10-31,60,0.1753,0.3433,0.0
LOAN000519,2023-10-31,90,0.1874,0.742,30.0
LOAN000921,2023-10-31,30,0.1981,0.7885,0.0
LOAN000947,2023-10-31,30,0.0786,0.2723,0.0
LOAN000287,2023-10-31,0,0.0272,0.6947,30.0
LOAN000719,2023-10-31,0,0.1934,0.2895,0.0
LOAN000445,2023-10-31,0,0.2524,0.4257,60.0
LOAN000316,2023-10-31,0,0.0168,0.8758,0.0
LOAN000007,2023-10-31,0,0.1363,0.3333,0.0
LOAN000105,2023-10-31,0,0.1159,0.4491,0.0
LOAN000045,2023-10-31,0,0.0529,0.7192,0.0
LOAN000494,2023-10-31,0,0.0321,0.6996,30.0
LOAN000770,2023-10-31,0,0.2653,0.7091,90.0
LOAN000960,2023-10-31,30,0.0933,0.2809,30.0
LOAN000072,2023-10-31,0,0.0758,0.8393,0.0
LOAN000327,2023-10-31,0,0.2966,0.5598,0.0
LOAN000741,2023-10-31,0,0.0494,0.6554,0.0
LOAN000068,2023-10-31,0,0.1919,0.7058,0.0
LOAN000854,2023-10-31,0,0.1139,0.6936,30.0
LOAN000529,2023-10-31,60,0.267,0.6842,0.0
LOAN000064,2023-10-31,30,0.2764,0.6353,0.0
LOAN000327,2023-10-31,60,0.2319,0.7171,0.0
LOAN000871,2023-10-31,60,0.0943,0.5721,30.0
LOAN000548,2023-10-31,60,0.042,0.3293,0.0
LOAN000417,2023-10-31,0,0.1424,0.744,0.0
LOAN000983,2023-10-31,0,0.1323,0.7683,60.0
LOAN000888,2023-10-31,90,0.1724,0.4853,90.0
LOAN000731,2023-10-31,0,0.2937,0.8791,0.0
LOAN000303,2023-10-31,0,0.2164,0.4185,0.0
LOAN000096,2023-10-31,0,0.1486,0.6929,60.0
LOAN000856,2023-10-31,0,0.0119,0.5993,0.0
LOAN000376,2023-10-31,30,0.0279,0.272,0.0
LOAN000409,2023-10-31,0,0.0961,0.2371,0.0
LOAN000492,2023-10-31,0,0.095,0.236,0.0
LOAN000698,2023-10-31,0,0.1684,0.8712,0.0
LOAN000353,2023-10-31,0,0.2926,0.7591,30.0
LOAN000055,2023-10-31,0,0.0745,0.827,0.0
LOAN000439,2023-10-31,90,0.1552,0.3893,60.0
LOAN000050,2023-10-31,60,0.2711,0.497,30.0
LOAN000386,2023-10-31,0,0.1709,0.3199,0.0
LOAN000873,2023-10-31,0,0.0388,0.7544,60.0
LOAN000461,2023-10-31,0,0.2029,0.2393,0.0
LOAN000298,2023-10-31,0,0.0923,0.5602,0.0
LOAN000341,2023-10-31,30,0.0101,0.7019,0.0
LOAN000000,2023-10-31,0,0.2672,0.2431,30.0
LOAN000961,2023-10-31,60,0.288,0.7214,60.0
LOAN000651,2023-10-31,0,0.0842,0.703,60.0
LOAN000568,2023-10-31,0,0.0285,0.4685,0.0
LOAN000149,2023-10-31,0,0.021,0.2675,0.0
LOAN000296,2023-10-31,0,0.277,0.6832,0.0
LOAN000534,2023-10-31,60,0.2224,0.3014,90.0
LOAN000025,2023-10-31,0,0.0662,0.4873,0.0
LOAN000828,2023-10-31,0,0.1151,0.8133,0.0
LOAN000431,2023-10-31,0,0.0343,0.8826,0.0
LOAN000769,2023-10-31,0,0.2532,0.7754,60.0
LOAN000465,2023-10-31,0,0.1726,0.8857,0.0
LOAN000783,2023-10-31,0,0.0844,0.2295,30.0
LOAN000755,2023-10-31,0,0.0875,0.8782,0.0
LOAN000593,2023-10-31,90,0.0936,0.5706,0.0
LOAN000373,2023-10-31,90,0.2355,0.3469,90.0
LOAN000153,2023-10-31,0,0.0968,0.8546,60.0
LOAN000553,2023-10-31,0,0.1596,0.2164,
LOAN000915,2023-11-30,0,0.2017,0.7759,30.0
LOAN000064,2023-11-30,0,0.1485,0.5095,30.0
LOAN000222,2023-11-30,0,0.1261,0.2599,0.0
LOAN000970,2023-11-30,0,0.0594,0.3283,0.0
LOAN000932,2023-11-30,30,0.0139,0.5817,0.0
LOAN000080,2023-11-30,0,0.0332,0.2791,60.0
LOAN000808,2023-11-30,0,0.1612,0.7179,90.0
LOAN000827,2023-11-30,0,0.0319,0.3756,0.0
LOAN000091,2023-11-30,0,0.2365,0.3681,0.0
LOAN000740,2023-11-30,0,0.2913,0.7255,0.0
LOAN000625,2023-11-30,0,0.2718,0.6925,30.0
LOAN000149,2023-11-30,0,0.064,0.3681,0.0
LOAN000965,2023-11-30,0,0.0615,0.2661,60.0
LOAN000911,2023-11-30,0,0.2327,0.5487,0.0
LOAN000100,2023-11-30,0,0.1694,0.4429,0.0
LOAN000722,2023-11-30,0,0.1562,0.599,0.0
LOAN000407,2023-11-30,0,0.1406,0.7072,0.0
LOAN000701,2023-11-30,0,0.1712,0.5835,30.0
LOAN000986,2023-11-30,60,0.2283,0.8035,0.0
LOAN000705,2023-11-30,0,0.2869,0.5439,0.0
LOAN000897,2023-11-30,0,0.1347,0.2367,
LOAN000956,2023-11-30,60,0.2146,0.6613,0.0
LOAN000872,2023-11-30,0,0.2145,0.7158,0.0
LOAN000720,2023-11-30,30,0.0764,0.3813,0.0
LOAN000938,2023-11-30,0,0.1878,0.363,0.0
LOAN000549,2023-11-30,0,0.2521,0.6965,0.0
LOAN000834,2023-11-30,90,0.1998,0.8076,0.0
LOAN000810,2023-11-30,0,0.1237,0.4823,0.0
LOAN000556,2023-11-30,0,0.1423,0.6801,60.0
LOAN000206,2023-11-30,0,0.2528,0.8361,0.0
LOAN000580,2023-11-30,0,0.1884,0.3448,60.0
LOAN000623,2023-11-30,0,0.1989,0.554,90.0
LOAN000741,2023-11-30,0,0.0885,0.4054,0.0
LOAN000132,2023-11-30,0,0.0219,0.493,0.0
LOAN000058,2023-11-30,0,0.0756,0.3596,0.0
LOAN000066,2023-11-30,0,0.1302,0.6384,60.0
LOAN000162,2023-11-30,0,0.0435,0.2219,30.0
LOAN000186,2023-11-30,0,0.0823,0.578,0.0
LOAN000041,2023-11-30,30,0.2002,0.6311,0.0
LOAN000866,2023-11-30,0,0.062,0.2003,30.0
LOAN000529,2023-11-30,30,0.24,0.8544,60.0
LOAN000563,2023-11-30,90,0.131,0.2649,0.0
LOAN000165,2023-11-30,0,0.2341,0.4365,0.0
LOAN000261,2023-11-30,0,0.2301,0.5397,30.0
LOAN000308,2023-11-30,0,0.0115,0.7819,0.0
LOAN000477,2023-11-30,0,0.2841,0.6319,30.0
LOAN000278,2023-11-30,0,0.209,0.3313,0.0
LOAN000200,2023-11-30,30,0.13,0.689,90.0
LOAN000120,2023-11-30,0,0.0233,0.3379,0.0
LOAN000356,2023-11-30,30,0.2507,0.493,0.0
LOAN000516,2023-11-30,30,0.1266,0.6535,0.0
LOAN000760,2023-11-30,0,0.0812,0.323,0.0
LOAN000947,2023-11-30,30,0.0545,0.7893,30.0
LOAN000572,2023-11-30,0,0.0986,0.7912,0.0
LOAN000086,2023-11-30,0,0.0424,0.4893,0.0
LOAN000912,2023-11-30,90,0.102,0.5169,60.0
LOAN000131,2023-11-30,0,0.2768,0.4513,0.0
LOAN000830,2023-11-30,0,0.0424,0.3176,0.0
LOAN000641,2023-11-30,30,0.0918,0.8585,0.0
LOAN000979,2023-11-30,60,0.2722,0.4745,0.0
LOAN000175,2023-11-30,0,0.1141,0.734,0.0
LOAN000523,2023-11-30,30,0.2559,0.4736,0.0
LOAN000716,2023-11-30,0,0.1171,0.316,0.0
LOAN000273,2023-11-30,0,0.1531,0.8439,90.0
LOAN000930,2023-11-30,0,0.1971,0.7001,0.0
LOAN000053,2023-11-30,30,0.1218,0.6928,30.0
LOAN000480,2023-11-30,0,0.1902,0.6375,0.0
LOAN000046,2023-11-30,0,0.2667,0.7069,0.0
LOAN000605,2023-11-30,0,0.1031,0.7735,0.0
LOAN000317,2023-11-30,60,0.0566,0.3411,90.0
LOAN000207,2023-11-30,0,0.213,0.6829,30.0
LOAN000649,2023-11-30,60,0.175,0.7183,0.0
LOAN000121,2023-11-30,0,0.1605,0.6308,60.0
LOAN000099,2023-11-30,30,0.0495,0.8036,
LOAN000225,2023-11-30,0,0.0517,0.389,0.0
LOAN000940,2023-11-30,60,0.1203,0.595,0.0
LOAN000792,2023-11-30,0,0.2971,0.8207,0.0
LOAN000935,2023-11-30,30,0.0104,0.2827,0.0
LOAN000350,2023-11-30,30,0.1329,0.6175,30.0
LOAN000754,2023-11-30,30,0.0211,0.8036,0.0
LOAN000621,2023-11-30,30,0.0976,0.8441,30.0
LOAN000780,2023-11-30,0,0.0785,0.764,30.0
LOAN000181,2023-11-30,0,0.2084,0.3428,0.0
LOAN000141,2023-11-30,30,0.0827,0.4895,0.0
LOAN000106,2023-11-30,0,0.073,0.6648,90.0
LOAN000646,2023-11-30,30,0.0272,0.532,0.0
LOAN000169,2023-11-30,0,0.2593,0.7537,0.0
LOAN000506,2023-11-30,0,0.2257,0.4615,0.0
LOAN000674,2023-11-30,60,0.1652,0.5164,30.0
LOAN000885,2023-11-30,0,0.1893,0.8373,90.0
LOAN000129,2023-11-30,0,0.17,0.4009,0.0
LOAN000126,2023-11-30,0,0.271,0.5403,0.0
LOAN000727,2023-11-30,30,0.0175,0.3144,0.0
LOAN000114,2023-11-30,0,0.0226,0.8665,0.0
LOAN000502,2023-11-30,0,0.2364,0.602,0.0
LOAN000181,2023-11-30,0,0.2713,0.7849,0.0
LOAN000172,2023-11-30,0,0.2177,0.2267,0.0
LOAN000772,2023-11-30,0,0.1602,0.6445,0.0
LOAN000226,2023-11-30,30,0.2263,0.873,0.0
LOAN000009,2023-11-30,0,0.1863,0.6852,30.0
LOAN000616,2023-11-30,0,0.1929,0.7817,0.0
LOAN000670,2023-11-30,0,0.1221,0.2541,0.0
LOAN000149,2023-11-30,60,0.043,0.3824,0.0
LOAN000135,2023-11-30,0,0.0332,0.4448,0.0
LOAN000091,2023-11-30,0,0.0829,0.5424,0.0
LOAN000072,2023-11-30,30,0.0376,0.2548,0.0
LOAN000918,2023-11-30,0,0.2039,0.5883,0.0
LOAN000050,2023-11-30,60,0.0686,0.6008,60.0
LOAN000739,2023-11-30,0,0.0369,0.8374,0.0
LOAN000796,2023-11-30,0,0.1882,0.209,0.0
LOAN000581,2023-11-30,30,0.2242,0.3303,30.0
LOAN000608,2023-11-30,0,0.2257,0.2936,0.0
LOAN000234,2023-11-30,0,0.2231,0.6998,0.0
LOAN000022,2023-11-30,0,0.2247,0.5477,0.0
LOAN000689,2023-11-30,30,0.0244,0.8828,90.0
LOAN000366,2023-11-30,60,0.2108,0.3244,
LOAN000235,2023-11-30,0,0.0866,0.2346,30.0
LOAN000048,2023-11-30,0,0.0706,0.4915,30.0
LOAN000683,2023-11-30,30,0.2824,0.4945,0.0
LOAN000437,2023-11-30,0,0.2997,0.5795,0.0
LOAN000013,2023-11-30,30,0.2104,0.3806,0.0
LOAN000077,2023-11-30,30,0.2081,0.8975,0.0
LOAN000964,2023-11-30,60,0.1366,0.6959,0.0
LOAN000755,2023-11-30,0,0.2816,0.5929,0.0
LOAN000253,2023-11-30,60,0.2514,0.8841,0.0
LOAN000846,2023-11-30,0,0.1928,0.7291,30.0
LOAN000613,2023-11-30,60,0.1097,0.7324,0.0
LOAN000888,2023-11-30,0,0.2903,0.2284,90.0
LOAN000692,2023-11-30,0,0.0584,0.74,60.0
LOAN000158,2023-11-30,0,0.1623,0.6774,0.0
LOAN000888,2023-11-30,90,0.0345,0.8815,0.0
LOAN000154,2023-11-30,0,0.0693,0.4519,30.0
LOAN000708,2023-11-30,30,0.0219,0.389,0.0
LOAN000390,2023-11-30,0,0.0802,0.8426,30.0
LOAN000552,2023-11-30,0,0.2102,0.4226,30.0
LOAN000026,2023-11-30,0,0.2567,0.3403,30.0
LOAN000935,2023-11-30,0,0.0848,0.7323,30.0
LOAN000428,2023-11-30,0,0.1277,0.6113,30.0
LOAN000138,2023-11-30,0,0.1368,0.735,0.0
LOAN000378,2023-11-30,0,0.2269,0.7756,0.0
LOAN000564,2023-11-30,0,0.019,0.8415,0.0
LOAN000045,2023-11-30,0,0.0472,0.5757,0.0
LOAN000917,2023-11-30,0,0.2568,0.892,60.0
LOAN000463,2023-11-30,90,0.0249,0.4095,0.0
LOAN000152,2023-11-30,0,0.0104,0.5799,0.0
LOAN000806,2023-11-30,0,0.2602,0.2264,0.0
LOAN000768,2023-11-30,0,0.1974,0.3641,0.0
LOAN000826,2023-11-30,0,0.1782,0.3728,0.0
LOAN000604,2023-11-30,90,0.2282,0.3515,
LOAN000905,2023-11-30,0,0.031,0.7491,0.0
LOAN000929,2023-11-30,30,0.0266,0.7649,0.0
LOAN000241,2023-11-30,0,0.2542,0.5583,0.0
LOAN000510,2023-11-30,0,0.1848,0.5493,0.0
LOAN000561,2023-11-30,0,0.059,0.5367,30.0
LOAN000899,2023-11-30,0,0.042,0.503,
LOAN000548,2023-11-30,0,0.284,0.8609,60.0
LOAN000674,2023-11-30,0,0.179,0.3121,60.0
LOAN000346,2023-11-30,0,0.2943,0.5942,0.0
LOAN000136,2023-11-30,0,0.0359,0.6575,0.0
LOAN000539,2023-11-30,60,0.1553,0.8561,0.0
LOAN000463,2023-11-30,0,0.1294,0.2868,90.0
LOAN000636,2023-11-30,0,0.0826,0.6174,90.0
LOAN000265,2023-11-30,30,0.0926,0.4168,30.0
LOAN000862,2023-11-30,0,0.0241,0.7565,0.0
LOAN000609,2023-11-30,60,0.213,0.6261,0.0
LOAN000368,2023-11-30,0,0.2341,0.2603,0.0
LOAN000175,2023-11-30,0,0.0308,0.7647,0.0
LOAN000431,2023-11-30,30,0.1789,0.5532,0.0
LOAN000272,2023-11-30,0,0.1795,0.7854,0.0
LOAN000136,2023-11-30,0,0.2222,0.3839,0.0
LOAN000342,2023-11-30,90,0.2868,0.2924,0.0
LOAN000925,2023-11-30,0,0.1948,0.3194,30.0
LOAN000878,2023-11-30,60,0.173,0.4927,0.0
LOAN000768,2023-11-30,0,0.0917,0.2493,0.0
LOAN000938,2023-11-30,30,0.1591,0.7248,0.0
LOAN000001,2023-11-30,0,0.1915,0.8097,0.0
LOAN000855,2023-11-30,0,0.0691,0.2264,60.0
LOAN000702,2023-11-30,0,0.2297,0.3992,30.0
LOAN000763,2023-11-30,0,0.0225,0.8774,90.0
LOAN000174,2023-11-30,0,0.231,0.4965,60.0
LOAN000600,2023-11-30,60,0.2775,0.5359,60.0
LOAN000977,2023-11-30,0,0.0988,0.3128,30.0
LOAN000725,2023-11-30,0,0.1527,0.676,0.0
LOAN000689,2023-11-30,0,0.2494,0.7343,30.0
LOAN000934,2023-11-30,30,0.2468,0.3988,0.0
LOAN000430,2023-11-30,0,0.099,0.713,0.0
LOAN000774,2023-11-30,60,0.268,0.3994,0.0
LOAN000550,2023-11-30,0,0.2781,0.4115,0.0
LOAN000457,2023-11-30,30,0.2609,0.5378,0.0
LOAN000328,2023-11-30,0,0.2551,0.2176,60.0
LOAN000612,2023-11-30,60,0.0774,0.7276,60.0
LOAN000829,2023-11-30,90,0.1473,0.2637,0.0
LOAN000397,2023-11-30,30,0.1039,0.441,0.0
LOAN000010,2023-11-30,90,0.241,0.2282,30.0
LOAN000434,2023-11-30,60,0.1338,0.6624,0.0
LOAN000046,2023-11-30,0,0.188,0.8284,0.0
LOAN000961,2023-11-30,30,0.1841,0.6711,60.0
LOAN000473,2023-11-30,60,0.0224,0.7994,0.0
LOAN000904,2023-11-30,30,0.1346,0.5761,0.0
LOAN000767,2023-11-30,0,0.2733,0.8455,0.0
LOAN000740,2023-11-30,0,0.1894,0.2202,0.0
LOAN000814,2023-11-30,0,0.1337,0.5332,0.0
LOAN000987,2023-11-30,0,0.1533,0.2822,0.0
LOAN000529,2023-11-30,0,0.0577,0.7837,30.0
LOAN000139,2023-11-30,0,0.2488,0.788,0.0
LOAN000532,2023-11-30,60,0.1279,0.5209,0.0
LOAN000865,2023-11-30,90,0.1007,0.7151,0.0
LOAN000690,2023-11-30,60,0.0356,0.499,0.0
LOAN000795,2023-11-30,0,0.2819,0.8509,60.0
LOAN000629,2023-11-30,60,0.0327,0.3178,0.0
LOAN000243,2023-11-30,0,0.1006,0.5588,0.0
LOAN000397,2023-11-30,0,0.1809,0.2307,30.0
LOAN000709,2023-11-30,0,0.0149,0.5549,30.0
LOAN000356,2023-11-30,0,0.2054,0.5277,30.0
LOAN000113,2023-11-30,0,0.0661,0.6351,
LOAN000042,2023-11-30,0,0.0776,0.7146,0.0
LOAN000800,2023-11-30,0,0.1341,0.6197,0.0
LOAN000030,2023-11-30,0,0.264,0.383,0.0
LOAN000878,2023-11-30,0,0.2567,0.7363,60.0
LOAN000706,2023-11-30,0,0.0969,0.7289,0.0
LOAN000916,2023-11-30,0,0.0862,0.482,0.0
LOAN000144,2023-11-30,30,0.1747,0.5605,0.0
LOAN000226,2023-11-30,0,0.2757,0.31,30.0
LOAN000869,2023-11-30,0,0.1626,0.222,0.0
LOAN000787,2023-11-30,0,0.0161,0.8718,0.0
LOAN000548,2023-11-30,0,0.0194,0.4543,0.0
LOAN000497,2023-11-30,30,0.0904,0.6194,0.0
LOAN000737,2023-11-30,0,0.0743,0.7863,0.0
LOAN000163,2023-11-30,0,0.0509,0.8964,0.0
LOAN000592,2023-11-30,0,0.198,0.3722,60.0
LOAN000870,2023-11-30,0,0.281,0.401,0.0
LOAN000572,2023-11-30,0,0.0169,0.7601,0.0
LOAN000081,2023-11-30,0,0.1121,0.3409,30.0
LOAN000408,2023-11-30,0,0.2628,0.7436,0.0
LOAN000034,2023-11-30,0,0.0913,0.2169,0.0
LOAN000021,2023-11-30,0,0.2837,0.4182,0.0
LOAN000319,2023-11-30,0,0.1161,0.3507,30.0
LOAN000505,2023-11-30,30,0.1823,0.6887,0.0
LOAN000571,2023-11-30,0,0.1183,0.7019,0.0
LOAN000151,2023-11-30,0,0.0592,0.3068,30.0
LOAN000394,2023-11-30,0,0.1177,0.4487,30.0
LOAN000666,2023-11-30,0,0.2262,0.8858,0.0
LOAN000800,2023-11-30,0,0.1974,0.2546,0.0
LOAN000620,2023-11-30,0,0.2353,0.5992,60.0
LOAN000178,2023-11-30,0,0.2781,0.3288,0.0
LOAN000455,2023-11-30,60,0.2042,0.8639,60.0
LOAN000222,2023-11-30,60,0.2367,0.5504,0.0
LOAN000388,2023-11-30,60,0.0239,0.7173,0.0
LOAN000514,2023-11-30,30,0.0936,0.892,0.0
LOAN000153,2023-11-30,0,0.1365,0.8331,0.0
LOAN000157,2023-11-30,0,0.2369,0.7352,0.0
LOAN000152,2023-11-30,60,0.2384,0.6178,0.0
LOAN000855,2023-11-30,0,0.2064,0.3893,0.0
LOAN000042,2023-11-30,0,0.1135,0.6013,0.0
LOAN000957,2023-11-30,0,0.1738,0.4849,30.0
LOAN000977,2023-11-30,0,0.1142,0.4956,0.0
LOAN000381,2023-11-30,0,0.1556,0.3571,0.0
LOAN000037,2023-11-30,90,0.2178,0.4142,0.0
LOAN000819,2023-11-30,0,0.2379,0.8962,0.0
LOAN000316,2023-11-30,0,0.0676,0.6756,0.0
LOAN000608,2023-11-30,0,0.1283,0.4346,0.0
LOAN000568,2023-11-30,30,0.0701,0.857,0.0
LOAN000100,2023-11-30,0,0.1015,0.4825,0.0
LOAN000275,2023-11-30,0,0.2365,0.6409,0.0
LOAN000263,2023-11-30,0,0.015,0.206,0.0
LOAN000952,2023-11-30,0,0.2961,0.3359,60.0
LOAN000512,2023-11-30,60,0.0175,0.6625,30.0
LOAN000108,2023-11-30,0,0.137,0.3834,0.0
LOAN000339,2023-11-30,60,0.2927,0.438,
LOAN000929,2023-11-30,0,0.1281,0.7061,30.0
LOAN000355,2023-11-30,0,0.2073,0.3415,0.0
LOAN000722,2023-11-30,0,0.2473,0.8031,0.0
LOAN000199,2023-11-30,0,0.2831,0.7228,30.0
LOAN000792,2023-11-30,0,0.1814,0.8624,0.0
LOAN000252,2023-11-30,0,0.1363,0.8173,0.0
LOAN000254,2023-11-30,0,0.0916,0.3886,0.0
LOAN000714,2023-11-30,60,0.1222,0.4058,30.0
LOAN000741,2023-11-30,0,0.0239,0.617,0.0
LOAN000851,2023-11-30,0,0.0461,0.7991,0.0
LOAN000562,2023-11-30,0,0.2248,0.3069,0.0
LOAN000722,2023-11-30,0,0.1812,0.7939,0.0
LOAN000164,2023-11-30,0,0.291,0.7682,30.0
LOAN000181,2023-11-30,0,0.1762,0.6484,0.0
LOAN000467,2023-11-30,90,0.0792,0.357,30.0
LOAN000039,2023-11-30,60,0.2381,0.8583,
LOAN000094,2023-11-30,60,0.2751,0.2852,0.0
LOAN000113,2023-11-30,60,0.166,0.3876,0.0
LOAN000869,2023-11-30,0,0.0855,0.5073,0.0
LOAN000547,2023-11-30,30,0.2825,0.3576,30.0
LOAN000440,2023-11-30,0,0.2745,0.4388,0.0
LOAN000679,2023-11-30,30,0.2428,0.4747,90.0
LOAN000877,2023-11-30,0,0.2094,0.6988,0.0
LOAN000560,2023-11-30,0,0.1433,0.8975,0.0
LOAN000402,2023-11-30,0,0.1133,0.8058,0.0
LOAN000061,2023-11-30,0,0.0975,0.7811,30.0
LOAN000589,2023-11-30,30,0.0651,0.369,0.0
LOAN000236,2023-11-30,0,0.0258,0.5525,0.0
LOAN000396,2023-11-30,30,0.2952,0.4142,0.0
LOAN000132,2023-11-30,30,0.2253,0.3237,0.0
LOAN000308,2023-11-30,0,0.0517,0.5799,0.0
LOAN000399,2023-11-30,0,0.0923,0.6775,30.0
LOAN000794,2023-11-30,0,0.2644,0.5221,0.0
LOAN000012,2023-11-30,0,0.0923,0.8318,60.0
LOAN000180,2023-11-30,0,0.0186,0.6366,0.0
LOAN000296,2023-11-30,0,0.2957,0.5009,0.0
LOAN000564,2023-11-30,30,0.1321,0.8065,0.0
LOAN000866,2023-11-30,0,0.1821,0.7686,0.0
LOAN000898,2023-11-30,0,0.0887,0.4821,0.0
LOAN000358,2023-11-30,90,0.1183,0.8325,30.0
LOAN000282,2023-11-30,0,0.0246,0.3343,0.0
LOAN000357,2023-11-30,0,0.1687,0.5974,0.0
LOAN000338,2023-11-30,30,0.098,0.4817,0.0
LOAN000928,2023-11-30,0,0.0538,0.8963,0.0
LOAN000634,2023-11-30,90,0.0438,0.3274,0.0
LOAN000729,2023-11-30,30,0.1976,0.5781,90.0
LOAN000040,2023-11-30,0,0.0593,0.5914,30.0
LOAN000382,2023-11-30,0,0.1541,0.3689,0.0
LOAN000029,2023-11-30,0,0.1523,0.4362,30.0
LOAN000395,2023-11-30,0,0.2293,0.3366,0.0
LOAN000459,2023-11-30,0,0.1836,0.8206,0.0
LOAN000972,2023-11-30,30,0.1761,0.2398,30.0
LOAN000490,2023-11-30,90,0.0728,0.2435,0.0
LOAN000595,2023-11-30,0,0.1634,0.3901,30.0
LOAN000919,2023-11-30,30,0.2615,0.523,0.0
LOAN000184,2023-11-30,30,0.0361,0.7808,0.0
LOAN000254,2023-11-30,30,0.2537,0.7805,0.0
LOAN000093,2023-11-30,0,0.2995,0.7175,30.0
LOAN000712,2023-11-30,0,0.0577,0.4826,0.0
LOAN000371,2023-11-30,60,0.1958,0.4776,30.0
LOAN000136,2023-11-30,0,0.0785,0.2738,0.0
LOAN000335,2023-11-30,30,0.2328,0.694,30.0
LOAN000405,2023-11-30,0,0.2264,0.6674,0.0
LOAN000504,2023-11-30,0,0.2626,0.3643,0.0
LOAN000434,2023-11-30,0,0.0238,0.2867,60.0
LOAN000047,2023-11-30,0,0.24,0.7347,0.0
LOAN000907,2023-11-30,30,0.043,0.2291,0.0
LOAN000061,2023-11-30,0,0.0419,0.391,0.0
LOAN000371,2023-11-30,0,0.19,0.5042,60.0
LOAN000698,2023-11-30,0,0.1207,0.559,0.0
LOAN000596,2023-11-30,30,0.1505,0.8296,60.0
LOAN000247,2023-11-30,0,0.1686,0.5094,0.0
LOAN000182,2023-11-30,30,0.0391,0.5357,60.0
LOAN000076,2023-11-30,0,0.1498,0.8688,0.0
LOAN000833,2023-11-30,0,0.2513,0.6517,0.0
LOAN000727,2023-11-30,60,0.2657,0.761,30.0
LOAN000013,2023-11-30,90,0.2511,0.6686,30.0
LOAN000389,2023-11-30,30,0.2632,0.2376,30.0
LOAN000222,2023-11-30,0,0.2588,0.2539,60.0
LOAN000094,2023-11-30,60,0.2062,0.7626,60.0
LOAN000278,2023-11-30,0,0.2822,0.7122,0.0
LOAN000298,2023-11-30,0,0.0653,0.7984,0.0
LOAN000865,2023-11-30,30,0.0681,0.522,90.0
LOAN000311,2023-11-30,0,0.2161,0.5447,0.0
LOAN000352,2023-11-30,0,0.2479,0.5273,0.0
LOAN000306,2023-11-30,30,0.0375,0.6695,0.0
LOAN000219,2023-11-30,0,0.1519,0.5178,0.0
LOAN000005,2023-11-30,0,0.1016,0.4839,60.0
LOAN000658,2023-11-30,0,0.2797,0.419,0.0
LOAN000955,2023-11-30,90,0.1357,0.5634,0.0
LOAN000921,2023-11-30,60,0.1708,0.3824,30.0
LOAN000455,2023-11-30,0,0.2317,0.8371,60.0
LOAN000178,2023-11-30,0,0.1868,0.4441,0.0
LOAN000795,2023-11-30,0,0.0203,0.7041,0.0
LOAN000991,2023-11-30,0,0.2037,0.7649,0.0
LOAN000111,2023-11-30,90,0.0257,0.5517,30.0
LOAN000804,2023-11-30,0,0.2297,0.3746,30.0
LOAN000801,2023-11-30,0,0.0543,0.7825,
LOAN000752,2023-11-30,0,0.0826,0.6563,0.0
LOAN000044,2023-11-30,0,0.1102,0.2218,0.0
LOAN000741,2023-11-30,0,0.0566,0.5805,0.0
LOAN000197,2023-11-30,0,0.2895,0.4122,0.0
LOAN000318,2023-11-30,30,0.2799,0.295,0.0
LOAN000680,2023-11-30,60,0.2113,0.6873,0.0
LOAN000255,2023-11-30,0,0.0271,0.5864,30.0
LOAN000401,2023-11-30,30,0.233,0.2467,30.0
LOAN000323,2023-11-30,0,0.2353,0.4314,0.0
LOAN000869,2023-11-30,30,0.0247,0.7385,0.0
LOAN000278,2023-11-30,0,0.065,0.2998,0.0
LOAN000179,2023-11-30,0,0.1907,0.3666,0.0
LOAN000530,2023-11-30,30,0.1278,0.8717,
LOAN000469,2023-11-30,0,0.1231,0.4956,0.0
LOAN000176,2023-11-30,0,0.2004,0.4798,0.0
LOAN000218,2023-11-30,30,0.2217,0.5157,0.0
LOAN000845,2023-11-30,0,0.2339,0.7627,0.0
LOAN000394,2023-11-30,0,0.1855,0.2438,0.0
LOAN000822,2023-11-30,60,0.2249,0.7629,0.0
LOAN000381,2023-11-30,0,0.2947,0.5013,0.0
LOAN000870,2023-11-30,30,0.2586,0.6955,0.0
LOAN000692,2023-11-30,0,0.0392,0.3435,0.0
LOAN000158,2023-11-30,60,0.2114,0.299,0.0
LOAN000377,2023-11-30,0,0.2011,0.5704,0.0
LOAN000426,2023-11-30,0,0.2166,0.2574,0.0
LOAN000397,2023-11-30,0,0.1564,0.6218,0.0
LOAN000311,2023-11-30,0,0.1216,0.36,0.0
LOAN000502,2023-11-30,30,0.2124,0.2956,0.0
LOAN000094,2023-11-30,0,0.2118,0.5039,60.0
LOAN000661,2023-11-30,0,0.1849,0.3152,30.0
LOAN000387,2023-11-30,60,0.1498,0.2004,0.0
LOAN000498,2023-11-30,0,0.1867,0.3608,0.0
LOAN000943,2023-11-30,0,0.2479,0.5938,60.0
LOAN000295,2023-12-31,30,0.113,0.8369,0.0
LOAN000120,2023-12-31,0,0.0284,0.288,0.0
LOAN000704,2023-12-31,60,0.1147,0.8262,0.0
LOAN000805,2023-12-31,0,0.0956,0.8792,60.0
LOAN000860,2023-12-31,0,0.0641,0.2033,0.0
LOAN000928,2023-12-31,0,0.1106,0.4985,0.0
LOAN000632,2023-12-31,0,0.057,0.444,0.0
LOAN000329,2023-12-31,60,0.1986,0.5303,90.0
LOAN000900,2023-12-31,0,0.1101,0.4391,0.0
LOAN000218,2023-12-31,0,0.1991,0.533,30.0
LOAN000722,2023-12-31,0,0.1401,0.3653,0.0
LOAN000901,2023-12-31,0,0.226,0.4932,0.0
LOAN000450,2023-12-31,30,0.1595,0.6627,0.0
LOAN000995,2023-12-31,0,0.203,0.5288,30.0
LOAN000295,2023-12-31,60,0.0279,0.7241,30.0
LOAN000302,2023-12-31,0,0.0208,0.8091,0.0
LOAN000558,2023-12-31,0,0.285,0.3599,0.0
LOAN000586,2023-12-31,0,0.1764,0.8237,0.0
LOAN000163,2023-12-31,0,0.1531,0.7153,0.0
LOAN000060,2023-12-31,30,0.1494,0.3661,30.0
LOAN000747,2023-12-31,60,0.0877,0.3172,60.0
LOAN000427,2023-12-31,60,0.1195,0.5868,0.0
LOAN000656,2023-12-31,0,0.1733,0.6469,0.0
LOAN000894,2023-12-31,0,0.1595,0.6283,0.0
LOAN000697,2023-12-31,0,0.1483,0.8315,0.0
LOAN000873,2023-12-31,0,0.1361,0.4793,0.0
LOAN000612,2023-12-31,0,0.0309,0.8423,60.0
LOAN000410,2023-12-31,30,0.1794,0.4669,0.0
LOAN000995,2023-12-31,0,0.1101,0.3462,0.0
LOAN000586,2023-12-31,0,0.2706,0.3854,0.0
LOAN000141,2023-12-31,0,0.2189,0.6931,30.0
LOAN000649,2023-12-31,0,0.1816,0.651,60.0
LOAN000422,2023-12-31,0,0.2828,0.802,
LOAN000862,2023-12-31,0,0.1764,0.6921,0.0
LOAN000194,2023-12-31,90,0.0532,0.6613,0.0
LOAN000771,2023-12-31,30,0.1217,0.7733,0.0
LOAN000224,2023-12-31,0,0.2968,0.5558,90.0
LOAN000897,2023-12-31,60,0.0694,0.5647,0.0
LOAN000208,2023-12-31,90,0.1513,0.3465,0.0
LOAN000894,2023-12-31,0,0.2922,0.2713,0.0
LOAN000624,2023-12-31,60,0.0461,0.8774,0.0
LOAN000880,2023-12-31,30,0.0874,0.6241,0.0
LOAN000257,2023-12-31,60,0.2974,0.6262,30.0
LOAN000103,2023-12-31,0,0.2903,0.2654,0.0
LOAN000107,2023-12-31,90,0.0188,0.4026,60.0
LOAN000276,2023-12-31,30,0.2218,0.2917,0.0
LOAN000959,2023-12-31,0,0.2057,0.616,0.0
LOAN000601,2023-12-31,30,0.0456,0.7473,0.0
LOAN000907,2023-12-31,0,0.0353,0.8229,30.0
LOAN000731,2023-12-31,0,0.0208,0.5294,0.0
LOAN000773,2023-12-31,0,0.0704,0.7253,0.0
LOAN000515,2023-12-31,60,0.1496,0.6391,0.0
LOAN000232,2023-12-31,0,0.2529,0.3878,0.0
LOAN000054,2023-12-31,0,0.134,0.6955,0.0
LOAN000928,2023-12-31,0,0.1312,0.3449,0.0
LOAN000409,2023-12-31,0,0.2662,0.5806,0.0
LOAN000887,2023-12-31,90,0.0128,0.572,0.0
LOAN000362,2023-12-31,30,0.2845,0.7463,30.0
LOAN000763,2023-12-31,0,0.0445,0.6099,0.0
LOAN000342,2023-12-31,0,0.2352,0.219,90.0
LOAN000622,2023-12-31,0,0.029,0.5968,0.0
LOAN000601,2023-12-31,30,0.2737,0.2838,30.0
LOAN000440,2023-12-31,0,0.1677,0.5016,0.0
LOAN000487,2023-12-31,30,0.1985,0.725,0.0
LOAN000238,2023-12-31,30,0.2584,0.4171,0.0
LOAN000693,2023-12-31,0,0.1233,0.8676,30.0
LOAN000345,2023-12-31,0,0.0632,0.7381,0.0
LOAN000628,2023-12-31,60,0.059,0.6597,0.0
LOAN000444,2023-12-31,0,0.1192,0.2067,60.0
LOAN000476,2023-12-31,90,0.0953,0.6355,30.0
LOAN000872,2023-12-31,0,0.042,0.5456,0.0
LOAN000907,2023-12-31,0,0.0314,0.4297,0.0
LOAN000512,2023-12-31,0,0.0779,0.4112,60.0
LOAN000690,2023-12-31,0,0.0719,0.3827,60.0
LOAN000801,2023-12-31,0,0.1584,0.6999,0.0
LOAN000470,2023-12-31,0,0.0394,0.6259,60.0
LOAN000565,2023-12-31,0,0.2119,0.7651,0.0
LOAN000558,2023-12-31,0,0.1255,0.4036,0.0
LOAN000168,2023-12-31,0,0.0673,0.2147,90.0
LOAN000511,2023-12-31,90,0.1249,0.3924,0.0
LOAN000643,2023-12-31,0,0.0117,0.5855,0.0
LOAN000591,2023-12-31,0,0.2354,0.3308,0.0
LOAN000772,2023-12-31,0,0.0573,0.2948,0.0
LOAN000589,2023-12-31,0,0.2775,0.6447,30.0
LOAN000029,2023-12-31,0,0.1479,0.7373,0.0
LOAN000965,2023-12-31,0,0.2878,0.729,0.0
LOAN000665,2023-12-31,0,0.0159,0.2838,0.0
LOAN000103,2023-12-31,0,0.1483,0.3921,0.0
LOAN000244,2023-12-31,0,0.1206,0.7236,30.0
LOAN000763,2023-12-31,0,0.2233,0.7304,0.0
LOAN000280,2023-12-31,0,0.1605,0.7547,0.0
LOAN000668,2023-12-31,0,0.268,0.6348,0.0
LOAN000176,2023-12-31,0,0.1681,0.8036,0.0
LOAN000931,2023-12-31,60,0.2769,0.7728,0.0
LOAN000678,2023-12-31,30,0.1441,0.8582,0.0
LOAN000346,2023-12-31,90,0.2035,0.8885,0.0
LOAN000600,2023-12-31,0,0.076,0.776,60.0
LOAN000908,2023-12-31,0,0.2694,0.3208,0.0
LOAN000228,2023-12-31,30,0.0398,0.6911,
LOAN000551,2023-12-31,30,0.17,0.5727,0.0
LOAN000904,2023-12-31,0,0.0616,0.4686,30.0
LOAN000210,2023-12-31,0,0.1104,0.7743,0.0
LOAN000849,2023-12-31,30,0.2082,0.4178,0.0
LOAN000796,2023-12-31,0,0.0517,0.4127,0.0
LOAN000729,2023-12-31,0,0.23,0.2601,30.0
LOAN000163,2023-12-31,0,0.2671,0.3142,0.0
LOAN000363,2023-12-31,30,0.0337,0.2595,0.0
LOAN000721,2023-12-31,0,0.1487,0.5342,0.0
LOAN000326,2023-12-31,0,0.0433,0.7505,0.0
LOAN000273,2023-12-31,30,0.1845,0.8401,0.0
LOAN000682,2023-12-31,0,0.199,0.8072,0.0
LOAN000365,2023-12-31,60,0.1004,0.2696,30.0
LOAN000269,2023-12-31,90,0.275,0.3888,0.0
LOAN000952,2023-12-31,0,0.2851,0.3497,0.0
LOAN000866,2023-12-31,90,0.1355,0.3137,0.0
LOAN000121,2023-12-31,30,0.2961,0.5344,0.0
LOAN000052,2023-12-31,0,0.15,0.6416,0.0
LOAN000300,2023-12-31,0,0.2203,0.3499,0.0
LOAN000004,2023-12-31,90,0.1177,0.6339,0.0
LOAN000739,2023-12-31,0,0.2146,0.2149,0.0
LOAN000755,2023-12-31,0,0.1132,0.4737,0.0
LOAN000637,2023-12-31,0,0.1063,0.6922,60.0
LOAN000611,2023-12-31,0,0.2253,0.2689,0.0
LOAN000267,2023-12-31,0,0.2425,0.7919,0.0
LOAN000323,2023-12-31,0,0.0533,0.6702,0.0
LOAN000416,2023-12-31,0,0.2774,0.5495,30.0
LOAN000040,2023-12-31,0,0.0741,0.6183,0.0
LOAN000768,2023-12-31,0,0.148,0.64,0.0
LOAN000138,2023-12-31,0,0.027,0.4837,0.0
LOAN000512,2023-12-31,0,0.2349,0.3884,0.0
LOAN000269,2023-12-31,60,0.2308,0.2996,90.0
LOAN000576,2023-12-31,30,0.0706,0.5794,90.0
LOAN000632,2023-12-31,0,0.104,0.6819,0.0
LOAN000834,2023-12-31,30,0.0114,0.455,90.0
LOAN000750,2023-12-31,0,0.0652,0.4973,0.0
LOAN000149,2023-12-31,60,0.0305,0.4421,60.0
LOAN000475,2023-12-31,0,0.0491,0.211,0.0
LOAN000130,2023-12-31,0,0.1983,0.2585,0.0
LOAN000178,2023-12-31,0,0.2602,0.6075,0.0
LOAN000830,2023-12-31,30,0.0135,0.5342,0.0
LOAN000700,2023-12-31,60,0.1912,0.2734,0.0
LOAN000133,2023-12-31,30,0.1567,0.3179,30.0
LOAN000482,2023-12-31,0,0.0696,0.244,0.0
LOAN000519,2023-12-31,60,0.1424,0.5004,90.0
LOAN000635,2023-12-31,0,0.2584,0.4162,0.0
LOAN000817,2023-12-31,30,0.0175,0.3362,0.0
LOAN000551,2023-12-31,0,0.0292,0.5105,30.0
LOAN000217,2023-12-31,0,0.2537,0.7691,0.0
LOAN000634,2023-12-31,30,0.2896,0.3185,90.0
LOAN000706,2023-12-31,30,0.1292,0.701,0.0
LOAN000961,2023-12-31,60,0.1644,0.6218,30.0
LOAN000186,2023-12-31,0,0.2344,0.595,0.0
LOAN000951,2023-12-31,0,0.1368,0.7793,30.0
LOAN000414,2023-12-31,0,0.0542,0.2564,30.0
LOAN000376,2023-12-31,90,0.0175,0.3128,30.0
LOAN000620,2023-12-31,0,0.0223,0.271,0.0
LOAN000013,2023-12-31,0,0.1097,0.2493,90.0
LOAN000905,2023-12-31,0,0.2382,0.6773,0.0
LOAN000095,2023-12-31,90,0.1023,0.6397,0.0
LOAN000130,2023-12-31,0,0.2025,0.36,0.0
LOAN000836,2023-12-31,0,0.0395,0.292,0.0
LOAN000555,2023-12-31,30,0.2426,0.2018,0.0
LOAN000499,2023-12-31,30,0.2943,0.6963,0.0
LOAN000738,2023-12-31,30,0.075,0.4993,60.0
LOAN000430,2023-12-31,0,0.1741,0.3515,0.0
LOAN000958,2023-12-31,0,0.0444,0.6489,0.0
LOAN000003,2023-12-31,0,0.116,0.384,0.0
LOAN000250,2023-12-31,0,0.2654,0.4088,0.0
LOAN000886,2023-12-31,0,0.0125,0.3259,30.0
LOAN000751,2023-12-31,0,0.0813,0.2333,0.0
LOAN000080,2023-12-31,0,0.2453,0.6869,0.0
LOAN000879,2023-12-31,0,0.0619,0.612,0.0
LOAN000185,2023-12-31,90,0.2163,0.2845,0.0
LOAN000206,2023-12-31,30,0.2102,0.6979,0.0
LOAN000919,2023-12-31,0,0.0332,0.5267,30.0
LOAN000999,2023-12-31,0,0.0935,0.7811,0.0
LOAN000860,2023-12-31,0,0.2182,0.8699,0.0
LOAN000290,2023-12-31,0,0.2232,0.2079,0.0
LOAN000950,2023-12-31,0,0.1583,0.3324,0.0
LOAN000028,2023-12-31,0,0.2128,0.6094,30.0
LOAN000354,2023-12-31,0,0.1205,0.8676,
LOAN000683,2023-12-31,0,0.289,0.6482,30.0
LOAN000053,2023-12-31,30,0.1701,0.6664,30.0
LOAN000964,2023-12-31,0,0.1524,0.3837,60.0
LOAN000300,2023-12-31,0,0.2953,0.7396,0.0
LOAN000633,2023-12-31,0,0.0842,0.7378,0.0
LOAN000725,2023-12-31,0,0.0631,0.5527,0.0
LOAN000118,2023-12-31,0,0.2519,0.5448,0.0
LOAN000567,2023-12-31,0,0.2736,0.4447,30.0
LOAN000546,2023-12-31,0,0.237,0.2334,30.0
LOAN000007,2023-12-31,60,0.092,0.4883,0.0
LOAN000510,2023-12-31,0,0.1233,0.3393,0.0
LOAN000283,2023-12-31,30,0.0861,0.7889,0.0
LOAN000600,2023-12-31,30,0.0677,0.4942,0.0
LOAN000802,2023-12-31,30,0.2614,0.6086,0.0
LOAN000888,2023-12-31,30,0.2405,0.3098,90.0
LOAN000423,2023-12-31,0,0.1429,0.2098,0.0
LOAN000914,2023-12-31,0,0.1332,0.2747,60.0
LOAN000928,2023-12-31,60,0.2424,0.4031,0.0
LOAN000279,2023-12-31,0,0.026,0.8425,30.0
LOAN000969,2023-12-31,0,0.2043,0.8957,0.0
LOAN000703,2023-12-31,30,0.1223,0.2562,0.0
LOAN000961,2023-12-31,30,0.0624,0.8866,60.0
LOAN000069,2023-12-31,0,0.2443,0.5177,0.0
LOAN000718,2023-12-31,0,0.2578,0.5102,30.0
LOAN000516,2023-12-31,0,0.2902,0.3826,30.0
LOAN000164,2023-12-31,0,0.0839,0.6394,0.0
LOAN000047,2023-12-31,60,0.0354,0.2448,0.0
LOAN000686,2023-12-31,60,0.1862,0.5142,0.0
LOAN000495,2023-12-31,0,0.1068,0.6352,0.0
LOAN000926,2023-12-31,60,0.1902,0.5109,0.0
LOAN000734,2023-12-31,0,0.279,0.6732,0.0
LOAN000934,2023-12-31,90,0.0136,0.8755,30.0
LOAN000835,2023-12-31,90,0.1668,0.5849,30.0
LOAN000707,2023-12-31,0,0.2297,0.599,0.0
LOAN000654,2023-12-31,0,0.2818,0.496,0.0
LOAN000370,2023-12-31,0,0.0758,0.8111,0.0
LOAN000792,2023-12-31,60,0.1294,0.77,0.0
LOAN000024,2023-12-31,0,0.0687,0.5305,0.0
LOAN000683,2023-12-31,0,0.2046,0.6844,0.0
LOAN000271,2023-12-31,60,0.0164,0.2549,60.0
LOAN000133,2023-12-31,0,0.1453,0.2326,30.0
LOAN000668,2023-12-31,0,0.2484,0.2688,0.0
LOAN000332,2023-12-31,0,0.062,0.2895,0.0
LOAN000203,2023-12-31,60,0.0471,0.3533,90.0
LOAN000512,2023-12-31,0,0.1351,0.6054,0.0
LOAN000600,2023-12-31,0,0.239,0.493,30.0
LOAN000998,2023-12-31,30,0.0334,0.8525,30.0
LOAN000392,2023-12-31,0,0.2578,0.3821,0.0
LOAN000387,2023-12-31,30,0.2779,0.8576,60.0
LOAN000628,2023-12-31,0,0.2303,0.3271,60.0
LOAN000004,2023-12-31,0,0.1918,0.2908,90.0
LOAN000630,2023-12-31,60,0.2775,0.4208,0.0
LOAN000354,2023-12-31,0,0.2237,0.7799,0.0
LOAN000313,2023-12-31,60,0.2767,0.6495,0.0
LOAN000649,2023-12-31,0,0.0147,0.8261,0.0
LOAN000719,2023-12-31,30,0.2285,0.5724,0.0
LOAN000414,2023-12-31,0,0.1443,0.434,0.0
LOAN000436,2023-12-31,0,0.0519,0.2861,30.0
LOAN000812,2023-12-31,90,0.2092,0.6982,0.0
LOAN000375,2023-12-31,0,0.1921,0.8101,0.0
LOAN000853,2023-12-31,0,0.1761,0.2903,90.0
LOAN000074,2023-12-31,30,0.0509,0.5204,90.0
LOAN000174,2023-12-31,60,0.1899,0.2365,0.0
LOAN000223,2023-12-31,30,0.1292,0.2252,0.0
LOAN000885,2023-12-31,90,0.1094,0.7033,0.0
LOAN000805,2023-12-31,0,0.2266,0.7556,0.0
LOAN000145,2023-12-31,0,0.0284,0.7868,0.0
LOAN000858,2023-12-31,0,0.1433,0.5495,0.0
LOAN000458,2023-12-31,0,0.1869,0.3465,0.0
LOAN000922,2023-12-31,0,0.1453,0.571,0.0
LOAN000135,2023-12-31,30,0.0593,0.3431,0.0
LOAN000276,2023-12-31,0,0.1109,0.2825,30.0
LOAN000121,2023-12-31,0,0.274,0.6561,30.0
LOAN000427,2023-12-31,0,0.2116,0.4672,60.0
LOAN000944,2023-12-31,60,0.0199,0.5377,0.0
LOAN000673,2023-12-31,0,0.2408,0.4532,0.0
LOAN000671,2023-12-31,30,0.0459,0.5302,0.0
LOAN000697,2023-12-31,30,0.1867,0.8012,0.0
LOAN000140,2023-12-31,30,0.24,0.3198,0.0
LOAN000172,2023-12-31,0,0.068,0.8269,0.0
LOAN000038,2023-12-31,0,0.0573,0.5707,0.0
LOAN000494,2023-12-31,0,0.0496,0.8071,0.0
LOAN000739,2023-12-31,0,0.1777,0.7707,0.0
LOAN000639,2023-12-31,30,0.2401,0.8338,0.0
LOAN000528,2023-12-31,90,0.169,0.457,0.0
LOAN000107,2023-12-31,0,0.034,0.699,90.0
LOAN000211,2023-12-31,0,0.0881,0.5027,0.0
LOAN000936,2023-12-31,0,0.0511,0.8519,0.0
LOAN000762,2023-12-31,0,0.2061,0.437,0.0
LOAN000099,2023-12-31,0,0.1961,0.8342,30.0
LOAN000581,2023-12-31,30,0.2083,0.5287,30.0
LOAN000759,2023-12-31,0,0.236,0.696,0.0
LOAN000487,2023-12-31,0,0.0299,0.2978,30.0
LOAN000310,2023-12-31,0,0.1808,0.6854,
LOAN000023,2023-12-31,60,0.2711,0.4823,0.0
LOAN000428,2023-12-31,0,0.0136,0.4544,0.0
LOAN000470,2023-12-31,0,0.0665,0.2476,0.0
LOAN000472,2023-12-31,0,0.2761,0.4545,0.0
LOAN000674,2023-12-31,60,0.2121,0.3699,0.0
LOAN000214,2023-12-31,0,0.1116,0.4423,0.0
LOAN000313,2023-12-31,0,0.066,0.4617,60.0
LOAN000687,2023-12-31,0,0.033,0.3946,0.0
LOAN000906,2023-12-31,0,0.2619,0.6769,0.0
LOAN000456,2023-12-31,0,0.255,0.7773,0.0
LOAN000623,2023-12-31,0,0.127,0.8667,0.0
LOAN000235,2023-12-31,30,0.1536,0.6146,0.0
LOAN000158,2023-12-31,60,0.209,0.2929,60.0
LOAN000679,2023-12-31,60,0.2504,0.5367,30.0
LOAN000733,2023-12-31,0,0.2583,0.5635,0.0
LOAN000780,2023-12-31,0,0.0668,0.5478,0.0
LOAN000463,2023-12-31,0,0.0649,0.8578,0.0
LOAN000443,2023-12-31,0,0.2546,0.4697,0.0
LOAN000316,2023-12-31,30,0.1654,0.8425,0.0
LOAN000691,2023-12-31,0,0.2006,0.7609,0.0
LOAN000932,2023-12-31,0,0.089,0.6661,30.0
LOAN000676,2023-12-31,0,0.0519,0.4484,30.0
LOAN000497,2023-12-31,0,0.0418,0.5205,30.0
LOAN000432,2023-12-31,30,0.0131,0.519,0.0
LOAN000244,2023-12-31,0,0.1125,0.3499,0.0
LOAN000246,2023-12-31,0,0.2066,0.8219,0.0
LOAN000698,2023-12-31,0,0.0825,0.6994,0.0
LOAN000513,2023-12-31,0,0.05,0.5176,0.0
LOAN000271,2023-12-31,30,0.1376,0.2891,60.0
LOAN000137,2023-12-31,60,0.1387,0.7346,0.0
LOAN000206,2023-12-31,0,0.0716,0.2808,30.0
LOAN000144,2023-12-31,0,0.0899,0.2689,30.0
LOAN000029,2023-12-31,0,0.2387,0.6012,0.0
LOAN000256,2023-12-31,0,0.0382,0.2777,0.0
LOAN000408,2023-12-31,0,0.1709,0.2311,0.0
LOAN000995,2023-12-31,0,0.1061,0.397,0.0
LOAN000416,2023-12-31,30,0.0582,0.6803,0.0
LOAN000497,2023-12-31,0,0.1684,0.5416,0.0
LOAN000252,2023-12-31,0,0.0496,0.6999,0.0
LOAN000359,2023-12-31,60,0.184,0.8773,0.0
LOAN000132,2023-12-31,0,0.1235,0.4155,30.0
LOAN000107,2023-12-31,0,0.0642,0.4037,0.0
LOAN000177,2023-12-31,90,0.0817,0.8356,0.0
LOAN000952,2023-12-31,0,0.1116,0.3918,0.0
LOAN000754,2023-12-31,0,0.2555,0.7054,30.0
LOAN000417,2023-12-31,0,0.0966,0.7912,0.0
LOAN000011,2023-12-31,60,0.2215,0.2499,0.0
LOAN000491,2023-12-31,0,0.0843,0.628,0.0
LOAN000933,2023-12-31,0,0.0816,0.3883,0.0
LOAN000044,2023-12-31,0,0.1293,0.5263,0.0
LOAN000849,2023-12-31,0,0.1785,0.5169,30.0
LOAN000308,2023-12-31,0,0.2204,0.6707,0.0
LOAN000415,2023-12-31,60,0.1585,0.8122,90.0
LOAN000986,2023-12-31,0,0.2378,0.3724,60.0
LOAN000091,2023-12-31,0,0.105,0.6594,0.0
LOAN000815,2023-12-31,60,0.2331,0.5461,0.0
LOAN000400,2023-12-31,0,0.2432,0.5432,0.0
LOAN000386,2023-12-31,0,0.2922,0.5833,0.0
LOAN000798,2023-12-31,0,0.2522,0.5352,0.0
LOAN000134,2023-12-31,0,0.0203,0.2841,
LOAN000734,2023-12-31,0,0.1957,0.3166,0.0
LOAN000230,2023-12-31,0,0.176,0.5249,30.0
LOAN000075,2023-12-31,0,0.0334,0.3914,0.0
LOAN000592,2023-12-31,30,0.1042,0.7851,0.0
LOAN000802,2023-12-31,0,0.2726,0.4953,30.0
LOAN000586,2023-12-31,0,0.2135,0.6027,0.0
LOAN000357,2023-12-31,0,0.2341,0.8821,0.0
LOAN000808,2023-12-31,30,0.0567,0.4301,0.0
LOAN000377,2023-12-31,0,0.2514,0.748,0.0
LOAN000925,2023-12-31,0,0.1956,0.7621,0.0
LOAN000904,2023-12-31,0,0.2807,0.7705,0.0
LOAN000129,2023-12-31,0,0.2971,0.4627,0.0
LOAN000516,2023-12-31,0,0.2992,0.3698,0.0
LOAN000833,2023-12-31,60,0.1614,0.4119,0.0
LOAN000677,2023-12-31,60,0.2054,0.3116,60.0
LOAN000492,2023-12-31,90,0.0769,0.2574,0.0
LOAN000581,2023-12-31,0,0.1946,0.4992,30.0
LOAN000059,2023-12-31,30,0.2312,0.2895,30.0
LOAN000431,2023-12-31,30,0.1604,0.4835,30.0
LOAN000146,2023-12-31,0,0.2565,0.7248,0.0
LOAN000416,2023-12-31,0,0.2021,0.3464,30.0
LOAN000430,2023-12-31,0,0.2539,0.27,0.0
LOAN000363,2023-12-31,0,0.2887,0.3441,30.0
LOAN000268,2023-12-31,0,0.0395,0.2616,0.0
LOAN000237,2023-12-31,0,0.0871,0.8137,0.0
LOAN000285,2023-12-31,60,0.2378,0.429,60.0
LOAN000146,2023-12-31,0,0.0156,0.5027,0.0
LOAN000351,2023-12-31,0,0.0529,0.5941,60.0
LOAN000264,2023-12-31,30,0.1778,0.383,0.0
LOAN000044,2023-12-31,0,0.1964,0.5762,0.0
LOAN000561,2023-12-31,30,0.1491,0.5935,0.0
LOAN000299,2023-12-31,0,0.023,0.4595,0.0
LOAN000858,2023-12-31,0,0.1359,0.2279,0.0
LOAN000542,2023-12-31,90,0.1804,0.8466,30.0
LOAN000667,2023-12-31,30,0.2377,0.2002,30.0
LOAN000725,2023-12-31,0,0.0344,0.5739,0.0
LOAN000927,2023-12-31,60,0.0296,0.2033,30.0
LOAN000078,2023-12-31,0,0.1662,0.2708,60.0
LOAN000527,2023-12-31,0,0.0184,0.5408,0.0
LOAN000892,2023-12-31,0,0.0259,0.6431,0.0
LOAN000426,2023-12-31,0,0.1267,0.5718,0.0
LOAN000110,2023-12-31,60,0.2335,0.22,0.0
LOAN000089,2023-12-31,60,0.2751,0.7334,0.0
LOAN000616,2023-12-31,60,0.0811,0.4415,0.0
LOAN000800,2023-12-31,0,0.0436,0.3231,0.0
LOAN000428,2023-12-31,60,0.1906,0.3104,0.0
LOAN000428,2023-12-31,0,0.1856,0.6589,60.0
LOAN000265,2023-12-31,0,0.1175,0.2547,30.0
LOAN000586,2023-12-31,0,0.158,0.3457,0.0
LOAN000432,2023-12-31,30,0.0668,0.223,30.0
LOAN000535,2023-12-31,0,0.1562,0.5803,0.0
LOAN000244,2023-12-31,0,0.1882,0.6218,0.0
LOAN000826,2023-12-31,0,0.0108,0.4766,0.0
LOAN000433,2023-12-31,0,0.0842,0.585,0.0
LOAN000257,2023-12-31,0,0.132,0.4307,60.0
LOAN000128,2023-12-31,0,0.1532,0.7796,0.0
LOAN000862,2023-12-31,0,0.2205,0.2778,0.0
LOAN000473,2023-12-31,90,0.1315,0.8315,60.0
LOAN000568,2023-12-31,0,0.1703,0.7289,30.0
LOAN000291,2023-12-31,0,0.1632,0.7348,30.0
LOAN000688,2023-12-31,0,0.2246,0.5713,0.0
LOAN000601,2023-12-31,0,0.1289,0.3582,30.0
LOAN000015,2023-12-31,90,0.2667,0.8599,30.0
LOAN000402,2023-12-31,0,0.2926,0.5009,0.0
LOAN000491,2023-12-31,0,0.2622,0.8252,0.0
LOAN000706,2024-01-31,0,0.1256,0.4303,30.0
LOAN000632,2024-01-31,0,0.033,0.4126,0.0
LOAN000736,2024-01-31,0,0.1374,0.7384,0.0
LOAN000726,2024-01-31,0,0.1122,0.4416,0.0
LOAN000539,2024-01-31,60,0.2749,0.4623,60.0
LOAN000272,2024-01-31,60,0.2086,0.8936,0.0
LOAN000997,2024-01-31,30,0.0697,0.2962,0.0
LOAN000079,2024-01-31,60,0.1569,0.5109,0.0
LOAN000730,2024-01-31,0,0.0523,0.5445,0.0
LOAN000841,2024-01-31,0,0.1874,0.3408,0.0
LOAN000954,2024-01-31,0,0.2437,0.768,0.0
LOAN000509,2024-01-31,0,0.1611,0.3214,30.0
LOAN000187,2024-01-31,60,0.0957,0.3551,0.0
LOAN000845,2024-01-31,30,0.1945,0.6984,0.0
LOAN000664,2024-01-31,0,0.2076,0.608,0.0
LOAN000932,2024-01-31,0,0.058,0.4598,0.0
LOAN000480,2024-01-31,0,0.2249,0.7759,0.0
LOAN000117,2024-01-31,0,0.2027,0.7762,60.0
LOAN000392,2024-01-31,0,0.1018,0.787,0.0
LOAN000446,2024-01-31,0,0.2224,0.2073,60.0
LOAN000455,2024-01-31,30,0.1892,0.3346,0.0
LOAN000067,2024-01-31,0,0.1228,0.7918,0.0
LOAN000085,2024-01-31,30,0.07,0.4593,0.0
LOAN000449,2024-01-31,0,0.0883,0.8086,30.0
LOAN000221,2024-01-31,0,0.135,0.3295,60.0
LOAN000027,2024-01-31,0,0.2588,0.8219,0.0
LOAN000039,2024-01-31,0,0.1999,0.3076,60.0
LOAN000701,2024-01-31,0,0.2151,0.4271,0.0
LOAN000584,2024-01-31,0,0.2801,0.358,0.0
LOAN000919,2024-01-31,0,0.0137,0.8384,0.0
LOAN000781,2024-01-31,30,0.244,0.5575,0.0
LOAN000552,2024-01-31,30,0.1461,0.4366,0.0
LOAN000482,2024-01-31,0,0.0392,0.5506,0.0
LOAN000198,2024-01-31,60,0.1417,0.3406,30.0
LOAN000385,2024-01-31,30,0.031,0.7912,0.0
LOAN000341,2024-01-31,0,0.2943,0.387,30.0
LOAN000947,2024-01-31,90,0.2642,0.3909,30.0
LOAN000163,2024-01-31,0,0.23,0.6309,0.0
LOAN000193,2024-01-31,30,0.145,0.274,0.0
LOAN000840,2024-01-31,0,0.1482,0.5985,0.0
LOAN000031,2024-01-31,0,0.1045,0.861,0.0
LOAN000103,2024-01-31,0,0.1265,0.8502,0.0
LOAN000302,2024-01-31,30,0.1059,0.2889,0.0
LOAN000939,2024-01-31,0,0.2112,0.7328,0.0
LOAN000337,2024-01-31,0,0.226,0.2078,0.0
LOAN000831,2024-01-31,0,0.2474,0.8354,60.0
LOAN000304,2024-01-31,0,0.0691,0.7592,30.0
LOAN000354,2024-01-31,60,0.1848,0.2185,0.0
LOAN000522,2024-01-31,0,0.1989,0.6115,0.0
LOAN000383,2024-01-31,90,0.0897,0.5547,0.0
LOAN000697,2024-01-31,0,0.1861,0.3527,30.0
LOAN000840,2024-01-31,0,0.174,0.6796,0.0
LOAN000116,2024-01-31,30,0.1628,0.5499,60.0
LOAN000514,2024-01-31,0,0.2843,0.3004,30.0
LOAN000748,2024-01-31,0,0.1009,0.6231,0.0
LOAN000712,2024-01-31,30,0.1456,0.5641,0.0
LOAN000708,2024-01-31,0,0.2522,0.4331,30.0
LOAN000865,2024-01-31,0,0.0657,0.8984,30.0
LOAN000767,2024-01-31,0,0.237,0.326,0.0
LOAN000017,2024-01-31,0,0.1805,0.5642,0.0
LOAN000197,2024-01-31,0,0.2244,0.8813,0.0
LOAN000374,2024-01-31,0,0.18,0.8533,60.0
LOAN000224,2024-01-31,0,0.1477,0.2716,0.0
LOAN000456,2024-01-31,0,0.1411,0.6385,0.0
LOAN000981,2024-01-31,30,0.0389,0.6776,0.0
LOAN000081,2024-01-31,0,0.2622,0.4617,0.0
LOAN000004,2024-01-31,0,0.1025,0.701,0.0
LOAN000529,2024-01-31,30,0.0905,0.8097,0.0
LOAN000399,2024-01-31,0,0.0156,0.7004,0.0
LOAN000815,2024-01-31,30,0.0693,0.39,60.0
LOAN000064,2024-01-31,30,0.116,0.4338,0.0
LOAN000824,2024-01-31,0,0.1466,0.2725,30.0
LOAN000858,2024-01-31,0,0.2236,0.5612,0.0
LOAN000937,2024-01-31,0,0.2455,0.8371,0.0
LOAN000257,2024-01-31,0,0.262,0.4388,0.0
LOAN000345,2024-01-31,0,0.0234,0.6127,0.0
LOAN000510,2024-01-31,90,0.2837,0.2189,0.0
LOAN000595,2024-01-31,0,0.1857,0.8156,0.0
LOAN000973,2024-01-31,0,0.2115,0.7466,30.0
LOAN000975,2024-01-31,30,0.2879,0.8179,0.0
LOAN000827,2024-01-31,0,0.2355,0.4729,0.0
LOAN000185,2024-01-31,30,0.2292,0.5281,90.0
LOAN000634,2024-01-31,0,0.206,0.8681,30.0
LOAN000337,2024-01-31,0,0.285,0.308,0.0
LOAN000510,2024-01-31,60,0.0657,0.504,90.0
LOAN000051,2024-01-31,60,0.1311,0.5029,0.0
LOAN000061,2024-01-31,0,0.0192,0.6607,0.0
LOAN000948,2024-01-31,0,0.0647,0.8197,0.0
LOAN000500,2024-01-31,0,0.2419,0.5514,0.0
LOAN000779,2024-01-31,30,0.2072,0.7733,30.0
LOAN000718,2024-01-31,0,0.0536,0.7557,0.0
LOAN000264,2024-01-31,60,0.0668,0.8522,30.0
LOAN000339,2024-01-31,0,0.0404,0.5653,60.0
LOAN000507,2024-01-31,0,0.0907,0.5877,0.0
LOAN000376,2024-01-31,0,0.2442,0.3579,90.0
LOAN000325,2024-01-31,0,0.1476,0.6296,0.0
LOAN000689,2024-01-31,0,0.0964,0.7126,0.0
LOAN000720,2024-01-31,0,0.2138,0.4965,30.0
LOAN000465,2024-01-31,0,0.0146,0.3245,0.0
LOAN000949,2024-01-31,0,0.1496,0.6312,30.0
LOAN000658,2024-01-31,0,0.0552,0.8004,0.0
LOAN000867,2024-01-31,60,0.19,0.4537,0.0
LOAN000075,2024-01-31,0,0.1241,0.3695,0.0
LOAN000836,2024-01-31,30,0.2558,0.7703,0.0
LOAN000354,2024-01-31,0,0.121,0.7724,60.0
LOAN000741,2024-01-31,0,0.2867,0.5849,0.0
LOAN000368,2024-01-31,0,0.1528,0.6457,0.0
LOAN000723,2024-01-31,30,0.088,0.2093,60.0
LOAN000600,2024-01-31,0,0.1431,0.5358,0.0
LOAN000674,2024-01-31,30,0.0205,0.3601,60.0
LOAN000979,2024-01-31,0,0.0633,0.6914,60.0
LOAN000215,2024-01-31,60,0.2647,0.7604,0.0
LOAN000952,2024-01-31,0,0.1968,0.2006,0.0
LOAN000480,2024-01-31,0,0.0531,0.2997,0.0
LOAN000772,2024-01-31,0,0.1689,0.2704,0.0
LOAN000445,2024-01-31,0,0.1843,0.2434,0.0
LOAN000278,2024-01-31,0,0.1814,0.7673,0.0
LOAN000455,2024-01-31,30,0.1512,0.3511,30.0
LOAN000261,2024-01-31,90,0.1137,0.8505,0.0
LOAN000994,2024-01-31,90,0.1299,0.4095,30.0
LOAN000978,2024-01-31,30,0.0355,0.6158,0.0
LOAN000291,2024-01-31,0,0.2707,0.7152,0.0
LOAN000011,2024-01-31,30,0.1907,0.7912,60.0
LOAN000822,2024-01-31,0,0.2482,0.4569,60.0
LOAN000003,2024-01-31,0,0.2679,0.3543,0.0
LOAN000047,2024-01-31,0,0.0559,0.7697,60.0
LOAN000890,2024-01-31,0,0.2572,0.7475,0.0
LOAN000506,2024-01-31,0,0.2704,0.7003,0.0
LOAN000417,2024-01-31,0,0.0241,0.7601,0.0
LOAN000820,2024-01-31,0,0.1035,0.5285,90.0
LOAN000112,2024-01-31,0,0.0252,0.4589,0.0
LOAN000883,2024-01-31,0,0.2502,0.6582,0.0
LOAN000737,2024-01-31,0,0.2298,0.8389,0.0
LOAN000096,2024-01-31,0,0.0905,0.3086,0.0
LOAN000088,2024-01-31,0,0.1056,0.8279,0.0
LOAN000123,2024-01-31,0,0.0554,0.2729,0.0
LOAN000109,2024-01-31,0,0.244,0.2328,0.0
LOAN000550,2024-01-31,0,0.2228,0.318,0.0
LOAN000739,2024-01-31,0,0.0643,0.6955,0.0
LOAN000504,2024-01-31,0,0.1196,0.3334,0.0
LOAN000616,2024-01-31,0,0.026,0.6648,60.0
LOAN000386,2024-01-31,0,0.1491,0.2293,0.0
LOAN000671,2024-01-31,0,0.201,0.6364,30.0
LOAN000409,2024-01-31,0,0.0229,0.3349,0.0
LOAN000996,2024-01-31,60,0.1735,0.3163,0.0
LOAN000793,2024-01-31,0,0.1285,0.5294,0.0
LOAN000308,2024-01-31,0,0.2102,0.8093,0.0
LOAN000846,2024-01-31,30,0.2732,0.5566,0.0
LOAN000246,2024-01-31,0,0.1884,0.2552,0.0
LOAN000624,2024-01-31,0,0.1989,0.3244,60.0
LOAN000664,2024-01-31,0,0.177,0.2684,0.0
LOAN000356,2024-01-31,0,0.2204,0.3213,0.0
LOAN000180,2024-01-31,30,0.0421,0.8876,0.0
LOAN000644,2024-01-31,0,0.2775,0.8387,0.0
LOAN000823,2024-01-31,0,0.0328,0.7572,60.0
LOAN000863,2024-01-31,30,0.287,0.2783,30.0
LOAN000204,2024-01-31,0,0.2901,0.3924,0.0
LOAN000146,2024-01-31,90,0.2269,0.3998,0.0
LOAN000460,2024-01-31,0,0.0296,0.8144,0.0
LOAN000902,2024-01-31,0,0.2588,0.2839,
LOAN000941,2024-01-31,0,0.2374,0.4496,0.0
LOAN000160,2024-01-31,0,0.2011,0.5199,60.0
LOAN000076,2024-01-31,60,0.0325,0.8472,0.0
LOAN000101,2024-01-31,0,0.2924,0.7321,30.0
LOAN000644,2024-01-31,0,0.2086,0.2295,0.0
LOAN000917,2024-01-31,0,0.1257,0.2993,0.0
LOAN000774,2024-01-31,0,0.095,0.595,60.0
LOAN000136,2024-01-31,0,0.2566,0.8676,0.0
LOAN000134,2024-01-31,0,0.2388,0.8507,0.0
LOAN000846,2024-01-31,0,0.0503,0.2634,30.0
LOAN000136,2024-01-31,60,0.2613,0.3627,0.0
LOAN000979,2024-01-31,0,0.19,0.803,0.0
LOAN000970,2024-01-31,30,0.2234,0.5438,0.0
LOAN000877,2024-01-31,0,0.2281,0.3398,0.0
LOAN000793,2024-01-31,30,0.1027,0.3807,0.0
LOAN000478,2024-01-31,0,0.2172,0.7257,0.0
LOAN000857,2024-01-31,0,0.1231,0.803,60.0
LOAN000284,2024-01-31,0,0.2185,0.8494,30.0
LOAN000753,2024-01-31,30,0.1116,0.2781,30.0
LOAN000280,2024-01-31,0,0.0978,0.7982,0.0
LOAN000228,2024-01-31,0,0.1067,0.4622,30.0
LOAN000871,2024-01-31,60,0.2957,0.8092,60.0
LOAN000247,2024-01-31,0,0.0255,0.8587,0.0
LOAN000637,2024-01-31,0,0.1524,0.6491,0.0
LOAN000685,2024-01-31,30,0.035,0.6856,0.0
LOAN000441,2024-01-31,90,0.2056,0.2023,0.0
LOAN000574,2024-01-31,60,0.0149,0.2369,30.0
LOAN000439,2024-01-31,0,0.2079,0.444,90.0
LOAN000230,2024-01-31,0,0.0879,0.4666,0.0
LOAN000905,2024-01-31,0,0.0461,0.7576,0.0
LOAN000513,2024-01-31,0,0.1754,0.5988,0.0
LOAN000405,2024-01-31,30,0.2739,0.3982,0.0
LOAN000346,2024-01-31,60,0.1733,0.2316,90.0
LOAN000704,2024-01-31,0,0.2086,0.7082,60.0
LOAN000918,2024-01-31,0,0.0371,0.8486,0.0
LOAN000396,2024-01-31,60,0.2648,0.8488,30.0
LOAN000674,2024-01-31,0,0.0331,0.8724,30.0
LOAN000991,2024-01-31,0,0.0345,0.3089,0.0
LOAN000956,2024-01-31,0,0.1587,0.2648,60.0
LOAN000109,2024-01-31,0,0.2191,0.4908,0.0
LOAN000717,2024-01-31,0,0.215,0.232,30.0
LOAN000974,2024-01-31,30,0.1889,0.2119,30.0
LOAN000580,2024-01-31,0,0.1891,0.6398,0.0
LOAN000587,2024-01-31,60,0.0567,0.7236,30.0
LOAN000925,2024-01-31,0,0.0777,0.6959,0.0
LOAN000085,2024-01-31,90,0.1975,0.414,30.0
LOAN000219,2024-01-31,0,0.0104,0.7653,0.0
LOAN000618,2024-01-31,0,0.0691,0.5437,0.0
LOAN000247,2024-01-31,0,0.2055,0.238,0.0
LOAN000554,2024-01-31,0,0.0164,0.3255,0.0
LOAN000533,2024-01-31,0,0.295,0.8577,30.0
LOAN000630,2024-01-31,0,0.2989,0.4861,60.0
LOAN000628,2024-01-31,60,0.0145,0.7494,0.0
LOAN000539,2024-01-31,0,0.2918,0.4269,60.0
LOAN000007,2024-01-31,0,0.0883,0.4908,60.0
LOAN000504,2024-01-31,0,0.2532,0.6033,0.0
LOAN000988,2024-01-31,0,0.2753,0.619,0.0
LOAN000291,2024-01-31,30,0.0968,0.4177,0.0
LOAN000535,2024-01-31,0,0.0532,0.6663,0.0
LOAN000994,2024-01-31,0,0.0804,0.3295,90.0
LOAN000303,2024-01-31,0,0.1519,0.4326,0.0
LOAN000863,2024-01-31,0,0.0549,0.2832,30.0
LOAN000154,2024-01-31,0,0.0745,0.895,0.0
LOAN000534,2024-01-31,0,0.0726,0.2925,60.0
LOAN000646,2024-01-31,0,0.077,0.8479,30.0
LOAN000353,2024-01-31,0,0.1862,0.4858,0.0
LOAN000365,2024-01-31,0,0.0706,0.887,60.0
LOAN000623,2024-01-31,0,0.0202,0.2636,0.0
LOAN000062,2024-01-31,0,0.0832,0.6582,0.0
LOAN000977,2024-01-31,0,0.2174,0.7979,0.0
LOAN000413,2024-01-31,0,0.1117,0.6261,60.0
LOAN000453,2024-01-31,60,0.2393,0.6216,0.0
LOAN000416,2024-01-31,60,0.1909,0.2233,0.0
LOAN000517,2024-01-31,0,0.1219,0.7613,0.0
LOAN000869,2024-01-31,0,0.2349,0.2408,30.0
LOAN000814,2024-01-31,90,0.2405,0.401,0.0
LOAN000261,2024-01-31,0,0.2448,0.7154,90.0
LOAN000178,2024-01-31,0,0.0755,0.8575,0.0
LOAN000628,2024-01-31,0,0.1128,0.2654,60.0
LOAN000697,2024-01-31,0,0.1079,0.5039,0.0
LOAN000089,2024-01-31,30,0.2667,0.5546,60.0
LOAN000874,2024-01-31,0,0.2871,0.8878,0.0
LOAN000236,2024-01-31,0,0.1489,0.5501,0.0
LOAN000744,2024-01-31,60,0.1238,0.4797,0.0
LOAN000206,2024-01-31,0,0.1467,0.6168,0.0
LOAN000404,2024-01-31,0,0.0743,0.887,30.0
LOAN000120,2024-01-31,60,0.0479,0.5594,0.0
LOAN000733,2024-01-31,0,0.077,0.5772,0.0
LOAN000246,2024-01-31,0,0.0274,0.3119,0.0
LOAN000124,2024-01-31,0,0.2412,0.3101,0.0
LOAN000442,2024-01-31,0,0.1565,0.2478,0.0
LOAN000254,2024-01-31,0,0.0502,0.724,30.0
LOAN000466,2024-01-31,0,0.0514,0.208,0.0
LOAN000650,2024-01-31,0,0.1876,0.4306,0.0
LOAN000008,2024-01-31,30,0.1942,0.7155,90.0
LOAN000335,2024-01-31,60,0.0399,0.4215,30.0
LOAN000755,2024-01-31,30,0.2611,0.8637,0.0
LOAN000128,2024-01-31,0,0.2956,0.2974,0.0
LOAN000127,2024-01-31,0,0.0986,0.6538,0.0
LOAN000496,2024-01-31,90,0.2451,0.6082,30.0
LOAN000689,2024-01-31,0,0.1922,0.206,0.0
LOAN000319,2024-01-31,0,0.198,0.8647,0.0
LOAN000838,2024-01-31,0,0.2419,0.6298,0.0
LOAN000335,2024-01-31,30,0.2281,0.5714,60.0
LOAN000566,2024-01-31,0,0.2117,0.4246,30.0
LOAN000683,2024-01-31,0,0.2067,0.8748,0.0
LOAN000295,2024-01-31,0,0.1518,0.6309,60.0
LOAN000994,2024-01-31,0,0.0362,0.3199,0.0
LOAN000988,2024-01-31,60,0.2436,0.7269,0.0
LOAN000685,2024-01-31,0,0.2922,0.5195,30.0
LOAN000611,2024-01-31,0,0.209,0.5681,0.0
LOAN000071,2024-01-31,0,0.1422,0.3691,30.0
LOAN000381,2024-01-31,0,0.1659,0.3058,0.0
LOAN000564,2024-01-31,30,0.1824,0.3817,30.0
LOAN000475,2024-01-31,30,0.187,0.3355,0.0
LOAN000246,2024-01-31,0,0.2456,0.6046,0.0
LOAN000156,2024-01-31,0,0.2798,0.2185,60.0
LOAN000240,2024-01-31,0,0.0348,0.3723,60.0
LOAN000037,2024-01-31,30,0.1437,0.5131,90.0
LOAN000857,2024-01-31,30,0.2775,0.5081,0.0
LOAN000903,2024-01-31,0,0.0573,0.2483,0.0
LOAN000221,2024-01-31,0,0.2262,0.7581,0.0
LOAN000924,2024-01-31,90,0.1453,0.2934,0.0
LOAN000288,2024-01-31,30,0.2892,0.8704,0.0
LOAN000584,2024-01-31,30,0.1165,0.6229,0.0
LOAN000799,2024-01-31,0,0.2311,0.4388,0.0
LOAN000751,2024-01-31,0,0.1364,0.6522,0.0
LOAN000380,2024-01-31,0,0.2718,0.7379,0.0
LOAN000786,2024-01-31,0,0.2147,0.4141,30.0
LOAN000968,2024-01-31,0,0.0359,0.7895,0.0
LOAN000000,2024-01-31,0,0.0454,0.7417,0.0
LOAN000079,2024-01-31,0,0.0232,0.834,60.0
LOAN000887,2024-01-31,0,0.1232,0.4635,90.0
LOAN000185,2024-01-31,0,0.0458,0.6507,30.0
LOAN000605,2024-01-31,0,0.0189,0.4231,0.0
LOAN000143,2024-01-31,0,0.0135,0.3735,0.0
LOAN000441,2024-01-31,60,0.0397,0.5691,90.0
LOAN000174,2024-01-31,60,0.1448,0.6066,60.0
LOAN000868,2024-01-31,0,0.2378,0.6056,0.0
LOAN000593,2024-01-31,60,0.177,0.6679,90.0
LOAN000630,2024-01-31,0,0.1751,0.3763,0.0
LOAN000811,2024-01-31,0,0.0619,0.8443,60.0
LOAN000903,2024-01-31,0,0.2913,0.2318,0.0
LOAN000681,2024-01-31,30,0.1522,0.255,0.0
LOAN000745,2024-01-31,0,0.1765,0.6899,30.0
LOAN000841,2024-01-31,0,0.2385,0.2428,0.0
LOAN000319,2024-01-31,0,0.2088,0.8571,0.0
LOAN000849,2024-01-31,30,0.2849,0.5137,0.0
LOAN000319,2024-01-31,0,0.0493,0.2571,0.0
LOAN000580,2024-01-31,0,0.1924,0.566,0.0
LOAN000440,2024-01-31,0,0.1441,0.3985,0.0
LOAN000285,2024-01-31,0,0.2799,0.3278,60.0
LOAN000859,2024-01-31,0,0.1261,0.7054,90.0
LOAN000183,2024-01-31,0,0.0374,0.4623,30.0
LOAN000460,2024-01-31,60,0.2664,0.6615,0.0
LOAN000209,2024-01-31,0,0.2033,0.5367,0.0
LOAN000420,2024-01-31,60,0.1031,0.7784,0.0
LOAN000623,2024-01-31,30,0.267,0.663,0.0
LOAN000218,2024-01-31,0,0.2041,0.5596,0.0
LOAN000346,2024-01-31,0,0.2691,0.5165,60.0
LOAN000860,2024-01-31,0,0.0203,0.664,0.0
LOAN000096,2024-01-31,0,0.0737,0.3261,0.0
LOAN000362,2024-01-31,0,0.1086,0.4207,30.0
LOAN000018,2024-01-31,60,0.189,0.8571,0.0
LOAN000670,2024-01-31,60,0.0655,0.7516,0.0
LOAN000223,2024-01-31,0,0.2679,0.6919,30.0
LOAN000430,2024-01-31,0,0.2524,0.7412,0.0
LOAN000996,2024-01-31,0,0.2288,0.7626,60.0
LOAN000052,2024-01-31,60,0.1429,0.5797,0.0
LOAN000186,2024-01-31,0,0.2006,0.5326,0.0
LOAN000811,2024-01-31,30,0.2194,0.8981,0.0
LOAN000994,2024-01-31,60,0.1127,0.7184,0.0
LOAN000589,2024-01-31,0,0.1828,0.3546,0.0
LOAN000012,2024-01-31,0,0.1893,0.3925,0.0
LOAN000558,2024-01-31,0,0.2538,0.3149,0.0
LOAN000131,2024-01-31,0,0.1376,0.2393,0.0
LOAN000778,2024-01-31,0,0.0609,0.7185,0.0
LOAN000774,2024-01-31,0,0.0121,0.853,0.0
LOAN000046,2024-01-31,0,0.1968,0.8598,0.0
LOAN000791,2024-01-31,0,0.0529,0.6156,0.0
LOAN000427,2024-01-31,0,0.0896,0.4088,0.0
LOAN000760,2024-01-31,30,0.1917,0.6554,0.0
LOAN000151,2024-01-31,0,0.0903,0.8764,0.0
LOAN000572,2024-01-31,30,0.2369,0.7005,0.0
LOAN000989,2024-01-31,30,0.1413,0.5352,60.0
LOAN000914,2024-01-31,0,0.2378,0.382,0.0
LOAN000764,2024-01-31,30,0.1794,0.7024,0.0
LOAN000622,2024-01-31,30,0.0849,0.4595,0.0
LOAN000540,2024-01-31,0,0.0573,0.2788,0.0
LOAN000406,2024-01-31,30,0.0977,0.7916,0.0
LOAN000653,2024-01-31,0,0.2224,0.3069,90.0
LOAN000332,2024-01-31,0,0.1444,0.3167,0.0
LOAN000770,2024-01-31,0,0.1494,0.276,0.0
LOAN000049,2024-01-31,60,0.1007,0.8931,0.0
LOAN000887,2024-01-31,0,0.1612,0.2129,0.0
LOAN000984,2024-01-31,30,0.025,0.3606,0.0
LOAN000835,2024-01-31,30,0.2093,0.3028,90.0
LOAN000700,2024-01-31,0,0.1933,0.8539,60.0
LOAN000222,2024-01-31,0,0.2619,0.8611,0.0
LOAN000239,2024-01-31,30,0.0933,0.4686,60.0
LOAN000229,2024-01-31,30,0.1807,0.795,90.0
LOAN000178,2024-01-31,0,0.1099,0.6109,0.0
LOAN000551,2024-01-31,0,0.1745,0.4019,0.0
LOAN000332,2024-01-31,0,0.2118,0.5067,0.0
LOAN000827,2024-01-31,0,0.08,0.3016,0.0
LOAN000596,2024-01-31,0,0.1952,0.3085,30.0
LOAN000675,2024-01-31,0,0.1688,0.2844,30.0
LOAN000122,2024-01-31,0,0.095,0.8563,0.0
LOAN000001,2024-01-31,0,0.1145,0.3533,0.0
LOAN000826,2024-01-31,0,0.2957,0.2244,0.0
LOAN000365,2024-01-31,0,0.0162,0.5929,0.0
LOAN000826,2024-01-31,30,0.1166,0.3177,0.0
LOAN000096,2024-01-31,0,0.2271,0.7586,0.0
LOAN000533,2024-01-31,0,0.219,0.7102,0.0
LOAN000461,2024-01-31,60,0.0431,0.6698,0.0
LOAN000008,2024-01-31,0,0.0999,0.2586,30.0
LOAN000805,2024-01-31,0,0.2963,0.449,0.0
LOAN000867,2024-01-31,0,0.1166,0.4839,60.0
LOAN000740,2024-01-31,0,0.2355,0.5033,0.0
LOAN000443,2024-01-31,0,0.0236,0.7149,0.0
LOAN000185,2024-01-31,0,0.2685,0.6917,0.0
LOAN000919,2024-01-31,30,0.1253,0.2108,0.0
LOAN000538,2024-01-31,90,0.0456,0.2183,0.0
LOAN000339,2024-01-31,90,0.177,0.7834,0.0
LOAN000068,2024-01-31,0,0.1051,0.6859,0.0
LOAN000329,2024-01-31,30,0.0356,0.4343,60.0
LOAN000190,2024-01-31,60,0.1234,0.6805,0.0
LOAN000407,2024-01-31,0,0.2569,0.5111,0.0
LOAN000677,2024-01-31,0,0.0648,0.3586,60.0
LOAN000233,2024-01-31,0,0.0502,0.7781,0.0
LOAN000189,2024-01-31,0,0.2203,0.8362,0.0
LOAN000599,2024-01-31,60,0.1185,0.5744,0.0
LOAN000837,2024-01-31,0,0.0693,0.4864,30.0
LOAN000073,2024-01-31,30,0.0945,0.5253,0.0
LOAN000141,2024-01-31,0,0.2989,0.8404,0.0
LOAN000305,2024-01-31,0,0.2745,0.3608,0.0
LOAN000240,2024-01-31,0,0.118,0.2856,0.0
LOAN000569,2024-01-31,0,0.2481,0.3817,0.0
LOAN000346,2024-01-31,0,0.0347,0.5359,0.0
LOAN000818,2024-01-31,0,0.2803,0.5928,30.0
LOAN000561,2024-02-29,0,0.0385,0.868,30.0
LOAN000822,2024-02-29,0,0.1918,0.6864,0.0
LOAN000525,2024-02-29,30,0.0264,0.3702,0.0
LOAN000561,2024-02-29,0,0.267,0.7748,0.0
LOAN000861,2024-02-29,0,0.1399,0.8827,0.0
LOAN000758,2024-02-29,0,0.0932,0.5419,0.0
LOAN000940,2024-02-29,0,0.0516,0.7589,60.0
LOAN000760,2024-02-29,30,0.0496,0.232,30.0
LOAN000823,2024-02-29,0,0.1917,0.8639,0.0
LOAN000244,2024-02-29,0,0.2415,0.4429,0.0
LOAN000277,2024-02-29,0,0.2072,0.64,0.0
LOAN000427,2024-02-29,90,0.0693,0.6431,0.0
LOAN000418,2024-02-29,0,0.2215,0.4608,0.0
LOAN000390,2024-02-29,0,0.1954,0.8235,0.0
LOAN000401,2024-02-29,0,0.2395,0.8807,30.0
LOAN000018,2024-02-29,0,0.126,0.6262,60.0
LOAN000642,2024-02-29,60,0.1256,0.3207,0.0
LOAN000922,2024-02-29,90,0.1855,0.7608,0.0
LOAN000392,2024-02-29,0,0.1472,0.5487,0.0
LOAN000477,2024-02-29,0,0.2742,0.3014,0.0
LOAN000966,2024-02-29,30,0.0204,0.7467,0.0
LOAN000354,2024-02-29,0,0.0942,0.5319,0.0
LOAN000279,2024-02-29,0,0.254,0.4896,0.0
LOAN000046,2024-02-29,0,0.0746,0.5822,0.0
LOAN000271,2024-02-29,0,0.057,0.2692,30.0
LOAN000452,2024-02-29,30,0.2423,0.6458,0.0
LOAN000823,2024-02-29,0,0.0632,0.8103,0.0
LOAN000610,2024-02-29,0,0.0479,0.2939,0.0
LOAN000138,2024-02-29,0,0.0123,0.6546,0.0
LOAN000212,2024-02-29,90,0.1504,0.6081,0.0
LOAN000603,2024-02-29,0,0.1677,0.8433,0.0
LOAN000722,2024-02-29,0,0.1007,0.8407,0.0
LOAN000999,2024-02-29,0,0.0152,0.4265,0.0
LOAN000004,2024-02-29,0,0.1471,0.3742,0.0
LOAN000108,2024-02-29,0,0.2276,0.4272,0.0
LOAN000381,2024-02-29,0,0.0321,0.5356,0.0
LOAN000052,2024-02-29,30,0.1562,0.3416,60.0
LOAN000762,2024-02-29,60,0.1035,0.2114,0.0
LOAN000245,2024-02-29,90,0.1782,0.3908,
LOAN000477,2024-02-29,0,0.1189,0.3057,0.0
LOAN000210,2024-02-29,0,0.1392,0.7918,0.0
LOAN000153,2024-02-29,0,0.1894,0.6698,0.0
LOAN000229,2024-02-29,60,0.1018,0.2133,30.0
LOAN000230,2024-02-29,0,0.1791,0.2704,0.0
LOAN000104,2024-02-29,0,0.2355,0.4649,0.0
LOAN000801,2024-02-29,90,0.2276,0.4355,0.0
LOAN000002,2024-02-29,0,0.2247,0.7995,0.0
LOAN000958,2024-02-29,30,0.0368,0.7701,0.0
LOAN000225,2024-02-29,30,0.1617,0.6942,0.0
LOAN000119,2024-02-29,0,0.2814,0.6376,30.0
LOAN000512,2024-02-29,0,0.2741,0.7245,0.0
LOAN000050,2024-02-29,90,0.0484,0.7428,60.0
LOAN000133,2024-02-29,60,0.053,0.4003,0.0
LOAN000047,2024-02-29,0,0.2354,0.7667,0.0
LOAN000584,2024-02-29,0,0.2712,0.5691,30.0
LOAN000118,2024-02-29,0,0.1263,0.2065,0.0
LOAN000665,2024-02-29,0,0.2159,0.5066,0.0
LOAN000857,2024-02-29,0,0.2071,0.4148,30.0
LOAN000263,2024-02-29,0,0.1263,0.4947,0.0
LOAN000596,2024-02-29,0,0.0505,0.7526,0.0
LOAN000615,2024-02-29,30,0.0526,0.6373,0.0
LOAN000291,2024-02-29,0,0.0411,0.5155,30.0
LOAN000643,2024-02-29,0,0.1538,0.5429,0.0
LOAN000428,2024-02-29,60,0.0595,0.6378,0.0
LOAN000582,2024-02-29,60,0.0496,0.8854,60.0
LOAN000986,2024-02-29,0,0.2232,0.3056,0.0
LOAN000079,2024-02-29,0,0.0313,0.597,0.0
LOAN000948,2024-02-29,30,0.2582,0.4567,0.0
LOAN000513,2024-02-29,0,0.162,0.7022,0.0
LOAN000374,2024-02-29,30,0.0614,0.2474,0.0
LOAN000871,2024-02-29,90,0.1012,0.3324,60.0
LOAN000246,2024-02-29,60,0.1573,0.3021,0.0
LOAN000134,2024-02-29,0,0.0407,0.3682,0.0
LOAN000031,2024-02-29,90,0.181,0.5641,0.0
LOAN000036,2024-02-29,0,0.2584,0.5315,0.0
LOAN000378,2024-02-29,0,0.1869,0.8534,0.0
LOAN000044,2024-02-29,30,0.2639,0.3672,0.0
LOAN000653,2024-02-29,0,0.0244,0.6744,0.0
LOAN000955,2024-02-29,60,0.0553,0.5773,90.0
LOAN000600,2024-02-29,0,0.1168,0.3041,0.0
LOAN000000,2024-02-29,0,0.1108,0.3703,0.0
LOAN000293,2024-02-29,0,0.0998,0.6697,
LOAN000211,2024-02-29,0,0.1091,0.3753,0.0
LOAN000980,2024-02-29,0,0.1344,0.5741,0.0
LOAN000393,2024-02-29,0,0.2499,0.6837,0.0
LOAN000771,2024-02-29,0,0.1434,0.7515,30.0
LOAN000026,2024-02-29,0,0.0822,0.3696,0.0
LOAN000249,2024-02-29,30,0.2168,0.4792,0.0
LOAN000546,2024-02-29,0,0.0126,0.4595,0.0
LOAN000355,2024-02-29,0,0.0357,0.6862,0.0
LOAN000962,2024-02-29,60,0.0813,0.8214,0.0
LOAN000660,2024-02-29,0,0.1583,0.7548,60.0
LOAN000609,2024-02-29,0,0.0852,0.829,60.0
LOAN000092,2024-02-29,0,0.1849,0.3387,0.0
LOAN000224,2024-02-29,0,0.0594,0.763,0.0
LOAN000213,2024-02-29,0,0.0652,0.4131,0.0
LOAN000179,2024-02-29,90,0.2701,0.2231,0.0
LOAN000690,2024-02-29,30,0.0304,0.3413,0.0
LOAN000130,2024-02-29,0,0.1511,0.8365,0.0
LOAN000456,2024-02-29,0,0.2478,0.8084,0.0
LOAN000467,2024-02-29,0,0.1051,0.7019,90.0
LOAN000317,2024-02-29,0,0.1453,0.2216,60.0
LOAN000874,2024-02-29,0,0.125,0.835,0.0
LOAN000622,2024-02-29,0,0.1675,0.4366,30.0
LOAN000376,2024-02-29,0,0.1578,0.5413,0.0
LOAN000038,2024-02-29,60,0.2765,0.3575,0.0
LOAN000676,2024-02-29,60,0.1959,0.5647,0.0
LOAN000628,2024-02-29,30,0.0544,0.6986,0.0
LOAN000398,2024-02-29,30,0.2507,0.4059,0.0
LOAN000803,2024-02-29,0,0.1769,0.6296,0.0
LOAN000795,2024-02-29,30,0.073,0.639,0.0
LOAN000391,2024-02-29,0,0.0554,0.8569,0.0
LOAN000760,2024-02-29,30,0.1764,0.8861,30.0
LOAN000088,2024-02-29,60,0.1381,0.6232,0.0
LOAN000657,2024-02-29,90,0.2558,0.2399,30.0
LOAN000931,2024-02-29,90,0.2106,0.4181,60.0
LOAN000404,2024-02-29,0,0.2015,0.5514,0.0
LOAN000085,2024-02-29,0,0.0341,0.3198,90.0
LOAN000765,2024-02-29,60,0.1353,0.2056,0.0
LOAN000909,2024-02-29,0,0.069,0.8266,30.0
LOAN000391,2024-02-29,0,0.2758,0.82,0.0
LOAN000845,2024-02-29,0,0.2727,0.4799,30.0
LOAN000081,2024-02-29,0,0.2322,0.462,0.0
LOAN000695,2024-02-29,60,0.2232,0.6468,0.0
LOAN000875,2024-02-29,30,0.1103,0.6553,60.0
LOAN000872,2024-02-29,90,0.2986,0.3725,0.0
LOAN000053,2024-02-29,0,0.2336,0.791,30.0
LOAN000724,2024-02-29,60,0.099,0.4864,0.0
LOAN000920,2024-02-29,30,0.2858,0.8918,30.0
LOAN000570,2024-02-29,0,0.2244,0.7491,0.0
LOAN000766,2024-02-29,60,0.2329,0.2411,0.0
LOAN000374,2024-02-29,0,0.2544,0.3509,30.0
LOAN000449,2024-02-29,0,0.1072,0.8908,0.0
LOAN000444,2024-02-29,30,0.2048,0.7377,0.0
LOAN000437,2024-02-29,0,0.0337,0.5541,0.0
LOAN000022,2024-02-29,0,0.0171,0.8678,0.0
LOAN000778,2024-02-29,0,0.083,0.3978,0.0
LOAN000553,2024-02-29,30,0.2264,0.3079,0.0
LOAN000954,2024-02-29,30,0.0277,0.6841,0.0
LOAN000766,2024-02-29,30,0.1605,0.673,60.0
LOAN000875,2024-02-29,0,0.293,0.2743,30.0
LOAN000648,2024-02-29,30,0.2795,0.7777,60.0
LOAN000101,2024-02-29,0,0.1183,0.7162,0.0
LOAN000520,2024-02-29,30,0.0247,0.6601,0.0
LOAN000355,2024-02-29,0,0.1293,0.5177,0.0
LOAN000560,2024-02-29,0,0.2209,0.2769,0.0
LOAN000260,2024-02-29,0,0.0486,0.2532,0.0
LOAN000178,2024-02-29,0,0.2676,0.5898,0.0
LOAN000632,2024-02-29,30,0.1222,0.3636,0.0
LOAN000374,2024-02-29,30,0.2425,0.7437,0.0
LOAN000273,2024-02-29,0,0.0102,0.6752,30.0
LOAN000593,2024-02-29,0,0.2757,0.8133,60.0
LOAN000690,2024-02-29,0,0.0646,0.2797,30.0
LOAN000075,2024-02-29,0,0.2804,0.7311,0.0
LOAN000627,2024-02-29,60,0.1612,0.7667,0.0
LOAN000340,2024-02-29,0,0.0508,0.7979,0.0
LOAN000243,2024-02-29,0,0.2122,0.7356,0.0
LOAN000840,2024-02-29,0,0.1686,0.5548,0.0
LOAN000597,2024-02-29,0,0.2388,0.5488,0.0
LOAN000817,2024-02-29,30,0.1238,0.6231,30.0
LOAN000027,2024-02-29,0,0.1224,0.7336,0.0
LOAN000241,2024-02-29,0,0.2258,0.4639,0.0
LOAN000782,2024-02-29,0,0.2501,0.3325,30.0
LOAN000675,2024-02-29,60,0.0506,0.5584,0.0
LOAN000453,2024-02-29,0,0.1219,0.7446,60.0
LOAN000758,2024-02-29,0,0.2079,0.714,0.0
LOAN000236,2024-02-29,0,0.206,0.2008,0.0
LOAN000731,2024-02-29,0,0.2517,0.2324,0.0
LOAN000035,2024-02-29,0,0.0886,0.4406,90.0
LOAN000688,2024-02-29,0,0.1302,0.3592,0.0
LOAN000608,2024-02-29,60,0.1771,0.6226,0.0
LOAN000537,2024-02-29,0,0.2287,0.5058,0.0
LOAN000097,2024-02-29,0,0.012,0.4128,0.0
LOAN000527,2024-02-29,60,0.1181,0.2234,0.0
LOAN000439,2024-02-29,60,0.0908,0.8511,0.0
LOAN000274,2024-02-29,0,0.1168,0.4983,0.0
LOAN000909,2024-02-29,30,0.2987,0.7901,0.0
LOAN000388,2024-02-29,60,0.0907,0.5492,60.0
LOAN000017,2024-02-29,90,0.2198,0.3197,0.0
LOAN000013,2024-02-29,0,0.12,0.5058,0.0
LOAN000161,2024-02-29,0,0.0217,0.2596,0.0
LOAN000542,2024-02-29,0,0.2743,0.5735,90.0
LOAN000133,2024-02-29,0,0.146,0.7598,60.0
LOAN000789,2024-02-29,90,0.1949,0.5228,60.0
LOAN000835,2024-02-29,90,0.1741,0.5063,30.0
LOAN000222,2024-02-29,90,0.0669,0.3615,0.0
LOAN000227,2024-02-29,0,0.0106,0.5679,60.0
LOAN000251,2024-02-29,0,0.2707,0.811,0.0
LOAN000756,2024-02-29,0,0.2579,0.5156,60.0
LOAN000867,2024-02-29,0,0.2566,0.4114,0.0
LOAN000762,2024-02-29,0,0.1073,0.6846,60.0
LOAN000727,2024-02-29,30,0.1645,0.7829,60.0
LOAN000989,2024-02-29,60,0.1209,0.5703,30.0
LOAN000006,2024-02-29,0,0.2091,0.7707,0.0
LOAN000411,2024-02-29,60,0.2192,0.5509,60.0
LOAN000836,2024-02-29,30,0.2929,0.2179,30.0
LOAN000055,2024-02-29,0,0.1474,0.7829,0.0
LOAN000063,2024-02-29,60,0.0188,0.2593,0.0
LOAN000747,2024-02-29,60,0.2996,0.7808,60.0
LOAN000145,2024-02-29,0,0.2004,0.8114,0.0
LOAN000127,2024-02-29,30,0.0567,0.7135,0.0
LOAN000146,2024-02-29,0,0.0604,0.2555,90.0
LOAN000010,2024-02-29,0,0.077,0.8524,90.0
LOAN000722,2024-02-29,0,0.2564,0.2916,0.0
LOAN000898,2024-02-29,60,0.0443,0.6473,0.0
LOAN000413,2024-02-29,0,0.2847,0.8346,0.0
LOAN000255,2024-02-29,0,0.0703,0.3955,0.0
LOAN000598,2024-02-29,90,0.1979,0.6535,0.0
LOAN000443,2024-02-29,30,0.1793,0.7958,0.0
LOAN000313,2024-02-29,0,0.2574,0.7005,0.0
LOAN000089,2024-02-29,30,0.0132,0.8419,30.0
LOAN000988,2024-02-29,0,0.0265,0.2366,60.0
LOAN000357,2024-02-29,0,0.1058,0.3839,0.0
LOAN000698,2024-02-29,0,0.0355,0.239,0.0
LOAN000089,2024-02-29,0,0.1717,0.2618,30.0
LOAN000586,2024-02-29,0,0.0733,0.5595,0.0
LOAN000366,2024-02-29,60,0.2136,0.3547,60.0
LOAN000273,2024-02-29,60,0.1215,0.3456,0.0
LOAN000439,2024-02-29,90,0.2142,0.6801,60.0
LOAN000385,2024-02-29,0,0.2569,0.7766,30.0
LOAN000014,2024-02-29,90,0.0719,0.7371,0.0
LOAN000724,2024-02-29,0,0.1602,0.7585,60.0
LOAN000674,2024-02-29,90,0.2833,0.5661,0.0
LOAN000209,2024-02-29,0,0.2046,0.7455,0.0
LOAN000312,2024-02-29,0,0.1779,0.8129,60.0
LOAN000272,2024-02-29,30,0.0547,0.7796,60.0
LOAN000122,2024-02-29,0,0.1391,0.471,0.0
LOAN000207,2024-02-29,0,0.0822,0.4503,0.0
LOAN000911,2024-02-29,60,0.2777,0.6577,0.0
LOAN000015,2024-02-29,0,0.0657,0.4936,90.0
LOAN000855,2024-02-29,0,0.0256,0.3488,0.0
LOAN000994,2024-02-29,0,0.0557,0.6759,60.0
LOAN000309,2024-02-29,0,0.0187,0.6093,0.0
LOAN000268,2024-02-29,0,0.1078,0.7974,0.0
LOAN000630,2024-02-29,0,0.2464,0.4832,0.0
LOAN000574,2024-02-29,0,0.2539,0.4682,60.0
LOAN000107,2024-02-29,0,0.083,0.7766,0.0
LOAN000400,2024-02-29,0,0.2832,0.2561,0.0
LOAN000011,2024-02-29,30,0.0865,0.2053,30.0
LOAN000426,2024-02-29,0,0.1635,0.5882,0.0
LOAN000209,2024-02-29,0,0.1352,0.2875,0.0
LOAN000360,2024-02-29,0,0.112,0.7019,0.0
LOAN000124,2024-02-29,60,0.1707,0.4462,0.0
LOAN000361,2024-02-29,0,0.1672,0.8178,0.0
LOAN000474,2024-02-29,0,0.2069,0.8951,90.0
LOAN000242,2024-02-29,0,0.0649,0.2752,0.0
LOAN000896,2024-02-29,0,0.0938,0.4443,30.0
LOAN000447,2024-02-29,0,0.0324,0.4695,0.0
LOAN000420,2024-02-29,0,0.2321,0.4392,60.0
LOAN000578,2024-02-29,0,0.2375,0.8048,90.0
LOAN000292,2024-02-29,60,0.1973,0.4574,30.0
LOAN000642,2024-02-29,0,0.2789,0.4327,60.0
LOAN000560,2024-02-29,60,0.1498,0.381,0.0
LOAN000819,2024-02-29,90,0.0476,0.4212,0.0
LOAN000381,2024-02-29,0,0.1772,0.8729,0.0
LOAN000009,2024-02-29,60,0.0257,0.2198,0.0
LOAN000838,2024-02-29,0,0.2042,0.7281,0.0
LOAN000302,2024-02-29,60,0.2717,0.3716,30.0
LOAN000442,2024-02-29,0,0.0279,0.5135,0.0
LOAN000297,2024-02-29,0,0.1507,0.8472,0.0
LOAN000427,2024-02-29,30,0.0929,0.4543,90.0
LOAN000479,2024-02-29,90,0.159,0.3422,0.0
LOAN000203,2024-02-29,30,0.235,0.4647,60.0
LOAN000253,2024-02-29,0,0.1104,0.726,60.0
LOAN000727,2024-02-29,90,0.1686,0.755,30.0
LOAN000709,2024-02-29,60,0.0131,0.4294,0.0
LOAN000377,2024-02-29,0,0.0537,0.4807,0.0
LOAN000280,2024-02-29,30,0.0625,0.2084,0.0
LOAN000813,2024-02-29,0,0.1087,0.7424,30.0
LOAN000691,2024-02-29,0,0.2927,0.4425,0.0
LOAN000001,2024-02-29,0,0.1539,0.8107,0.0
LOAN000170,2024-02-29,0,0.2189,0.5143,0.0
LOAN000115,2024-02-29,0,0.1294,0.7437,30.0
LOAN000181,2024-02-29,0,0.1301,0.8582,0.0
LOAN000834,2024-02-29,0,0.0421,0.8737,30.0
LOAN000821,2024-02-29,0,0.1466,0.8438,0.0
LOAN000678,2024-02-29,0,0.1833,0.2436,30.0
LOAN000810,2024-02-29,0,0.1282,0.7467,0.0
LOAN000249,2024-02-29,0,0.1223,0.6674,30.0
LOAN000696,2024-02-29,0,0.1019,0.4354,30.0
LOAN000983,2024-02-29,30,0.0767,0.8743,0.0
LOAN000348,2024-02-29,30,0.1157,0.5373,0.0
LOAN000025,2024-02-29,30,0.1484,0.8776,0.0
LOAN000226,2024-02-29,60,0.2325,0.4477,0.0
LOAN000508,2024-02-29,30,0.0926,0.8558,90.0
LOAN000902,2024-02-29,0,0.2361,0.7988,0.0
LOAN000880,2024-02-29,0,0.1833,0.475,30.0
LOAN000572,2024-02-29,30,0.0916,0.8993,30.0
LOAN000966,2024-02-29,30,0.1117,0.3761,30.0
LOAN000325,2024-02-29,60,0.1283,0.7973,0.0
LOAN000661,2024-02-29,90,0.2226,0.2139,0.0
LOAN000734,2024-02-29,60,0.012,0.6768,0.0
LOAN000420,2024-02-29,0,0.2182,0.8538,0.0
LOAN000876,2024-02-29,0,0.2454,0.7958,0.0
LOAN000285,2024-02-29,0,0.1672,0.8775,0.0
LOAN000235,2024-02-29,30,0.1738,0.2696,30.0
LOAN000483,2024-02-29,0,0.0485,0.5192,0.0
LOAN000024,2024-02-29,0,0.1113,0.6124,0.0
LOAN000163,2024-02-29,0,0.1171,0.4109,0.0
LOAN000886,2024-02-29,30,0.255,0.6753,0.0
LOAN000388,2024-02-29,0,0.1361,0.6709,60.0
LOAN000798,2024-02-29,90,0.1133,0.8138,0.0
LOAN000384,2024-02-29,0,0.0416,0.2429,90.0
LOAN000545,2024-02-29,0,0.2997,0.3164,0.0
LOAN000678,2024-02-29,0,0.0551,0.7463,0.0
LOAN000338,2024-02-29,0,0.1487,0.7682,30.0
LOAN000967,2024-02-29,0,0.086,0.5245,0.0
LOAN000628,2024-02-29,30,0.2162,0.6164,30.0
LOAN000283,2024-02-29,60,0.1225,0.2317,30.0
LOAN000989,2024-02-29,0,0.0634,0.8066,60.0
LOAN000652,2024-02-29,0,0.2775,0.8763,0.0
LOAN000693,2024-02-29,0,0.1183,0.5696,0.0
LOAN000725,2024-02-29,0,0.1245,0.8793,0.0
LOAN000472,2024-02-29,0,0.2444,0.746,0.0
LOAN000149,2024-02-29,0,0.1828,0.3923,60.0
LOAN000325,2024-02-29,0,0.1695,0.2681,60.0
LOAN000960,2024-02-29,0,0.0506,0.3923,30.0
LOAN000702,2024-02-29,30,0.0869,0.3184,0.0
LOAN000243,2024-02-29,0,0.1566,0.209,0.0
LOAN000528,2024-02-29,0,0.1525,0.2957,90.0
LOAN000841,2024-02-29,30,0.2672,0.247,0.0
LOAN000469,2024-02-29,90,0.1789,0.859,0.0
LOAN000769,2024-02-29,0,0.1298,0.6582,0.0
LOAN000069,2024-02-29,0,0.2128,0.3534,0.0
LOAN000356,2024-02-29,0,0.2076,0.5744,0.0
LOAN000814,2024-02-29,0,0.0895,0.7291,90.0
LOAN000816,2024-02-29,0,0.2846,0.3261,0.0
LOAN000400,2024-02-29,30,0.2808,0.324,0.0
LOAN000892,2024-02-29,0,0.0742,0.4989,0.0
LOAN000502,2024-02-29,60,0.1997,0.3973,30.0
LOAN000129,2024-02-29,0,0.2312,0.6599,0.0
LOAN000613,2024-02-29,0,0.2727,0.8542,60.0
LOAN000605,2024-02-29,0,0.2429,0.6472,0.0
LOAN000250,2024-02-29,0,0.0641,0.5706,0.0
LOAN000174,2024-02-29,0,0.1043,0.5872,60.0
LOAN000804,2024-02-29,30,0.2243,0.586,0.0
LOAN000621,2024-02-29,0,0.1235,0.643,30.0
LOAN000949,2024-02-29,0,0.2617,0.325,0.0
LOAN000108,2024-02-29,0,0.0785,0.5818,0.0
LOAN000260,2024-02-29,30,0.1537,0.8484,0.0
LOAN000793,2024-02-29,0,0.162,0.356,30.0
LOAN000856,2024-02-29,0,0.0763,0.8285,0.0
LOAN000181,2024-02-29,0,0.2785,0.8397,0.0
LOAN000642,2024-02-29,30,0.0113,0.7668,0.0
LOAN000869,2024-02-29,0,0.1776,0.6712,0.0
LOAN000956,2024-02-29,30,0.2161,0.3233,0.0
LOAN000480,2024-02-29,0,0.2159,0.3214,0.0
LOAN000435,2024-02-29,0,0.1234,0.7569,60.0
LOAN000784,2024-02-29,60,0.0726,0.2823,30.0
LOAN000847,2024-02-29,30,0.2053,0.3508,0.0
LOAN000609,2024-02-29,0,0.0549,0.4556,0.0
LOAN000589,2024-02-29,30,0.292,0.5158,0.0
LOAN000746,2024-02-29,0,0.0478,0.3279,0.0
LOAN000917,2024-02-29,0,0.2155,0.4281,0.0
LOAN000728,2024-02-29,30,0.1788,0.5434,30.0
LOAN000752,2024-02-29,0,0.0215,0.895,0.0
LOAN000282,2024-02-29,0,0.0811,0.3884,0.0
LOAN000515,2024-02-29,0,0.1817,0.7213,60.0
LOAN000243,2024-02-29,0,0.2835,0.422,0.0
LOAN000087,2024-02-29,0,0.1289,0.4857,30.0
LOAN000959,2024-02-29,0,0.0289,0.393,0.0
LOAN000624,2024-02-29,0,0.0857,0.5641,0.0
LOAN000492,2024-02-29,0,0.0314,0.4289,90.0
LOAN000451,2024-02-29,0,0.0275,0.2424,0.0
LOAN000177,2024-02-29,0,0.1803,0.3942,90.0
LOAN000104,2024-02-29,0,0.1662,0.7065,0.0
LOAN000259,2024-02-29,0,0.2793,0.6442,0.0
LOAN000073,2024-02-29,0,0.1996,0.6888,30.0
LOAN000605,2024-02-29,0,0.2389,0.3866,0.0
LOAN000161,2024-02-29,0,0.2867,0.3722,0.0
LOAN000132,2024-02-29,0,0.1758,0.4404,0.0
LOAN000090,2024-02-29,30,0.0553,0.8926,0.0
LOAN000445,2024-02-29,60,0.2916,0.2089,0.0
LOAN000374,2024-02-29,0,0.019,0.3446,30.0
LOAN000076,2024-02-29,0,0.2375,0.5631,60.0
LOAN000508,2024-02-29,90,0.1073,0.4237,30.0
LOAN000140,2024-02-29,0,0.2957,0.6475,30.0
LOAN000227,2024-02-29,0,0.188,0.5247,0.0
LOAN000431,2024-02-29,0,0.2693,0.5209,30.0
LOAN000214,2024-02-29,0,0.0391,0.756,0.0
LOAN000134,2024-02-29,0,0.0735,0.8657,0.0
LOAN000655,2024-02-29,60,0.1179,0.8029,0.0
LOAN000632,2024-02-29,60,0.1877,0.2392,30.0
LOAN000051,2024-02-29,30,0.2289,0.8835,60.0
LOAN000726,2024-02-29,0,0.0815,0.3866,0.0
LOAN000947,2024-02-29,0,0.2309,0.7222,90.0
LOAN000053,2024-02-29,0,0.0552,0.2549,0.0
LOAN000549,2024-02-29,0,0.1206,0.295,0.0
LOAN000980,2024-02-29,0,0.0462,0.2323,0.0
LOAN000897,2024-02-29,30,0.2729,0.8775,60.0
LOAN000294,2024-02-29,0,0.1964,0.5215,0.0
LOAN000635,2024-02-29,0,0.2367,0.6817,0.0
LOAN000099,2024-02-29,30,0.0234,0.3279,0.0
LOAN000245,2024-02-29,0,0.0433,0.2783,90.0
LOAN000272,2024-02-29,30,0.297,0.4878,30.0
LOAN000979,2024-02-29,30,0.1164,0.5181,0.0
LOAN000327,2024-02-29,0,0.1354,0.435,60.0
LOAN000896,2024-02-29,0,0.0643,0.8384,0.0
LOAN000229,2024-02-29,0,0.1478,0.579,60.0
LOAN000953,2024-02-29,90,0.165,0.6901,
LOAN000534,2024-03-31,30,0.1731,0.6726,0.0
LOAN000930,2024-03-31,30,0.1655,0.7838,0.0
LOAN000539,2024-03-31,90,0.2685,0.2537,0.0
LOAN000697,2024-03-31,30,0.2596,0.649,0.0
LOAN000583,2024-03-31,0,0.071,0.2735,0.0
LOAN000648,2024-03-31,0,0.2539,0.75,30.0
LOAN000144,2024-03-31,0,0.2633,0.4909,0.0
LOAN000671,2024-03-31,0,0.2485,0.3903,0.0
LOAN000373,2024-03-31,0,0.2312,0.3498,90.0
LOAN000083,2024-03-31,0,0.0766,0.2541,0.0
LOAN000259,2024-03-31,60,0.2598,0.5737,0.0
LOAN000242,2024-03-31,30,0.1212,0.3477,0.0
LOAN000000,2024-03-31,0,0.1346,0.3989,0.0
LOAN000749,2024-03-31,0,0.0707,0.785,0.0
LOAN000402,2024-03-31,0,0.2902,0.7567,0.0
LOAN000983,2024-03-31,0,0.249,0.4165,30.0
LOAN000424,2024-03-31,0,0.2974,0.8853,0.0
LOAN000115,2024-03-31,30,0.0781,0.2591,0.0
LOAN000076,2024-03-31,0,0.071,0.6068,0.0
LOAN000804,2024-03-31,0,0.0737,0.4188,30.0
LOAN000896,2024-03-31,90,0.2556,0.6151,0.0
LOAN000178,2024-03-31,60,0.1463,0.4659,0.0
LOAN000969,2024-03-31,0,0.1542,0.4544,0.0
LOAN000129,2024-03-31,0,0.2337,0.6613,0.0
LOAN000312,2024-03-31,30,0.2884,0.871,0.0
LOAN000461,2024-03-31,0,0.0745,0.475,60.0
LOAN000199,2024-03-31,0,0.1608,0.8399,0.0
LOAN000985,2024-03-31,0,0.2507,0.5576,0.0
LOAN000904,2024-03-31,0,0.2008,0.8764,0.0
LOAN000757,2024-03-31,0,0.2994,0.7514,0.0
LOAN000650,2024-03-31,0,0.2768,0.8033,0.0
LOAN000325,2024-03-31,0,0.261,0.6038,0.0
LOAN000150,2024-03-31,0,0.1714,0.8493,60.0
LOAN000321,2024-03-31,30,0.2641,0.86,60.0
LOAN000583,2024-03-31,0,0.0109,0.6895,0.0
LOAN000883,2024-03-31,0,0.2677,0.4259,0.0
LOAN000869,2024-03-31,0,0.2337,0.2711,0.0
LOAN000351,2024-03-31,0,0.0338,0.3499,0.0
LOAN000896,2024-03-31,0,0.1401,0.8214,90.0
LOAN000376,2024-03-31,0,0.0403,0.6823,0.0
LOAN000379,2024-03-31,0,0.064,0.6911,30.0
LOAN000218,2024-03-31,0,0.1722,0.3901,0.0
LOAN000919,2024-03-31,0,0.2926,0.4646,30.0
LOAN000550,2024-03-31,60,0.3,0.591,0.0
LOAN000229,2024-03-31,90,0.202,0.6934,0.0
LOAN000742,2024-03-31,90,0.0544,0.3802,0.0
LOAN000615,2024-03-31,0,0.1461,0.2152,30.0
LOAN000283,2024-03-31,0,0.0528,0.8996,60.0
LOAN000203,2024-03-31,0,0.1788,0.3806,30.0
LOAN000570,2024-03-31,0,0.1809,0.4579,0.0
LOAN000401,2024-03-31,60,0.2729,0.7891,0.0
LOAN000246,2024-03-31,0,0.0701,0.6881,60.0
LOAN000373,2024-03-31,60,0.2197,0.3287,0.0
LOAN000326,2024-03-31,0,0.1217,0.8451,0.0
LOAN000489,2024-03-31,0,0.0444,0.3755,0.0
LOAN000155,2024-03-31,30,0.1751,0.3158,60.0
LOAN000074,2024-03-31,0,0.1817,0.7786,30.0
LOAN000959,2024-03-31,0,0.1945,0.2537,0.0
LOAN000744,2024-03-31,0,0.1767,0.4819,60.0
LOAN000174,2024-03-31,0,0.0976,0.2004,0.0
LOAN000338,2024-03-31,0,0.1788,0.848,0.0
LOAN000001,2024-03-31,0,0.137,0.689,0.0
LOAN000012,2024-03-31,0,0.0764,0.6908,0.0
LOAN000089,2024-03-31,0,0.1018,0.8134,0.0
LOAN000628,2024-03-31,60,0.1408,0.8248,30.0
LOAN000895,2024-03-31,0,0.1852,0.6988,0.0
LOAN000327,2024-03-31,0,0.1066,0.4411,0.0
LOAN000944,2024-03-31,0,0.1721,0.3384,60.0
LOAN000705,2024-03-31,0,0.2479,0.3745,0.0
LOAN000614,2024-03-31,30,0.2761,0.2179,0.0
LOAN000830,2024-03-31,0,0.0543,0.8959,30.0
LOAN000884,2024-03-31,0,0.0125,0.4839,0.0
LOAN000608,2024-03-31,60,0.2143,0.252,60.0
LOAN000965,2024-03-31,0,0.2232,0.8847,0.0
LOAN000573,2024-03-31,0,0.2997,0.899,60.0
LOAN000348,2024-03-31,0,0.0552,0.4885,30.0
LOAN000877,2024-03-31,0,0.1372,0.3373,0.0
LOAN000111,2024-03-31,0,0.0395,0.3913,90.0
LOAN000648,2024-03-31,0,0.0121,0.5646,0.0
LOAN000327,2024-03-31,30,0.0491,0.4277,0.0
LOAN000498,2024-03-31,0,0.2778,0.2718,0.0
LOAN000835,2024-03-31,0,0.1088,0.49,90.0
LOAN000484,2024-03-31,0,0.1902,0.7966,0.0
LOAN000540,2024-03-31,0,0.2457,0.3768,0.0
LOAN000536,2024-03-31,0,0.156,0.6248,0.0
LOAN000158,2024-03-31,0,0.1837,0.5078,60.0
LOAN000139,2024-03-31,0,0.2251,0.8545,0.0
LOAN000113,2024-03-31,30,0.2253,0.8403,60.0
LOAN000238,2024-03-31,0,0.2598,0.643,30.0
LOAN000791,2024-03-31,90,0.1632,0.548,0.0
LOAN000492,2024-03-31,90,0.1738,0.5445,0.0
LOAN000458,2024-03-31,60,0.0896,0.3808,0.0
LOAN000830,2024-03-31,90,0.2024,0.8478,0.0
LOAN000430,2024-03-31,0,0.1234,0.3419,0.0
LOAN000540,2024-03-31,0,0.291,0.8932,0.0
LOAN000699,2024-03-31,0,0.081,0.5185,30.0
LOAN000772,2024-03-31,0,0.1838,0.3199,0.0
LOAN000479,2024-03-31,0,0.1107,0.3404,90.0
LOAN000264,2024-03-31,0,0.2558,0.3402,60.0
LOAN000641,2024-03-31,0,0.2667,0.7146,30.0
LOAN000976,2024-03-31,0,0.0917,0.7654,0.0
LOAN000355,2024-03-31,30,0.0622,0.4942,0.0
LOAN000298,2024-03-31,0,0.2181,0.5557,0.0
LOAN000748,2024-03-31,0,0.1884,0.2151,0.0
LOAN000168,2024-03-31,0,0.0217,0.3899,0.0
LOAN000422,2024-03-31,0,0.0371,0.748,0.0
LOAN000466,2024-03-31,0,0.2885,0.4168,0.0
LOAN000716,2024-03-31,0,0.1042,0.3533,0.0
LOAN000166,2024-03-31,60,0.0937,0.598,0.0
LOAN000378,2024-03-31,0,0.1909,0.6669,0.0
LOAN000711,2024-03-31,0,0.2046,0.5154,0.0
LOAN000113,2024-03-31,0,0.0664,0.4558,30.0
LOAN000588,2024-03-31,0,0.1466,0.8603,0.0
LOAN000680,2024-03-31,0,0.2659,0.5922,60.0
LOAN000600,2024-03-31,60,0.2835,0.4853,0.0
LOAN000510,2024-03-31,0,0.147,0.2332,60.0
LOAN000570,2024-03-31,30,0.052,0.2641,0.0
LOAN000912,2024-03-31,30,0.1861,0.5853,90.0
LOAN000695,2024-03-31,0,0.0102,0.5403,60.0
LOAN000045,2024-03-31,0,0.2353,0.414,0.0
LOAN000715,2024-03-31,30,0.2762,0.3615,60.0
LOAN000905,2024-03-31,0,0.1466,0.7066,0.0
LOAN000828,2024-03-31,30,0.1552,0.7298,0.0
LOAN000720,2024-03-31,0,0.017,0.5427,0.0
LOAN000410,2024-03-31,0,0.0575,0.6759,30.0
LOAN000522,2024-03-31,0,0.0462,0.5125,0.0
LOAN000074,2024-03-31,90,0.0433,0.4083,0.0
LOAN000531,2024-03-31,60,0.0499,0.4496,60.0
LOAN000321,2024-03-31,30,0.0716,0.4087,30.0
LOAN000334,2024-03-31,30,0.2705,0.7853,0.0
LOAN000268,2024-03-31,0,0.0582,0.3445,0.0
LOAN000058,2024-03-31,30,0.0139,0.7514,0.0
LOAN000828,2024-03-31,0,0.062,0.53,30.0
LOAN000578,2024-03-31,30,0.0497,0.2261,0.0
LOAN000342,2024-03-31,90,0.0561,0.583,0.0
LOAN000415,2024-03-31,60,0.2892,0.7788,60.0
LOAN000903,2024-03-31,0,0.1259,0.5581,0.0
LOAN000932,2024-03-31,0,0.2516,0.547,0.0
LOAN000075,2024-03-31,0,0.0603,0.2784,0.0
LOAN000346,2024-03-31,0,0.0268,0.534,0.0
LOAN000888,2024-03-31,0,0.2964,0.3698,30.0
LOAN000739,2024-03-31,30,0.1083,0.6342,0.0
LOAN000607,2024-03-31,0,0.2754,0.2235,0.0
LOAN000082,2024-03-31,60,0.1145,0.7669,30.0
LOAN000356,2024-03-31,0,0.0157,0.6307,0.0
LOAN000863,2024-03-31,30,0.2464,0.6084,0.0
LOAN000652,2024-03-31,0,0.0297,0.2396,0.0
LOAN000182,2024-03-31,60,0.2642,0.5716,30.0
LOAN000460,2024-03-31,30,0.2985,0.4118,60.0
LOAN000840,2024-03-31,0,0.0131,0.8243,0.0
LOAN000360,2024-03-31,0,0.0729,0.8871,0.0
LOAN000397,2024-03-31,0,0.1267,0.4522,0.0
LOAN000624,2024-03-31,30,0.0139,0.6452,0.0
LOAN000217,2024-03-31,0,0.013,0.403,0.0
LOAN000529,2024-03-31,0,0.1327,0.4149,30.0
LOAN000275,2024-03-31,0,0.0225,0.6847,0.0
LOAN000756,2024-03-31,0,0.1667,0.2251,0.0
LOAN000858,2024-03-31,30,0.2509,0.4491,0.0
LOAN000776,2024-03-31,0,0.1635,0.2411,60.0
LOAN000698,2024-03-31,0,0.2959,0.7417,0.0
LOAN000134,2024-03-31,0,0.2482,0.8097,0.0
LOAN000761,2024-03-31,0,0.1433,0.5661,60.0
LOAN000957,2024-03-31,30,0.2607,0.7449,0.0
LOAN000595,2024-03-31,0,0.1301,0.3683,0.0
LOAN000179,2024-03-31,0,0.0593,0.534,90.0
LOAN000165,2024-03-31,0,0.1176,0.4011,0.0
LOAN000977,2024-03-31,30,0.2102,0.6273,0.0
LOAN000235,2024-03-31,0,0.0402,0.3885,30.0
LOAN000928,2024-03-31,30,0.2698,0.5362,60.0
LOAN000698,2024-03-31,0,0.1385,0.3952,0.0
LOAN000889,2024-03-31,0,0.0655,0.7598,0.0
LOAN000336,2024-03-31,0,0.2839,0.853,0.0
LOAN000021,2024-03-31,0,0.0151,0.6543,0.0
LOAN000881,2024-03-31,30,0.0363,0.423,0.0
LOAN000537,2024-03-31,30,0.2098,0.243,0.0
LOAN000318,2024-03-31,0,0.1726,0.8772,30.0
LOAN000258,2024-03-31,0,0.1259,0.7772,0.0
LOAN000974,2024-03-31,0,0.1513,0.4433,30.0
LOAN000422,2024-03-31,0,0.0478,0.4109,0.0
LOAN000284,2024-03-31,0,0.0923,0.3414,0.0
LOAN000053,2024-03-31,30,0.0774,0.6324,0.0
LOAN000262,2024-03-31,30,0.2321,0.6544,0.0
LOAN000989,2024-03-31,0,0.1186,0.8103,0.0
LOAN000182,2024-03-31,0,0.2075,0.5739,60.0
LOAN000182,2024-03-31,60,0.1188,0.5083,0.0
LOAN000126,2024-03-31,0,0.1478,0.2399,0.0
LOAN000252,2024-03-31,60,0.2991,0.2911,0.0
LOAN000973,2024-03-31,0,0.1757,0.5143,0.0
LOAN000450,2024-03-31,90,0.148,0.7743,30.0
LOAN000683,2024-03-31,90,0.2187,0.3507,0.0
LOAN000463,2024-03-31,30,0.2931,0.6969,0.0
LOAN000487,2024-03-31,30,0.0869,0.6587,0.0
LOAN000202,2024-03-31,60,0.2895,0.7616,90.0
LOAN000833,2024-03-31,30,0.0678,0.5951,60.0
LOAN000531,2024-03-31,60,0.1232,0.3155,60.0
LOAN000624,2024-03-31,30,0.2002,0.5932,30.0
LOAN000057,2024-03-31,0,0.1621,0.8819,0.0
LOAN000243,2024-03-31,0,0.1244,0.7902,0.0
LOAN000292,2024-03-31,90,0.2222,0.3537,60.0
LOAN000490,2024-03-31,30,0.1997,0.8682,90.0
LOAN000532,2024-03-31,0,0.2954,0.374,60.0
LOAN000527,2024-03-31,60,0.2128,0.4319,60.0
LOAN000595,2024-03-31,60,0.0636,0.3035,0.0
LOAN000754,2024-03-31,0,0.1903,0.7134,0.0
LOAN000903,2024-03-31,0,0.2156,0.3355,0.0
LOAN000374,2024-03-31,0,0.0763,0.7583,0.0
LOAN000970,2024-03-31,30,0.2167,0.5434,30.0
LOAN000240,2024-03-31,0,0.1244,0.5408,0.0
LOAN000737,2024-03-31,0,0.2248,0.3159,0.0
LOAN000266,2024-03-31,0,0.1516,0.6628,0.0
LOAN000512,2024-03-31,0,0.2989,0.4558,0.0
LOAN000260,2024-03-31,0,0.0696,0.8885,30.0
LOAN000732,2024-03-31,30,0.071,0.5191,0.0
LOAN000294,2024-03-31,0,0.0922,0.3651,0.0
LOAN000959,2024-03-31,0,0.2044,0.5085,0.0
LOAN000771,2024-03-31,30,0.0169,0.4371,0.0
LOAN000833,2024-03-31,0,0.214,0.3373,30.0
LOAN000689,2024-03-31,60,0.1912,0.4968,0.0
LOAN000231,2024-03-31,0,0.1016,0.654,30.0
LOAN000626,2024-03-31,0,0.2446,0.3232,60.0
LOAN000056,2024-03-31,0,0.2925,0.5031,0.0
LOAN000002,2024-03-31,0,0.0478,0.5591,0.0
LOAN000416,2024-03-31,0,0.1289,0.7723,60.0
LOAN000507,2024-03-31,0,0.1233,0.5903,0.0
LOAN000562,2024-03-31,0,0.127,0.3651,0.0
LOAN000195,2024-03-31,0,0.0912,0.4738,0.0
LOAN000984,2024-03-31,0,0.23,0.2053,30.0
LOAN000845,2024-03-31,0,0.1376,0.8088,0.0
LOAN000450,2024-03-31,0,0.1691,0.7978,90.0
LOAN000883,2024-03-31,0,0.1156,0.677,0.0
LOAN000563,2024-03-31,0,0.1907,0.7761,90.0
LOAN000742,2024-03-31,0,0.2569,0.3622,90.0
LOAN000817,2024-03-31,0,0.2261,0.5712,30.0
LOAN000073,2024-03-31,0,0.1341,0.7259,0.0
LOAN000403,2024-03-31,0,0.1717,0.5121,90.0
LOAN000054,2024-03-31,0,0.1841,0.5374,0.0
LOAN000653,2024-03-31,0,0.2839,0.2918,0.0
LOAN000866,2024-03-31,60,0.1645,0.5807,90.0
LOAN000477,2024-03-31,0,0.1028,0.5821,0.0
LOAN000085,2024-03-31,0,0.2084,0.7425,0.0
LOAN000039,2024-03-31,30,0.0578,0.7585,0.0
LOAN000514,2024-03-31,0,0.1682,0.7035,0.0
LOAN000700,2024-03-31,30,0.1703,0.2672,0.0
LOAN000281,2024-03-31,0,0.1629,0.4094,0.0
LOAN000740,2024-03-31,90,0.1335,0.2843,0.0
LOAN000503,2024-03-31,60,0.0329,0.5649,0.0
LOAN000074,2024-03-31,0,0.1486,0.4335,90.0
LOAN000653,2024-03-31,30,0.1957,0.8376,0.0
LOAN000927,2024-03-31,0,0.1298,0.5575,60.0
LOAN000440,2024-03-31,60,0.0843,0.3059,0.0
LOAN000409,2024-03-31,30,0.1902,0.3291,0.0
LOAN000322,2024-03-31,0,0.2672,0.7419,0.0
LOAN000047,2024-03-31,30,0.1269,0.7861,0.0
LOAN000423,2024-03-31,0,0.2191,0.6885,0.0
LOAN000261,2024-03-31,0,0.2905,0.848,0.0
LOAN000426,2024-03-31,0,0.2969,0.6362,0.0
LOAN000604,2024-03-31,0,0.0926,0.3219,90.0
LOAN000501,2024-03-31,60,0.1633,0.4127,0.0
LOAN000182,2024-03-31,60,0.0361,0.3942,60.0
LOAN000143,2024-03-31,60,0.1396,0.8632,0.0
LOAN000087,2024-03-31,0,0.0328,0.5809,0.0
LOAN000666,2024-03-31,60,0.0285,0.3462,0.0
LOAN000421,2024-03-31,0,0.0462,0.8244,0.0
LOAN000463,2024-03-31,0,0.2317,0.7895,30.0
LOAN000962,2024-03-31,0,0.1973,0.3737,60.0
LOAN000348,2024-03-31,0,0.2939,0.883,0.0
LOAN000011,2024-03-31,0,0.0647,0.7972,30.0
LOAN000318,2024-03-31,0,0.2956,0.4745,0.0
LOAN000950,2024-03-31,0,0.2909,0.6416,0.0
LOAN000512,2024-03-31,0,0.1585,0.8017,0.0
LOAN000383,2024-03-31,0,0.0519,0.2546,90.0
LOAN000907,2024-03-31,0,0.0552,0.4897,0.0
LOAN000297,2024-03-31,0,0.1806,0.5149,0.0
LOAN000368,2024-03-31,30,0.2775,0.3969,0.0
LOAN000404,2024-03-31,0,0.2943,0.2593,0.0
LOAN000464,2024-03-31,60,0.2178,0.6988,0.0
LOAN000401,2024-03-31,60,0.2502,0.492,60.0
LOAN000650,2024-03-31,0,0.0965,0.6839,0.0
LOAN000408,2024-03-31,30,0.0931,0.3757,0.0
LOAN000526,2024-03-31,30,0.2705,0.7748,60.0
LOAN000853,2024-03-31,0,0.0961,0.5549,0.0
LOAN000637,2024-03-31,0,0.0152,0.745,0.0
LOAN000220,2024-03-31,0,0.2953,0.6464,0.0
LOAN000131,2024-03-31,0,0.0195,0.5836,0.0
LOAN000825,2024-03-31,0,0.219,0.8482,60.0
LOAN000704,2024-03-31,0,0.2028,0.6334,0.0
LOAN000046,2024-03-31,0,0.2309,0.2069,0.0
LOAN000131,2024-03-31,0,0.1428,0.3167,0.0
LOAN000808,2024-03-31,0,0.1559,0.3296,30.0
LOAN000748,2024-03-31,0,0.1427,0.7853,0.0
LOAN000244,2024-03-31,60,0.058,0.864,0.0
LOAN000441,2024-03-31,60,0.1596,0.5747,60.0
LOAN000743,2024-03-31,0,0.0544,0.761,90.0
LOAN000095,2024-03-31,0,0.1734,0.2326,90.0
LOAN000021,2024-03-31,0,0.0256,0.5681,0.0
LOAN000410,2024-03-31,0,0.1416,0.6636,0.0
LOAN000967,2024-03-31,0,0.154,0.2749,0.0
LOAN000832,2024-03-31,0,0.2646,0.73,0.0
LOAN000475,2024-03-31,30,0.2755,0.8252,30.0
LOAN000849,2024-03-31,0,0.1843,0.5459,30.0
LOAN000389,2024-03-31,60,0.2623,0.2096,30.0
LOAN000061,2024-03-31,30,0.0533,0.6589,0.0
LOAN000024,2024-03-31,0,0.0904,0.6089,0.0
LOAN000259,2024-03-31,0,0.0344,0.8341,60.0
LOAN000541,2024-03-31,60,0.2587,0.2888,0.0
LOAN000275,2024-03-31,0,0.1901,0.2043,0.0
LOAN000777,2024-03-31,0,0.0188,0.7751,0.0
LOAN000351,2024-03-31,0,0.2392,0.5037,0.0
LOAN000245,2024-03-31,60,0.1996,0.234,0.0
LOAN000275,2024-03-31,60,0.1105,0.4424,0.0
LOAN000049,2024-03-31,0,0.048,0.873,60.0
LOAN000662,2024-03-31,0,0.2388,0.287,0.0
LOAN000947,2024-03-31,0,0.051,0.6116,0.0
LOAN000089,2024-03-31,0,0.252,0.8493,0.0
LOAN000849,2024-03-31,0,0.2177,0.33,0.0
LOAN000919,2024-03-31,0,0.2614,0.4452,0.0
LOAN000592,2024-03-31,30,0.1559,0.2551,30.0
LOAN000572,2024-03-31,0,0.2703,0.5405,30.0
LOAN000501,2024-03-31,0,0.1905,0.5169,60.0
LOAN000399,2024-03-31,0,0.057,0.7927,0.0
LOAN000259,2024-03-31,90,0.2849,0.2572,0.0
LOAN000001,2024-03-31,30,0.0103,0.529,0.0
LOAN000042,2024-03-31,30,0.1207,0.8136,0.0
LOAN000284,2024-03-31,0,0.0751,0.7625,0.0
LOAN000370,2024-03-31,30,0.1703,0.2651,0.0
LOAN000331,2024-03-31,30,0.2023,0.6328,90.0
LOAN000063,2024-03-31,0,0.1539,0.5985,60.0
LOAN000191,2024-03-31,0,0.0186,0.5995,
LOAN000312,2024-03-31,0,0.2779,0.6175,30.0
LOAN000836,2024-03-31,0,0.282,0.6219,30.0
LOAN000792,2024-03-31,90,0.0113,0.7271,60.0
LOAN000770,2024-03-31,0,0.2141,0.3505,0.0
LOAN000759,2024-03-31,0,0.2156,0.669,0.0
LOAN000781,2024-03-31,0,0.2606,0.6705,30.0
LOAN000040,2024-03-31,0,0.1112,0.2458,0.0
LOAN000170,2024-03-31,0,0.2707,0.6294,0.0
LOAN000288,2024-03-31,0,0.1797,0.6152,30.0
LOAN000172,2024-03-31,30,0.2432,0.2145,0.0
LOAN000047,2024-03-31,0,0.2634,0.4801,30.0
LOAN000718,2024-03-31,0,0.061,0.2876,0.0
LOAN000390,2024-03-31,0,0.119,0.8466,0.0
LOAN000988,2024-03-31,90,0.2629,0.5445,0.0
LOAN000248,2024-03-31,0,0.2845,0.769,
LOAN000508,2024-03-31,0,0.0301,0.2174,90.0
LOAN000155,2024-03-31,0,0.1955,0.7009,30.0
LOAN000232,2024-03-31,0,0.2491,0.2178,0.0
LOAN000477,2024-03-31,0,0.0684,0.8991,0.0
LOAN000707,2024-03-31,0,0.0591,0.5339,0.0
LOAN000579,2024-03-31,0,0.0432,0.645,0.0
LOAN000844,2024-03-31,0,0.0814,0.663,0.0
LOAN000397,2024-03-31,0,0.1657,0.3675,0.0
LOAN000124,2024-03-31,60,0.032,0.3588,60.0
LOAN000568,2024-03-31,30,0.1537,0.4513,0.0
LOAN000381,2024-03-31,0,0.1408,0.7931,0.0
LOAN000757,2024-03-31,0,0.0856,0.4673,0.0
LOAN000069,2024-03-31,0,0.0711,0.8821,0.0
LOAN000424,2024-03-31,0,0.1942,0.8044,0.0
LOAN000006,2024-03-31,60,0.193,0.6417,0.0
LOAN000244,2024-03-31,0,0.139,0.7978,60.0
LOAN000581,2024-03-31,30,0.255,0.3498,0.0
LOAN000310,2024-03-31,30,0.195,0.8901,0.0
LOAN000326,2024-03-31,90,0.1291,0.2161,0.0
LOAN000400,2024-03-31,30,0.2641,0.4366,30.0
LOAN000406,2024-03-31,0,0.299,0.8476,30.0
LOAN000735,2024-03-31,30,0.2222,0.7431,0.0
LOAN000215,2024-03-31,0,0.1906,0.7632,60.0
LOAN000255,2024-03-31,0,0.0535,0.6803,0.0
LOAN000353,2024-03-31,60,0.2834,0.3203,0.0
LOAN000204,2024-03-31,0,0.2698,0.5385,0.0
LOAN000216,2024-03-31,0,0.2795,0.6916,30.0
LOAN000930,2024-03-31,0,0.2962,0.5867,30.0
LOAN000569,2024-03-31,90,0.1334,0.6434,0.0
LOAN000892,2024-03-31,0,0.215,0.2015,0.0
LOAN000593,2024-03-31,0,0.0905,0.681,0.0
LOAN000343,2024-03-31,0,0.1801,0.5609,0.0
LOAN000987,2024-03-31,90,0.0799,0.4266,0.0
LOAN000496,2024-03-31,0,0.2823,0.5054,90.0
LOAN000388,2024-03-31,60,0.2558,0.7252,0.0
LOAN000242,2024-03-31,0,0.2389,0.8188,30.0
LOAN000998,2024-03-31,30,0.0321,0.4204,30.0
LOAN000431,2024-03-31,0,0.13,0.2001,0.0
LOAN000097,2024-03-31,0,0.1264,0.5528,0.0
LOAN000113,2024-03-31,0,0.132,0.8664,0.0
LOAN000589,2024-03-31,0,0.2888,0.5235,30.0
LOAN000727,2024-03-31,60,0.2724,0.8792,90.0
LOAN000524,2024-03-31,90,0.1963,0.3194,0.0
LOAN000214,2024-03-31,60,0.2836,0.3429,0.0
LOAN000478,2024-03-31,30,0.0796,0.8506,0.0
LOAN000668,2024-03-31,0,0.16,0.4935,0.0
LOAN000036,2024-03-31,0,0.0834,0.3225,0.0
LOAN000730,2024-03-31,0,0.1465,0.6107,0.0
LOAN000309,2024-03-31,0,0.1997,0.8283,0.0
LOAN000148,2024-03-31,0,0.1136,0.2103,60.0
LOAN000777,2024-03-31,0,0.1054,0.58,0.0
LOAN000874,2024-03-31,60,0.1903,0.2565,0.0
LOAN000370,2024-03-31,0,0.0693,0.3209,30.0
LOAN000508,2024-03-31,0,0.0214,0.302,0.0
LOAN000637,2024-03-31,0,0.2406,0.4716,0.0
LOAN000281,2024-03-31,30,0.2585,0.7561,0.0
LOAN000700,2024-03-31,0,0.1383,0.8711,30.0
LOAN000306,2024-04-30,0,0.0816,0.6597,30.0
LOAN000316,2024-04-30,0,0.1007,0.4489,30.0
LOAN000017,2024-04-30,0,0.144,0.5163,90.0
LOAN000038,2024-04-30,60,0.2965,0.6121,60.0
LOAN000916,2024-04-30,0,0.1426,0.6252,0.0
LOAN000547,2024-04-30,0,0.1125,0.3339,30.0
LOAN000352,2024-04-30,0,0.1895,0.3899,0.0
LOAN000891,2024-04-30,0,0.1502,0.6896,90.0
LOAN000239,2024-04-30,0,0.0295,0.2267,30.0
LOAN000924,2024-04-30,90,0.2678,0.8465,90.0
LOAN000191,2024-04-30,60,0.0143,0.2122,0.0
LOAN000974,2024-04-30,30,0.2861,0.4485,0.0
LOAN000289,2024-04-30,60,0.1773,0.7021,90.0
LOAN000502,2024-04-30,60,0.1554,0.8578,60.0
LOAN000082,2024-04-30,0,0.2299,0.322,60.0
LOAN000055,2024-04-30,30,0.2885,0.8473,0.0
LOAN000170,2024-04-30,0,0.2582,0.4312,0.0
LOAN000128,2024-04-30,60,0.2894,0.2559,0.0
LOAN000950,2024-04-30,0,0.0817,0.2206,0.0
LOAN000169,2024-04-30,0,0.0815,0.6287,0.0
LOAN000623,2024-04-30,0,0.2224,0.6679,30.0
LOAN000740,2024-04-30,0,0.182,0.7338,90.0
LOAN000181,2024-04-30,0,0.1615,0.598,0.0
LOAN000986,2024-04-30,0,0.0984,0.4408,0.0
LOAN000111,2024-04-30,0,0.2945,0.4619,0.0
LOAN000165,2024-04-30,0,0.026,0.4907,0.0
LOAN000488,2024-04-30,60,0.1864,0.4872,0.0
LOAN000076,2024-04-30,0,0.0686,0.7995,0.0
LOAN000866,2024-04-30,30,0.1987,0.8806,60.0
LOAN000534,2024-04-30,0,0.0523,0.5896,30.0
LOAN000336,2024-04-30,0,0.039,0.6311,0.0
LOAN000313,2024-04-30,0,0.1546,0.4977,0.0
LOAN000638,2024-04-30,30,0.1857,0.5985,30.0
LOAN000857,2024-04-30,30,0.2125,0.5299,0.0
LOAN000272,2024-04-30,60,0.0778,0.786,30.0
LOAN000847,2024-04-30,0,0.1087,0.7631,30.0
LOAN000815,2024-04-30,0,0.0645,0.203,30.0
LOAN000246,2024-04-30,0,0.1028,0.5205,0.0
LOAN000611,2024-04-30,30,0.2351,0.4885,0.0
LOAN000675,2024-04-30,0,0.1257,0.2863,60.0
LOAN000902,2024-04-30,30,0.1817,0.6809,0.0
LOAN000094,2024-04-30,0,0.0794,0.2737,0.0
LOAN000078,2024-04-30,0,0.1092,0.6933,0.0
LOAN000275,2024-04-30,0,0.2444,0.343,60.0
LOAN000819,2024-04-30,0,0.2296,0.4265,90.0
LOAN000991,2024-04-30,0,0.21,0.3058,0.0
LOAN000326,2024-04-30,0,0.0129,0.5125,90.0
LOAN000764,2024-04-30,30,0.2353,0.8246,30.0
LOAN000243,2024-04-30,0,0.1501,0.5867,0.0
LOAN000828,2024-04-30,0,0.18,0.8177,0.0
LOAN000358,2024-04-30,60,0.0502,0.4606,90.0
LOAN000922,2024-04-30,0,0.2358,0.4426,90.0
LOAN000920,2024-04-30,0,0.2813,0.4745,30.0
LOAN000958,2024-04-30,0,0.0141,0.5109,30.0
LOAN000853,2024-04-30,0,0.2058,0.7877,0.0
LOAN000371,2024-04-30,0,0.0873,0.8558,0.0
LOAN000149,2024-04-30,0,0.1191,0.7178,0.0
LOAN000529,2024-04-30,30,0.2086,0.8768,0.0
LOAN000998,2024-04-30,0,0.1055,0.8232,30.0
LOAN000024,2024-04-30,0,0.1383,0.541,0.0
LOAN000860,2024-04-30,0,0.2712,0.4262,0.0
LOAN000010,2024-04-30,0,0.1688,0.6421,0.0
LOAN000055,2024-04-30,0,0.0106,0.4769,30.0
LOAN000659,2024-04-30,0,0.2465,0.202,0.0
LOAN000681,2024-04-30,30,0.2112,0.303,30.0
LOAN000441,2024-04-30,0,0.0374,0.3615,60.0
LOAN000974,2024-04-30,0,0.0548,0.5201,30.0
LOAN000740,2024-04-30,0,0.107,0.5239,0.0
LOAN000077,2024-04-30,0,0.2355,0.76,30.0
LOAN000151,2024-04-30,0,0.1251,0.2797,0.0
LOAN000748,2024-04-30,0,0.1513,0.3878,0.0
LOAN000148,2024-04-30,0,0.2371,0.5055,0.0
LOAN000896,2024-04-30,0,0.0682,0.57,0.0
LOAN000130,2024-04-30,0,0.2781,0.7648,0.0
LOAN000399,2024-04-30,0,0.0982,0.2708,0.0
LOAN000693,2024-04-30,0,0.1361,0.5405,0.0
LOAN000375,2024-04-30,0,0.2223,0.6301,0.0
LOAN000373,2024-04-30,60,0.2135,0.5117,60.0
LOAN000190,2024-04-30,0,0.1956,0.5821,60.0
LOAN000766,2024-04-30,0,0.0438,0.6405,30.0
LOAN000907,2024-04-30,90,0.2616,0.8256,0.0
LOAN000625,2024-04-30,0,0.24,0.2423,0.0
LOAN000945,2024-04-30,0,0.1477,0.2227,0.0
LOAN000189,2024-04-30,0,0.2094,0.8492,0.0
LOAN000066,2024-04-30,0,0.2027,0.4557,0.0
LOAN000880,2024-04-30,0,0.1936,0.5107,0.0
LOAN000306,2024-04-30,0,0.1767,0.2766,0.0
LOAN000314,2024-04-30,0,0.2594,0.4679,0.0
LOAN000882,2024-04-30,30,0.0437,0.8608,60.0
LOAN000388,2024-04-30,0,0.2743,0.5127,60.0
LOAN000321,2024-04-30,0,0.2885,0.5254,30.0
LOAN000830,2024-04-30,30,0.0358,0.2802,90.0
LOAN000221,2024-04-30,0,0.178,0.3269,0.0
LOAN000765,2024-04-30,60,0.2812,0.2944,60.0
LOAN000469,2024-04-30,0,0.1781,0.5062,90.0
LOAN000404,2024-04-30,0,0.1753,0.4735,0.0
LOAN000030,2024-04-30,30,0.2234,0.816,0.0
LOAN000544,2024-04-30,0,0.0633,0.2878,0.0
LOAN000897,2024-04-30,0,0.0241,0.3032,30.0
LOAN000707,2024-04-30,0,0.0836,0.414,0.0
LOAN000009,2024-04-30,0,0.0206,0.8851,60.0
LOAN000621,2024-04-30,0,0.1534,0.7869,0.0
LOAN000561,2024-04-30,0,0.1692,0.7662,0.0
LOAN000076,2024-04-30,30,0.1505,0.6739,0.0
LOAN000616,2024-04-30,60,0.0975,0.6461,0.0
LOAN000312,2024-04-30,90,0.2652,0.5375,0.0
LOAN000087,2024-04-30,0,0.1305,0.6596,0.0
LOAN000926,2024-04-30,0,0.2697,0.2082,60.0
LOAN000877,2024-04-30,30,0.248,0.7262,0.0
LOAN000922,2024-04-30,0,0.2922,0.7203,0.0
LOAN000519,2024-04-30,30,0.158,0.4378,60.0
LOAN000024,2024-04-30,0,0.2555,0.2151,0.0
LOAN000575,2024-04-30,30,0.2346,0.6462,0.0
LOAN000584,2024-04-30,0,0.0104,0.2133,0.0
LOAN000078,2024-04-30,0,0.1881,0.8006,0.0
LOAN000074,2024-04-30,0,0.0937,0.8832,0.0
LOAN000422,2024-04-30,0,0.101,0.3392,0.0
LOAN000149,2024-04-30,0,0.1774,0.3013,0.0
LOAN000388,2024-04-30,90,0.2935,0.3384,0.0
LOAN000910,2024-04-30,0,0.2486,0.6046,0.0
LOAN000694,2024-04-30,0,0.222,0.3246,0.0
LOAN000041,2024-04-30,0,0.2514,0.5609,30.0
LOAN000336,2024-04-30,0,0.1273,0.7502,0.0
LOAN000701,2024-04-30,0,0.2928,0.469,0.0
LOAN000005,2024-04-30,0,0.1672,0.2327,0.0
LOAN000767,2024-04-30,0,0.2051,0.4188,0.0
LOAN000272,2024-04-30,0,0.0207,0.3925,60.0
LOAN000448,2024-04-30,0,0.2272,0.6188,30.0
LOAN000361,2024-04-30,30,0.1578,0.2741,0.0
LOAN000081,2024-04-30,90,0.1029,0.2429,0.0
LOAN000358,2024-04-30,0,0.208,0.3954,60.0
LOAN000401,2024-04-30,60,0.281,0.216,60.0
LOAN000964,2024-04-30,0,0.2377,0.4437,0.0
LOAN000251,2024-04-30,0,0.2936,0.8688,0.0
LOAN000251,2024-04-30,30,0.1329,0.8526,0.0
LOAN000677,2024-04-30,0,0.2694,0.3293,0.0
LOAN000065,2024-04-30,60,0.0531,0.2485,30.0
LOAN000485,2024-04-30,60,0.2603,0.8921,60.0
LOAN000785,2024-04-30,0,0.0747,0.5998,0.0
LOAN000287,2024-04-30,0,0.1269,0.2144,0.0
LOAN000091,2024-04-30,0,0.2449,0.8443,0.0
LOAN000552,2024-04-30,30,0.1908,0.7568,30.0
LOAN000707,2024-04-30,0,0.025,0.838,0.0
LOAN000704,2024-04-30,0,0.1511,0.2511,0.0
LOAN000914,2024-04-30,0,0.0401,0.8192,0.0
LOAN000119,2024-04-30,30,0.0159,0.7587,0.0
LOAN000134,2024-04-30,0,0.1889,0.8723,0.0
LOAN000066,2024-04-30,0,0.0229,0.3095,0.0
LOAN000882,2024-04-30,0,0.2832,0.5147,30.0
LOAN000280,2024-04-30,0,0.0188,0.4647,30.0
LOAN000285,2024-04-30,0,0.2758,0.3784,0.0
LOAN000410,2024-04-30,0,0.05,0.6396,0.0
LOAN000544,2024-04-30,0,0.1551,0.4977,0.0
LOAN000187,2024-04-30,0,0.0687,0.7699,60.0
LOAN000256,2024-04-30,0,0.015,0.5666,0.0
LOAN000130,2024-04-30,0,0.0627,0.5433,0.0
LOAN000057,2024-04-30,0,0.1408,0.8237,0.0
LOAN000082,2024-04-30,0,0.1184,0.8158,0.0
LOAN000328,2024-04-30,0,0.2146,0.753,0.0
LOAN000855,2024-04-30,0,0.2343,0.7001,0.0
LOAN000969,2024-04-30,0,0.2896,0.8479,0.0
LOAN000738,2024-04-30,0,0.1363,0.2529,30.0
LOAN000037,2024-04-30,30,0.0818,0.6134,30.0
LOAN000947,2024-04-30,0,0.1746,0.2654,0.0
LOAN000883,2024-04-30,0,0.2119,0.8299,0.0
LOAN000824,2024-04-30,0,0.1366,0.3079,0.0
LOAN000081,2024-04-30,60,0.2764,0.5514,90.0
LOAN000024,2024-04-30,30,0.0842,0.3446,0.0
LOAN000295,2024-04-30,60,0.0839,0.822,0.0
LOAN000855,2024-04-30,30,0.0474,0.5671,0.0
LOAN000324,2024-04-30,0,0.0175,0.8307,0.0
LOAN000859,2024-04-30,60,0.1804,0.5796,0.0
LOAN000742,2024-04-30,0,0.1969,0.637,0.0
LOAN000592,2024-04-30,0,0.1483,0.5798,30.0
LOAN000546,2024-04-30,0,0.161,0.415,0.0
LOAN000183,2024-04-30,30,0.1536,0.7894,0.0
LOAN000251,2024-04-30,0,0.1443,0.3655,30.0
LOAN000060,2024-04-30,30,0.1608,0.6358,30.0
LOAN000002,2024-04-30,30,0.0759,0.8693,0.0
LOAN000670,2024-04-30,0,0.0283,0.7213,60.0
LOAN000245,2024-04-30,0,0.2047,0.8408,60.0
LOAN000196,2024-04-30,0,0.1481,0.428,0.0
LOAN000900,2024-04-30,30,0.2493,0.5116,0.0
LOAN000803,2024-04-30,60,0.0144,0.8694,0.0
LOAN000007,2024-04-30,0,0.026,0.5764,0.0
LOAN000863,2024-04-30,0,0.2837,0.2813,30.0
LOAN000142,2024-04-30,0,0.0416,0.5909,0.0
LOAN000374,2024-04-30,0,0.1765,0.4678,0.0
LOAN000721,2024-04-30,0,0.2791,0.3716,0.0
LOAN000837,2024-04-30,0,0.1924,0.6388,0.0
LOAN000586,2024-04-30,30,0.0862,0.6503,0.0
LOAN000598,2024-04-30,0,0.137,0.8842,90.0
LOAN000056,2024-04-30,0,0.094,0.7968,0.0
LOAN000450,2024-04-30,0,0.2611,0.4411,0.0
LOAN000120,2024-04-30,0,0.1951,0.4164,60.0
LOAN000441,2024-04-30,0,0.2176,0.549,0.0
LOAN000177,2024-04-30,60,0.2369,0.8085,0.0
LOAN000819,2024-04-30,0,0.0298,0.2734,0.0
LOAN000368,2024-04-30,30,0.0701,0.5782,30.0
LOAN000779,2024-04-30,0,0.1656,0.5093,30.0
LOAN000363,2024-04-30,0,0.1191,0.3021,0.0
LOAN000031,2024-04-30,0,0.2922,0.552,90.0
LOAN000391,2024-04-30,0,0.1467,0.8111,0.0
LOAN000054,2024-04-30,60,0.1828,0.2317,0.0
LOAN000223,2024-04-30,0,0.0395,0.6223,0.0
LOAN000448,2024-04-30,0,0.1224,0.4949,0.0
LOAN000775,2024-04-30,60,0.2871,0.434,60.0
LOAN000853,2024-04-30,0,0.0304,0.5957,0.0
LOAN000770,2024-04-30,0,0.0269,0.3868,0.0
LOAN000107,2024-04-30,0,0.1057,0.3112,0.0
LOAN000763,2024-04-30,0,0.1996,0.3193,0.0
LOAN000053,2024-04-30,0,0.2987,0.7223,30.0
LOAN000517,2024-04-30,0,0.0715,0.3861,0.0
LOAN000241,2024-04-30,60,0.2917,0.8358,0.0
LOAN000285,2024-04-30,90,0.1902,0.4972,0.0
LOAN000582,2024-04-30,90,0.1808,0.2001,60.0
LOAN000932,2024-04-30,0,0.2999,0.5719,0.0
LOAN000320,2024-04-30,60,0.1287,0.3398,0.0
LOAN000693,2024-04-30,0,0.1864,0.2355,0.0
LOAN000336,2024-04-30,0,0.0152,0.5926,0.0
LOAN000033,2024-04-30,90,0.1343,0.4855,0.0
LOAN000845,2024-04-30,30,0.1585,0.3753,0.0
LOAN000998,2024-04-30,0,0.0239,0.4977,0.0
LOAN000456,2024-04-30,0,0.229,0.4701,0.0
LOAN000702,2024-04-30,0,0.0725,0.2908,30.0
LOAN000091,2024-04-30,30,0.2042,0.4998,0.0
LOAN000961,2024-04-30,90,0.1861,0.21,30.0
LOAN000920,2024-04-30,30,0.0523,0.2699,0.0
LOAN000822,2024-04-30,60,0.1421,0.2967,0.0
LOAN000490,2024-04-30,90,0.0911,0.5343,30.0
LOAN000804,2024-04-30,0,0.0637,0.6375,0.0
LOAN000017,2024-04-30,0,0.2909,0.7212,0.0
LOAN000620,2024-04-30,30,0.2881,0.2106,0.0
LOAN000382,2024-04-30,60,0.2956,0.7183,0.0
LOAN000456,2024-04-30,0,0.2685,0.2211,0.0
LOAN000145,2024-04-30,0,0.068,0.6473,0.0
LOAN000585,2024-04-30,0,0.0582,0.4887,0.0
LOAN000220,2024-04-30,0,0.0139,0.3394,0.0
LOAN000782,2024-04-30,0,0.1199,0.4403,0.0
LOAN000934,2024-04-30,30,0.2181,0.5568,90.0
LOAN000542,2024-04-30,0,0.2776,0.523,0.0
LOAN000611,2024-04-30,0,0.2033,0.8439,30.0
LOAN000376,2024-04-30,30,0.0288,0.2953,0.0
LOAN000392,2024-04-30,0,0.0149,0.2156,0.0
LOAN000034,2024-04-30,0,0.1815,0.6371,0.0
LOAN000698,2024-04-30,0,0.0103,0.2879,0.0
LOAN000690,2024-04-30,0,0.0527,0.4669,0.0
LOAN000292,2024-04-30,0,0.2568,0.8007,90.0
LOAN000354,2024-04-30,30,0.1447,0.7491,0.0
LOAN000764,2024-04-30,0,0.1513,0.2551,30.0
LOAN000642,2024-04-30,30,0.03,0.7954,30.0
LOAN000209,2024-04-30,0,0.0753,0.7489,0.0
LOAN000412,2024-04-30,0,0.2122,0.2789,0.0
LOAN000583,2024-04-30,0,0.0571,0.392,0.0
LOAN000071,2024-04-30,0,0.1696,0.7758,0.0
LOAN000934,2024-04-30,30,0.0503,0.205,30.0
LOAN000102,2024-04-30,0,0.1696,0.7369,60.0
LOAN000409,2024-04-30,30,0.1918,0.6631,30.0
LOAN000328,2024-04-30,0,0.2921,0.2351,0.0
LOAN000449,2024-04-30,0,0.1602,0.7658,0.0
LOAN000668,2024-04-30,30,0.2421,0.2538,0.0
LOAN000772,2024-04-30,30,0.1151,0.501,0.0
LOAN000057,2024-04-30,0,0.0558,0.8882,0.0
LOAN000151,2024-04-30,0,0.0494,0.4598,0.0
LOAN000050,2024-04-30,0,0.0738,0.438,90.0
LOAN000142,2024-04-30,90,0.0258,0.7596,0.0
LOAN000242,2024-04-30,30,0.193,0.6789,0.0
LOAN000007,2024-04-30,0,0.0148,0.242,0.0
LOAN000181,2024-04-30,30,0.1465,0.484,0.0
LOAN000544,2024-04-30,60,0.1287,0.8391,0.0
LOAN000567,2024-04-30,0,0.1215,0.487,0.0
LOAN000052,2024-04-30,0,0.049,0.3881,30.0
LOAN000109,2024-04-30,60,0.18,0.2338,0.0
LOAN000596,2024-04-30,0,0.1137,0.2383,0.0
LOAN000823,2024-04-30,0,0.1749,0.7465,0.0
LOAN000121,2024-04-30,30,0.2471,0.7422,0.0
LOAN000878,2024-04-30,30,0.1499,0.4263,0.0
LOAN000454,2024-04-30,60,0.2524,0.8071,0.0
LOAN000189,2024-04-30,0,0.0916,0.2035,0.0
LOAN000874,2024-04-30,60,0.1287,0.6435,60.0
LOAN000950,2024-04-30,60,0.1492,0.8273,0.0
LOAN000794,2024-04-30,0,0.2878,0.4499,0.0
LOAN000447,2024-04-30,0,0.1148,0.7284,0.0
LOAN000350,2024-04-30,60,0.2764,0.4592,30.0
LOAN000767,2024-04-30,0,0.0962,0.6376,0.0
LOAN000131,2024-04-30,60,0.0943,0.4732,0.0
LOAN000875,2024-04-30,0,0.292,0.5647,0.0
LOAN000596,2024-04-30,30,0.1667,0.306,0.0
LOAN000084,2024-04-30,0,0.0348,0.8986,30.0
LOAN000845,2024-04-30,0,0.2243,0.3566,30.0
LOAN000047,2024-04-30,0,0.0375,0.3342,0.0
LOAN000283,2024-04-30,90,0.0512,0.4864,0.0
LOAN000370,2024-04-30,0,0.158,0.6437,0.0
LOAN000878,2024-04-30,0,0.2463,0.7883,30.0
LOAN000446,2024-04-30,30,0.0691,0.7197,0.0
LOAN000553,2024-04-30,0,0.0768,0.6023,30.0
LOAN000653,2024-04-30,30,0.1933,0.6534,30.0
LOAN000103,2024-04-30,30,0.0269,0.7309,0.0
LOAN000852,2024-04-30,30,0.2621,0.7906,0.0
LOAN000888,2024-04-30,0,0.0604,0.6986,0.0
LOAN000024,2024-04-30,0,0.2378,0.2807,30.0
LOAN000265,2024-04-30,0,0.0642,0.718,0.0
LOAN000077,2024-04-30,0,0.2373,0.398,0.0
LOAN000391,2024-04-30,60,0.2217,0.6233,0.0
LOAN000317,2024-04-30,0,0.0663,0.7336,0.0
LOAN000681,2024-04-30,0,0.2202,0.8758,30.0
LOAN000873,2024-04-30,0,0.0351,0.559,0.0
LOAN000224,2024-04-30,0,0.1532,0.3066,0.0
LOAN000016,2024-04-30,0,0.0314,0.8612,0.0
LOAN000093,2024-04-30,90,0.0101,0.4916,0.0
LOAN000278,2024-04-30,60,0.2905,0.5809,0.0
LOAN000472,2024-04-30,0,0.2634,0.2384,0.0
LOAN000872,2024-04-30,0,0.1883,0.6899,90.0
LOAN000525,2024-04-30,0,0.2753,0.5225,30.0
LOAN000767,2024-04-30,90,0.0157,0.7392,0.0
LOAN000298,2024-04-30,0,0.1232,0.3463,0.0
LOAN000691,2024-04-30,0,0.1647,0.7709,0.0
LOAN000508,2024-04-30,90,0.0561,0.5428,0.0
LOAN000797,2024-04-30,0,0.1569,0.2393,60.0
LOAN000582,2024-04-30,0,0.1746,0.5142,90.0
LOAN000688,2024-04-30,0,0.2045,0.403,0.0
LOAN000825,2024-04-30,0,0.0619,0.4512,0.0
LOAN000233,2024-04-30,0,0.2984,0.5749,0.0
LOAN000411,2024-04-30,0,0.0245,0.4643,60.0
LOAN000263,2024-04-30,0,0.118,0.5004,0.0
LOAN000938,2024-04-30,60,0.0206,0.4757,30.0
LOAN000224,2024-04-30,0,0.035,0.3664,0.0
LOAN000234,2024-04-30,0,0.0919,0.2259,0.0
LOAN000792,2024-04-30,0,0.0871,0.3383,90.0
LOAN000262,2024-04-30,0,0.0192,0.5077,30.0
LOAN000195,2024-04-30,30,0.0947,0.2484,0.0
LOAN000648,2024-04-30,0,0.2011,0.4202,0.0
LOAN000566,2024-04-30,0,0.0334,0.5766,0.0
LOAN000749,2024-04-30,0,0.2496,0.4625,0.0
LOAN000251,2024-04-30,0,0.255,0.2299,0.0
LOAN000505,2024-04-30,0,0.0953,0.4201,30.0
LOAN000164,2024-04-30,0,0.1785,0.5459,0.0
LOAN000976,2024-04-30,0,0.2512,0.4389,0.0
LOAN000811,2024-04-30,30,0.1767,0.8195,30.0
LOAN000309,2024-04-30,0,0.172,0.4712,0.0
LOAN000675,2024-04-30,60,0.2524,0.7065,0.0
LOAN000058,2024-04-30,0,0.2936,0.6119,30.0
LOAN000068,2024-04-30,30,0.0325,0.6658,0.0
LOAN000434,2024-04-30,0,0.0718,0.4382,0.0
LOAN000879,2024-04-30,0,0.0366,0.4458,0.0
LOAN000470,2024-04-30,0,0.2961,0.7337,0.0
LOAN000902,2024-04-30,0,0.1443,0.2593,30.0
LOAN000460,2024-04-30,60,0.1392,0.3992,30.0
LOAN000655,2024-04-30,90,0.0781,0.7553,60.0
LOAN000549,2024-04-30,0,0.1422,0.2713,0.0
LOAN000790,2024-04-30,0,0.0377,0.4676,0.0
LOAN000493,2024-04-30,0,0.2465,0.8612,0.0
LOAN000031,2024-04-30,0,0.1696,0.6071,0.0
LOAN000413,2024-04-30,60,0.2754,0.3872,0.0
LOAN000727,2024-04-30,30,0.175,0.8804,60.0
LOAN000253,2024-04-30,0,0.0343,0.8738,0.0
LOAN000788,2024-04-30,0,0.2367,0.7378,0.0
LOAN000293,2024-04-30,0,0.196,0.285,0.0
LOAN000825,2024-04-30,0,0.1875,0.8761,0.0
LOAN000682,2024-04-30,0,0.1181,0.8048,0.0
LOAN000313,2024-04-30,0,0.0709,0.4011,0.0
LOAN000281,2024-04-30,0,0.0897,0.6231,30.0
LOAN000857,2024-04-30,0,0.1742,0.539,30.0
LOAN000667,2024-04-30,0,0.2842,0.3624,30.0
LOAN000897,2024-04-30,30,0.134,0.8401,0.0
LOAN000489,2024-04-30,0,0.0632,0.3879,0.0
LOAN000838,2024-04-30,0,0.21,0.671,0.0
LOAN000348,2024-04-30,0,0.0617,0.3733,0.0
LOAN000990,2024-04-30,30,0.1406,0.3736,0.0
LOAN000792,2024-04-30,0,0.1858,0.5962,0.0
LOAN000566,2024-04-30,30,0.0291,0.273,0.0
LOAN000812,2024-04-30,0,0.0355,0.3112,90.0
LOAN000884,2024-04-30,0,0.1455,0.8228,0.0
LOAN000964,2024-04-30,60,0.2302,0.2005,0.0
LOAN000987,2024-04-30,0,0.0146,0.5413,90.0
LOAN000765,2024-04-30,0,0.2848,0.6369,60.0
LOAN000412,2024-04-30,0,0.1881,0.7804,0.0
LOAN000538,2024-04-30,0,0.1363,0.6761,90.0
LOAN000980,2024-04-30,0,0.0104,0.3031,0.0
LOAN000171,2024-04-30,0,0.2917,0.4943,0.0
LOAN000312,2024-04-30,0,0.2794,0.2762,90.0
LOAN000477,2024-04-30,0,0.2226,0.5292,0.0
LOAN000064,2024-04-30,0,0.0504,0.7146,30.0
LOAN000946,2024-04-30,0,0.2638,0.2699,0.0
LOAN000195,2024-04-30,0,0.2304,0.7523,30.0
LOAN000552,2024-04-30,0,0.1117,0.3525,30.0
LOAN000042,2024-04-30,60,0.152,0.7674,30.0
LOAN000253,2024-04-30,0,0.0175,0.7507,0.0
LOAN000376,2024-04-30,0,0.2325,0.6332,30.0
LOAN000864,2024-04-30,90,0.1829,0.2074,0.0
LOAN000723,2024-04-30,0,0.2052,0.637,30.0
LOAN000365,2024-04-30,0,0.2696,0.6256,0.0
LOAN000048,2024-04-30,0,0.0332,0.5252,0.0
LOAN000980,2024-04-30,0,0.1451,0.8905,0.0
LOAN000169,2024-04-30,0,0.2086,0.282,0.0
LOAN000154,2024-04-30,0,0.1939,0.8876,0.0
LOAN000907,2024-04-30,30,0.2417,0.7447,90.0
LOAN000088,2024-04-30,0,0.2227,0.6902,60.0
LOAN000131,2024-04-30,30,0.2849,0.6228,60.0
LOAN000693,2024-04-30,0,0.0928,0.4069,0.0
LOAN000567,2024-05-31,0,0.1811,0.8538,0.0
LOAN000931,2024-05-31,0,0.053,0.5145,90.0
LOAN000000,2024-05-31,0,0.0653,0.7545,0.0
LOAN000167,2024-05-31,0,0.1381,0.5777,0.0
LOAN000158,2024-05-31,0,0.2221,0.2495,0.0
LOAN000089,2024-05-31,0,0.2053,0.3302,0.0
LOAN000056,2024-05-31,0,0.2139,0.7356,0.0
LOAN000955,2024-05-31,0,0.2918,0.3009,60.0
LOAN000081,2024-05-31,0,0.0236,0.5799,60.0
LOAN000624,2024-05-31,0,0.0281,0.8475,30.0
LOAN000036,2024-05-31,0,0.0115,0.7453,0.0
LOAN000224,2024-05-31,0,0.1039,0.5873,0.0
LOAN000749,2024-05-31,0,0.1376,0.8421,0.0
LOAN000286,2024-05-31,30,0.2936,0.7733,0.0
LOAN000015,2024-05-31,0,0.2808,0.5649,0.0
LOAN000067,2024-05-31,0,0.1837,0.882,0.0
LOAN000724,2024-05-31,0,0.2652,0.3584,0.0
LOAN000333,2024-05-31,0,0.2959,0.6715,0.0
LOAN000989,2024-05-31,30,0.2976,0.2404,0.0
LOAN000101,2024-05-31,30,0.2297,0.5384,0.0
LOAN000071,2024-05-31,0,0.0283,0.4099,0.0
LOAN000108,2024-05-31,60,0.2594,0.8058,0.0
LOAN000881,2024-05-31,30,0.1337,0.4597,30.0
LOAN000275,2024-05-31,0,0.229,0.8536,0.0
LOAN000593,2024-05-31,0,0.1871,0.7848,0.0
LOAN000262,2024-05-31,0,0.2715,0.6597,0.0
LOAN000952,2024-05-31,0,0.1985,0.6213,0.0
LOAN000616,2024-05-31,0,0.0476,0.4491,60.0
LOAN000684,2024-05-31,0,0.2669,0.5958,60.0
LOAN000160,2024-05-31,0,0.0866,0.3017,0.0
LOAN000242,2024-05-31,0,0.0355,0.7146,30.0
LOAN000662,2024-05-31,0,0.0444,0.7605,0.0
LOAN000146,2024-05-31,0,0.0453,0.2314,0.0
LOAN000904,2024-05-31,0,0.0924,0.336,0.0
LOAN000032,2024-05-31,0,0.1183,0.5304,0.0
LOAN000084,2024-05-31,0,0.0328,0.6248,0.0
LOAN000581,2024-05-31,0,0.1973,0.3096,30.0
LOAN000202,2024-05-31,0,0.2756,0.7936,60.0
LOAN000386,2024-05-31,30,0.0308,0.6061,0.0
LOAN000484,2024-05-31,0,0.1885,0.3437,0.0
LOAN000137,2024-05-31,0,0.2165,0.5847,60.0
LOAN000482,2024-05-31,0,0.076,0.4476,0.0
LOAN000346,2024-05-31,0,0.0153,0.7089,0.0
LOAN000574,2024-05-31,0,0.1266,0.4058,0.0
LOAN000494,2024-05-31,0,0.1957,0.6291,0.0
LOAN000144,2024-05-31,30,0.1284,0.3163,0.0
LOAN000792,2024-05-31,0,0.0172,0.2235,0.0
LOAN000957,2024-05-31,0,0.1203,0.7986,30.0
LOAN000436,2024-05-31,0,0.1159,0.6508,0.0
LOAN000071,2024-05-31,0,0.2545,0.5881,0.0
LOAN000015,2024-05-31,0,0.2594,0.4066,0.0
LOAN000737,2024-05-31,0,0.1994,0.5511,0.0
LOAN000097,2024-05-31,0,0.291,0.6244,0.0
LOAN000928,2024-05-31,0,0.1759,0.6063,30.0
LOAN000583,2024-05-31,30,0.2607,0.6939,0.0
LOAN000454,2024-05-31,30,0.2754,0.3824,60.0
LOAN000230,2024-05-31,0,0.0202,0.8959,0.0
LOAN000134,2024-05-31,0,0.1794,0.4458,0.0
LOAN000641,2024-05-31,60,0.2461,0.3197,0.0
LOAN000919,2024-05-31,0,0.2099,0.4984,0.0
LOAN000475,2024-05-31,0,0.0932,0.6971,30.0
LOAN000590,2024-05-31,0,0.2456,0.748,0.0
LOAN000653,2024-05-31,30,0.0175,0.5262,30.0
LOAN000858,2024-05-31,30,0.2238,0.7173,30.0
LOAN000721,2024-05-31,0,0.0951,0.4366,0.0
LOAN000591,2024-05-31,0,0.2169,0.3212,0.0
LOAN000490,2024-05-31,30,0.2424,0.5475,90.0
LOAN000433,2024-05-31,90,0.0276,0.4277,0.0
LOAN000609,2024-05-31,0,0.0965,0.7921,0.0
LOAN000743,2024-05-31,90,0.1175,0.3549,0.0
LOAN000227,2024-05-31,30,0.0909,0.6719,0.0
LOAN000798,2024-05-31,0,0.025,0.7458,90.0
LOAN000334,2024-05-31,0,0.2988,0.7343,30.0
LOAN000621,2024-05-31,0,0.0699,0.663,0.0
LOAN000307,2024-05-31,0,0.0943,0.5725,60.0
LOAN000807,2024-05-31,0,0.0204,0.6216,90.0
LOAN000344,2024-05-31,0,0.1183,0.3299,0.0
LOAN000587,2024-05-31,60,0.0585,0.2582,60.0
LOAN000763,2024-05-31,0,0.2542,0.4839,0.0
LOAN000357,2024-05-31,0,0.1209,0.3029,0.0
LOAN000747,2024-05-31,0,0.0488,0.2759,60.0
LOAN000405,2024-05-31,0,0.227,0.6572,30.0
LOAN000068,2024-05-31,30,0.27,0.8061,30.0
LOAN000571,2024-05-31,0,0.0474,0.8872,0.0
LOAN000481,2024-05-31,60,0.1119,0.5012,30.0
LOAN000863,2024-05-31,0,0.1107,0.4862,0.0
LOAN000211,2024-05-31,0,0.1551,0.704,0.0
LOAN000971,2024-05-31,0,0.2156,0.8399,30.0
LOAN000304,2024-05-31,0,0.1753,0.7514,0.0
LOAN000828,2024-05-31,0,0.0103,0.4576,0.0
LOAN000593,2024-05-31,60,0.2102,0.5639,0.0
LOAN000179,2024-05-31,30,0.2509,0.4161,0.0
LOAN000543,2024-05-31,90,0.1256,0.7602,60.0
LOAN000951,2024-05-31,0,0.2817,0.624,0.0
LOAN000054,2024-05-31,0,0.0889,0.2596,60.0
LOAN000155,2024-05-31,30,0.1045,0.894,0.0
LOAN000279,2024-05-31,30,0.1055,0.5169,0.0
LOAN000225,2024-05-31,0,0.1809,0.8029,30.0
LOAN000739,2024-05-31,0,0.2006,0.4725,30.0
LOAN000353,2024-05-31,0,0.0759,0.4488,60.0
LOAN000583,2024-05-31,30,0.2497,0.5149,30.0
LOAN000536,2024-05-31,30,0.0694,0.8713,0.0
LOAN000409,2024-05-31,30,0.2732,0.7599,30.0
LOAN000085,2024-05-31,0,0.2848,0.5437,0.0
LOAN000136,2024-05-31,0,0.2829,0.727,60.0
LOAN000645,2024-05-31,0,0.1409,0.3431,0.0
LOAN000280,2024-05-31,30,0.0673,0.6935,0.0
LOAN000591,2024-05-31,0,0.166,0.4054,0.0
LOAN000878,2024-05-31,0,0.0296,0.5576,0.0
LOAN000748,2024-05-31,30,0.0585,0.5578,0.0
LOAN000458,2024-05-31,0,0.113,0.6132,60.0
LOAN000459,2024-05-31,30,0.2336,0.7435,0.0
LOAN000051,2024-05-31,0,0.183,0.8436,30.0
LOAN000059,2024-05-31,0,0.2865,0.7387,30.0
LOAN000567,2024-05-31,0,0.1143,0.6385,0.0
LOAN000987,2024-05-31,90,0.1601,0.5689,0.0
LOAN000268,2024-05-31,0,0.2128,0.2364,0.0
LOAN000287,2024-05-31,0,0.1425,0.2316,0.0
LOAN000029,2024-05-31,0,0.2909,0.4897,0.0
LOAN000422,2024-05-31,0,0.2489,0.3285,0.0
LOAN000231,2024-05-31,0,0.098,0.5221,0.0
LOAN000337,2024-05-31,0,0.2328,0.3317,0.0
LOAN000360,2024-05-31,0,0.193,0.5961,0.0
LOAN000223,2024-05-31,30,0.2042,0.2294,0.0
LOAN000781,2024-05-31,0,0.0314,0.4927,0.0
LOAN000044,2024-05-31,0,0.2426,0.2899,30.0
LOAN000028,2024-05-31,30,0.1068,0.3502,0.0
LOAN000384,2024-05-31,0,0.2814,0.4607,0.0
LOAN000964,2024-05-31,30,0.0959,0.742,60.0
LOAN000078,2024-05-31,0,0.2798,0.5627,0.0
LOAN000218,2024-05-31,60,0.0216,0.5164,0.0
LOAN000780,2024-05-31,0,0.067,0.5295,0.0
LOAN000165,2024-05-31,0,0.1612,0.2807,0.0
LOAN000293,2024-05-31,0,0.2449,0.7902,0.0
LOAN000838,2024-05-31,0,0.0654,0.2736,0.0
LOAN000366,2024-05-31,0,0.2354,0.8495,60.0
LOAN000987,2024-05-31,60,0.177,0.2916,90.0
LOAN000479,2024-05-31,30,0.1879,0.76,0.0
LOAN000460,2024-05-31,0,0.191,0.7897,60.0
LOAN000782,2024-05-31,90,0.1464,0.2985,0.0
LOAN000199,2024-05-31,0,0.0801,0.3821,0.0
LOAN000321,2024-05-31,60,0.1361,0.3684,0.0
LOAN000501,2024-05-31,60,0.1815,0.357,0.0
LOAN000522,2024-05-31,30,0.0571,0.5569,0.0
LOAN000707,2024-05-31,0,0.0478,0.414,0.0
LOAN000595,2024-05-31,90,0.2389,0.3279,60.0
LOAN000078,2024-05-31,0,0.0379,0.7432,0.0
LOAN000194,2024-05-31,0,0.1775,0.601,90.0
LOAN000660,2024-05-31,0,0.0385,0.2684,0.0
LOAN000526,2024-05-31,0,0.0715,0.4469,30.0
LOAN000129,2024-05-31,0,0.0509,0.3416,0.0
LOAN000529,2024-05-31,60,0.1444,0.6198,30.0
LOAN000532,2024-05-31,0,0.1124,0.4481,0.0
LOAN000057,2024-05-31,0,0.0456,0.3063,0.0
LOAN000010,2024-05-31,0,0.1236,0.2292,0.0
LOAN000114,2024-05-31,90,0.0721,0.4174,0.0
LOAN000968,2024-05-31,0,0.0781,0.5623,0.0
LOAN000661,2024-05-31,0,0.2952,0.403,90.0
LOAN000144,2024-05-31,0,0.2575,0.2788,30.0
LOAN000388,2024-05-31,0,0.0133,0.6691,90.0
LOAN000904,2024-05-31,0,0.2035,0.4676,0.0
LOAN000510,2024-05-31,30,0.1971,0.7357,0.0
LOAN000257,2024-05-31,0,0.1891,0.2168,0.0
LOAN000214,2024-05-31,90,0.0204,0.4445,60.0
LOAN000899,2024-05-31,0,0.1979,0.2909,0.0
LOAN000005,2024-05-31,0,0.2224,0.626,0.0
LOAN000642,2024-05-31,60,0.0177,0.2576,30.0
LOAN000001,2024-05-31,30,0.1883,0.2156,30.0
LOAN000023,2024-05-31,0,0.1658,0.2528,60.0
LOAN000165,2024-05-31,0,0.1895,0.5787,0.0
LOAN000595,2024-05-31,60,0.0229,0.2179,90.0
LOAN000796,2024-05-31,0,0.0699,0.4168,0.0
LOAN000793,2024-05-31,30,0.1185,0.6934,0.0
LOAN000380,2024-05-31,0,0.127,0.4248,0.0
LOAN000326,2024-05-31,60,0.2999,0.2046,0.0
LOAN000870,2024-05-31,30,0.2521,0.2446,30.0
LOAN000412,2024-05-31,60,0.097,0.4912,0.0
LOAN000718,2024-05-31,60,0.269,0.3508,0.0
LOAN000073,2024-05-31,0,0.0318,0.4882,0.0
LOAN000461,2024-05-31,0,0.0311,0.411,0.0
LOAN000871,2024-05-31,0,0.1224,0.689,90.0
LOAN000761,2024-05-31,0,0.1837,0.4585,0.0
LOAN000513,2024-05-31,0,0.1646,0.3831,0.0
LOAN000780,2024-05-31,60,0.0644,0.457,0.0
LOAN000799,2024-05-31,0,0.0105,0.5405,0.0
LOAN000175,2024-05-31,0,0.2052,0.4645,0.0
LOAN000609,2024-05-31,0,0.2173,0.3801,0.0
LOAN000601,2024-05-31,30,0.0168,0.2325,0.0
LOAN000942,2024-05-31,0,0.2092,0.6041,30.0
LOAN000490,2024-05-31,0,0.1062,0.2227,30.0
LOAN000237,2024-05-31,90,0.2313,0.7624,0.0
LOAN000234,2024-05-31,60,0.1898,0.8798,0.0
LOAN000475,2024-05-31,60,0.1494,0.3457,0.0
LOAN000302,2024-05-31,0,0.1461,0.357,60.0
LOAN000664,2024-05-31,0,0.0877,0.4688,0.0
LOAN000621,2024-05-31,0,0.1961,0.5194,0.0
LOAN000508,2024-05-31,0,0.0961,0.5217,90.0
LOAN000396,2024-05-31,0,0.2125,0.694,60.0
LOAN000018,2024-05-31,0,0.1501,0.85,0.0
LOAN000988,2024-05-31,0,0.1937,0.6528,90.0
LOAN000134,2024-05-31,30,0.2694,0.8395,0.0
LOAN000571,2024-05-31,0,0.145,0.3359,0.0
LOAN000826,2024-05-31,0,0.1143,0.5302,30.0
LOAN000840,2024-05-31,0,0.2847,0.7611,0.0
LOAN000510,2024-05-31,0,0.1536,0.5646,30.0
LOAN000713,2024-05-31,0,0.1646,0.5176,0.0
LOAN000772,2024-05-31,0,0.1986,0.3021,30.0
LOAN000750,2024-05-31,0,0.1042,0.4523,0.0
LOAN000577,2024-05-31,60,0.0346,0.4022,0.0
LOAN000737,2024-05-31,0,0.2083,0.606,0.0
LOAN000259,2024-05-31,0,0.2202,0.3526,90.0
LOAN000612,2024-05-31,0,0.0389,0.2726,0.0
LOAN000815,2024-05-31,0,0.2063,0.4151,0.0
LOAN000752,2024-05-31,0,0.2233,0.2222,0.0
LOAN000437,2024-05-31,30,0.0296,0.3252,0.0
LOAN000980,2024-05-31,60,0.0525,0.7352,0.0
LOAN000772,2024-05-31,0,0.2471,0.8902,0.0
LOAN000343,2024-05-31,30,0.275,0.3445,0.0
LOAN000925,2024-05-31,0,0.1516,0.4329,0.0
LOAN000824,2024-05-31,0,0.0875,0.4154,0.0
LOAN000917,2024-05-31,30,0.2682,0.8357,0.0
LOAN000599,2024-05-31,0,0.104,0.8023,60.0
LOAN000814,2024-05-31,0,0.1417,0.3111,0.0
LOAN000354,2024-05-31,0,0.0508,0.562,30.0
LOAN000140,2024-05-31,0,0.152,0.7968,0.0
LOAN000829,2024-05-31,0,0.2919,0.5682,90.0
LOAN000263,2024-05-31,0,0.2884,0.8707,0.0
LOAN000158,2024-05-31,0,0.2141,0.8179,0.0
LOAN000259,2024-05-31,0,0.2166,0.2652,0.0
LOAN000867,2024-05-31,60,0.1662,0.4372,0.0
LOAN000406,2024-05-31,0,0.1032,0.6488,0.0
LOAN000352,2024-05-31,0,0.191,0.4638,0.0
LOAN000440,2024-05-31,0,0.1957,0.8606,60.0
LOAN000850,2024-05-31,0,0.2093,0.3376,0.0
LOAN000799,2024-05-31,30,0.1471,0.7848,0.0
LOAN000692,2024-05-31,0,0.0458,0.8293,0.0
LOAN000311,2024-05-31,0,0.2599,0.562,0.0
LOAN000530,2024-05-31,0,0.108,0.5864,30.0
LOAN000312,2024-05-31,0,0.0845,0.5049,0.0
LOAN000023,2024-05-31,0,0.0143,0.6399,0.0
LOAN000635,2024-05-31,0,0.2839,0.8309,0.0
LOAN000067,2024-05-31,0,0.0465,0.3131,0.0
LOAN000405,2024-05-31,30,0.1296,0.2467,0.0
LOAN000671,2024-05-31,0,0.0328,0.501,0.0
LOAN000807,2024-05-31,60,0.0987,0.4651,0.0
LOAN000216,2024-05-31,0,0.2447,0.6207,0.0
LOAN000740,2024-05-31,0,0.2498,0.369,0.0
LOAN000029,2024-05-31,0,0.1183,0.6223,0.0
LOAN000919,2024-05-31,30,0.2875,0.8952,0.0
LOAN000088,2024-05-31,0,0.265,0.3506,0.0
LOAN000645,2024-05-31,30,0.0635,0.6448,0.0
LOAN000119,2024-05-31,0,0.0368,0.2355,30.0
LOAN000391,2024-05-31,30,0.1684,0.5476,60.0
LOAN000344,2024-05-31,0,0.1524,0.2059,0.0
LOAN000524,2024-05-31,30,0.1048,0.2714,90.0
LOAN000160,2024-05-31,0,0.0144,0.8153,0.0
LOAN000948,2024-05-31,0,0.0965,0.802,30.0
LOAN000198,2024-05-31,90,0.1448,0.6052,60.0
LOAN000084,2024-05-31,0,0.169,0.8171,0.0
LOAN000342,2024-05-31,0,0.266,0.3773,90.0
LOAN000749,2024-05-31,30,0.2225,0.7295,0.0
LOAN000251,2024-05-31,60,0.2924,0.5067,0.0
LOAN000467,2024-05-31,0,0.2552,0.3321,0.0
LOAN000216,2024-05-31,30,0.2147,0.2825,0.0
LOAN000213,2024-05-31,0,0.1743,0.8708,0.0
LOAN000698,2024-05-31,30,0.187,0.4491,0.0
LOAN000764,2024-05-31,0,0.2341,0.6453,0.0
LOAN000538,2024-05-31,0,0.1083,0.7954,0.0
LOAN000726,2024-05-31,90,0.0551,0.2671,0.0
LOAN000999,2024-05-31,0,0.1812,0.5658,0.0
LOAN000838,2024-05-31,90,0.0508,0.7419,0.0
LOAN000710,2024-05-31,0,0.0259,0.5537,0.0
LOAN000294,2024-05-31,0,0.2055,0.7741,0.0
LOAN000562,2024-05-31,0,0.1411,0.5618,0.0
LOAN000577,2024-05-31,30,0.2413,0.7723,60.0
LOAN000837,2024-05-31,90,0.0966,0.4305,0.0
LOAN000909,2024-05-31,0,0.2834,0.5477,30.0
LOAN000341,2024-05-31,0,0.1249,0.7231,0.0
LOAN000036,2024-05-31,90,0.1308,0.5723,0.0
LOAN000378,2024-05-31,0,0.0498,0.3102,0.0
LOAN000074,2024-05-31,90,0.0411,0.2911,0.0
LOAN000241,2024-05-31,30,0.0458,0.2499,60.0
LOAN000553,2024-05-31,0,0.1752,0.4029,0.0
LOAN000516,2024-05-31,0,0.1357,0.5381,0.0
LOAN000061,2024-05-31,30,0.0629,0.2718,30.0
LOAN000063,2024-05-31,0,0.1804,0.4148,0.0
LOAN000758,2024-05-31,0,0.051,0.517,0.0
LOAN000849,2024-05-31,0,0.0496,0.7791,0.0
LOAN000638,2024-05-31,90,0.2763,0.4617,30.0
LOAN000759,2024-05-31,0,0.1132,0.7747,0.0
LOAN000680,2024-05-31,0,0.061,0.4538,0.0
LOAN000073,2024-05-31,0,0.1358,0.5583,0.0
LOAN000248,2024-05-31,0,0.1824,0.6841,0.0
LOAN000988,2024-05-31,0,0.079,0.344,0.0
LOAN000099,2024-05-31,0,0.2843,0.598,30.0
LOAN000973,2024-05-31,0,0.2695,0.5254,0.0
LOAN000254,2024-05-31,0,0.2803,0.599,0.0
LOAN000772,2024-05-31,30,0.2859,0.3708,0.0
LOAN000769,2024-05-31,0,0.1307,0.3146,0.0
LOAN000255,2024-05-31,0,0.1617,0.4063,0.0
LOAN000430,2024-05-31,90,0.0379,0.7484,0.0
LOAN000015,2024-05-31,60,0.0248,0.2117,0.0
LOAN000448,2024-05-31,30,0.0796,0.4671,0.0
LOAN000860,2024-05-31,0,0.07,0.4338,0.0
LOAN000495,2024-05-31,60,0.2839,0.6615,0.0
LOAN000399,2024-05-31,0,0.138,0.3636,0.0
LOAN000848,2024-05-31,0,0.112,0.2689,60.0
LOAN000315,2024-05-31,0,0.2452,0.5415,30.0
LOAN000627,2024-05-31,0,0.2504,0.3255,60.0
LOAN000132,2024-05-31,90,0.023,0.4927,0.0
LOAN000701,2024-05-31,0,0.2628,0.3728,0.0
LOAN000701,2024-05-31,0,0.2792,0.2137,0.0
LOAN000769,2024-05-31,0,0.0954,0.7007,0.0
LOAN000446,2024-05-31,0,0.0812,0.2695,30.0
LOAN000030,2024-05-31,60,0.1435,0.4459,30.0
LOAN000105,2024-05-31,0,0.244,0.3729,0.0
LOAN000909,2024-05-31,90,0.2045,0.4658,0.0
LOAN000127,2024-05-31,30,0.26,0.2801,30.0
LOAN000308,2024-05-31,0,0.1409,0.5953,0.0
LOAN000395,2024-05-31,0,0.1743,0.6499,0.0
LOAN000739,2024-05-31,60,0.0546,0.3722,0.0
LOAN000616,2024-05-31,0,0.073,0.7117,0.0
LOAN000501,2024-05-31,0,0.137,0.3519,60.0
LOAN000388,2024-05-31,60,0.2441,0.8845,0.0
LOAN000153,2024-05-31,0,0.1248,0.2275,0.0
LOAN000400,2024-05-31,0,0.1633,0.7098,30.0
LOAN000110,2024-05-31,60,0.2616,0.7953,60.0
LOAN000835,2024-05-31,60,0.1207,0.3108,0.0
LOAN000820,2024-05-31,30,0.11,0.7294,0.0
LOAN000992,2024-05-31,0,0.2532,0.3064,
LOAN000119,2024-05-31,60,0.106,0.4577,0.0
LOAN000601,2024-05-31,0,0.0602,0.589,30.0
LOAN000384,2024-05-31,30,0.226,0.4128,0.0
LOAN000579,2024-05-31,90,0.1468,0.8282,0.0
LOAN000737,2024-05-31,0,0.2381,0.344,0.0
LOAN000659,2024-05-31,0,0.059,0.5834,0.0
LOAN000215,2024-05-31,0,0.1314,0.6675,0.0
LOAN000237,2024-05-31,0,0.2508,0.8923,90.0
LOAN000002,2024-05-31,30,0.0153,0.8381,30.0
LOAN000766,2024-05-31,0,0.0483,0.8423,0.0
LOAN000315,2024-05-31,0,0.1132,0.8106,0.0
LOAN000668,2024-05-31,0,0.066,0.7043,30.0
LOAN000810,2024-05-31,0,0.2714,0.5902,0.0
LOAN000844,2024-05-31,0,0.237,0.3471,0.0
LOAN000995,2024-05-31,0,0.2592,0.4283,0.0
LOAN000512,2024-05-31,0,0.1124,0.2006,0.0
LOAN000084,2024-05-31,0,0.0879,0.4103,0.0
LOAN000103,2024-05-31,30,0.2976,0.3081,30.0
LOAN000717,2024-05-31,0,0.1252,0.4339,0.0
LOAN000039,2024-05-31,0,0.0719,0.3862,30.0
LOAN000345,2024-05-31,0,0.1176,0.2955,0.0
LOAN000858,2024-05-31,0,0.016,0.6531,30.0
LOAN000212,2024-05-31,0,0.1649,0.2189,90.0
LOAN000091,2024-05-31,0,0.0421,0.4557,30.0
LOAN000005,2024-05-31,0,0.0287,0.3728,0.0
LOAN000676,2024-05-31,0,0.1048,0.2998,60.0
LOAN000027,2024-05-31,30,0.2877,0.5582,0.0
LOAN000113,2024-05-31,0,0.1689,0.7795,0.0
LOAN000322,2024-05-31,0,0.1008,0.5612,0.0
LOAN000262,2024-05-31,0,0.2695,0.5629,0.0
LOAN000356,2024-05-31,0,0.183,0.4798,0.0
LOAN000339,2024-05-31,0,0.1598,0.2818,90.0
LOAN000440,2024-05-31,90,0.2574,0.6434,0.0
LOAN000154,2024-05-31,0,0.2581,0.8769,0.0
LOAN000248,2024-05-31,0,0.2143,0.3331,0.0
LOAN000598,2024-05-31,0,0.1876,0.5493,0.0
LOAN000264,2024-05-31,0,0.2676,0.3315,0.0
LOAN000550,2024-05-31,0,0.0386,0.6421,60.0
LOAN000532,2024-05-31,0,0.0962,0.3935,0.0
LOAN000432,2024-05-31,60,0.0131,0.2415,30.0
LOAN000436,2024-05-31,0,0.2508,0.2293,0.0
LOAN000974,2024-05-31,0,0.1143,0.8871,0.0
LOAN000437,2024-05-31,0,0.0808,0.6326,30.0
LOAN000158,2024-05-31,90,0.2236,0.4175,0.0
LOAN000983,2024-05-31,0,0.012,0.5488,0.0
LOAN000325,2024-05-31,0,0.1451,0.5684,0.0
LOAN000563,2024-05-31,0,0.2978,0.267,0.0
LOAN000408,2024-05-31,0,0.2223,0.8592,30.0
LOAN000777,2024-05-31,90,0.0539,0.888,0.0
LOAN000991,2024-05-31,0,0.0261,0.4917,0.0
LOAN000466,2024-05-31,0,0.0455,0.3092,0.0
LOAN000355,2024-05-31,30,0.1094,0.7518,30.0
LOAN000529,2024-05-31,0,0.1654,0.3252,60.0
LOAN000983,2024-05-31,0,0.2868,0.3694,0.0
LOAN000809,2024-05-31,30,0.1,0.7427,30.0
LOAN000657,2024-05-31,0,0.185,0.6601,90.0
LOAN000675,2024-05-31,0,0.0811,0.4474,60.0
LOAN000684,2024-05-31,0,0.2444,0.2486,0.0
LOAN000392,2024-05-31,0,0.1727,0.7209,0.0
LOAN000519,2024-05-31,0,0.2641,0.6375,30.0
LOAN000424,2024-05-31,0,0.0461,0.59,0.0
LOAN000606,2024-05-31,30,0.1542,0.4,0.0
LOAN000420,2024-05-31,0,0.2679,0.4015,0.0
LOAN000413,2024-05-31,30,0.2783,0.5257,60.0
LOAN000964,2024-05-31,0,0.1032,0.4549,30.0
LOAN000198,2024-05-31,0,0.1501,0.6621,90.0
LOAN000496,2024-05-31,0,0.0959,0.6162,0.0
LOAN000100,2024-05-31,30,0.026,0.6408,0.0
LOAN000770,2024-05-31,30,0.1671,0.7982,0.0
LOAN000251,2024-05-31,0,0.018,0.3456,60.0
LOAN000643,2024-06-30,60,0.2342,0.7172,0.0
LOAN000675,2024-06-30,0,0.2191,0.4829,0.0
LOAN000137,2024-06-30,0,0.0891,0.6802,0.0
LOAN000015,2024-06-30,0,0.1232,0.8733,60.0
LOAN000884,2024-06-30,0,0.0197,0.4783,0.0
LOAN000044,2024-06-30,0,0.1121,0.4312,0.0
LOAN000700,2024-06-30,0,0.1664,0.8261,0.0
LOAN000024,2024-06-30,0,0.13,0.8583,0.0
LOAN000672,2024-06-30,0,0.0395,0.3247,0.0
LOAN000884,2024-06-30,30,0.0847,0.2216,0.0
LOAN000287,2024-06-30,0,0.2725,0.821,0.0
LOAN000313,2024-06-30,0,0.1049,0.4786,0.0
LOAN000785,2024-06-30,0,0.0726,0.4276,0.0
LOAN000458,2024-06-30,60,0.1886,0.2455,0.0
LOAN000076,2024-06-30,0,0.0929,0.8561,30.0
LOAN000987,2024-06-30,60,0.0731,0.8238,60.0
LOAN000749,2024-06-30,0,0.0427,0.8108,30.0
LOAN000990,2024-06-30,0,0.1915,0.3623,30.0
LOAN000895,2024-06-30,0,0.0441,0.774,0.0
LOAN000094,2024-06-30,30,0.0357,0.6621,0.0
LOAN000922,2024-06-30,0,0.1526,0.4677,0.0
LOAN000992,2024-06-30,0,0.0796,0.3869,0.0
LOAN000517,2024-06-30,90,0.1919,0.2103,0.0
LOAN000051,2024-06-30,60,0.0398,0.7493,0.0
LOAN000740,2024-06-30,0,0.2673,0.4839,0.0
LOAN000050,2024-06-30,0,0.0167,0.8259,0.0
LOAN000047,2024-06-30,0,0.1366,0.2957,0.0
LOAN000368,2024-06-30,90,0.2061,0.4043,30.0
LOAN000958,2024-06-30,0,0.1612,0.2031,0.0
LOAN000181,2024-06-30,30,0.1055,0.7479,30.0
LOAN000279,2024-06-30,0,0.1997,0.899,30.0
LOAN000848,2024-06-30,0,0.0661,0.8515,0.0
LOAN000131,2024-06-30,0,0.0593,0.6243,30.0
LOAN000037,2024-06-30,0,0.1268,0.4318,30.0
LOAN000173,2024-06-30,30,0.2969,0.2086,0.0
LOAN000151,2024-06-30,0,0.2283,0.6305,0.0
LOAN000861,2024-06-30,0,0.1008,0.841,0.0
LOAN000992,2024-06-30,0,0.2779,0.5174,0.0
LOAN000133,2024-06-30,0,0.1431,0.329,0.0
LOAN000051,2024-06-30,0,0.0199,0.7243,60.0
LOAN000539,2024-06-30,30,0.112,0.5779,90.0
LOAN000064,2024-06-30,30,0.0298,0.5851,0.0
LOAN000915,2024-06-30,30,0.2314,0.408,0.0
LOAN000276,2024-06-30,0,0.1932,0.8808,0.0
LOAN000746,2024-06-30,60,0.1803,0.2417,0.0
LOAN000522,2024-06-30,0,0.1969,0.3445,30.0
LOAN000194,2024-06-30,0,0.0232,0.594,0.0
LOAN000803,2024-06-30,0,0.167,0.4123,60.0
LOAN000841,2024-06-30,60,0.2918,0.4149,30.0
LOAN000566,2024-06-30,60,0.1715,0.5093,30.0
LOAN000558,2024-06-30,0,0.2854,0.4245,0.0
LOAN000711,2024-06-30,0,0.2896,0.5258,0.0
LOAN000431,2024-06-30,60,0.0472,0.5958,0.0
LOAN000233,2024-06-30,0,0.1202,0.3354,0.0
LOAN000434,2024-06-30,0,0.2169,0.2835,0.0
LOAN000031,2024-06-30,0,0.1741,0.5057,0.0
LOAN000289,2024-06-30,0,0.2952,0.5069,60.0
LOAN000381,2024-06-30,60,0.2352,0.3398,0.0
LOAN000949,2024-06-30,30,0.0949,0.653,0.0
LOAN000496,2024-06-30,0,0.1822,0.4029,0.0
LOAN000389,2024-06-30,0,0.2362,0.8182,60.0
LOAN000466,2024-06-30,0,0.1996,0.5035,0.0
LOAN000623,2024-06-30,60,0.2918,0.2316,0.0
LOAN000280,2024-06-30,90,0.1143,0.8273,30.0
LOAN000891,2024-06-30,0,0.2528,0.6834,0.0
LOAN000308,2024-06-30,0,0.2557,0.2755,0.0
LOAN000019,2024-06-30,0,0.2934,0.6416,30.0
LOAN000807,2024-06-30,0,0.1182,0.3692,60.0
LOAN000946,2024-06-30,90,0.1116,0.5486,0.0
LOAN000361,2024-06-30,60,0.1618,0.8398,30.0
LOAN000329,2024-06-30,60,0.2376,0.4645,30.0
LOAN000512,2024-06-30,0,0.2448,0.4726,0.0
LOAN000181,2024-06-30,30,0.2533,0.7091,30.0
LOAN000041,2024-06-30,0,0.2941,0.2031,0.0
LOAN000768,2024-06-30,0,0.2232,0.8795,0.0
LOAN000720,2024-06-30,0,0.0164,0.2628,0.0
LOAN000250,2024-06-30,30,0.1514,0.3339,0.0
LOAN000115,2024-06-30,0,0.2296,0.8829,30.0
LOAN000348,2024-06-30,60,0.212,0.8857,0.0
LOAN000231,2024-06-30,60,0.1118,0.2938,0.0
LOAN000609,2024-06-30,0,0.1231,0.8845,0.0
LOAN000766,2024-06-30,0,0.0967,0.4379,0.0
LOAN000933,2024-06-30,60,0.1654,0.2026,0.0
LOAN000029,2024-06-30,0,0.1394,0.6738,0.0
LOAN000480,2024-06-30,60,0.2821,0.7455,0.0
LOAN000436,2024-06-30,0,0.081,0.4948,0.0
LOAN000648,2024-06-30,90,0.0119,0.8535,0.0
LOAN000303,2024-06-30,0,0.1316,0.5846,0.0
LOAN000437,2024-06-30,30,0.0446,0.4204,0.0
LOAN000554,2024-06-30,90,0.2405,0.7537,0.0
LOAN000657,2024-06-30,0,0.2758,0.7027,0.0
LOAN000683,2024-06-30,0,0.103,0.3688,90.0
LOAN000652,2024-06-30,0,0.1628,0.7996,0.0
LOAN000715,2024-06-30,0,0.1135,0.6533,30.0
LOAN000484,2024-06-30,0,0.0836,0.3427,0.0
LOAN000624,2024-06-30,0,0.1843,0.3754,0.0
LOAN000261,2024-06-30,0,0.0673,0.2627,0.0
LOAN000420,2024-06-30,0,0.2963,0.5999,0.0
LOAN000773,2024-06-30,0,0.0329,0.7772,0.0
LOAN000278,2024-06-30,0,0.1072,0.204,60.0
LOAN000596,2024-06-30,0,0.0121,0.5016,30.0
LOAN000693,2024-06-30,0,0.0199,0.3579,0.0
LOAN000021,2024-06-30,0,0.1578,0.7913,0.0
LOAN000664,2024-06-30,30,0.0556,0.7429,0.0
LOAN000532,2024-06-30,0,0.1744,0.7473,0.0
LOAN000620,2024-06-30,0,0.1993,0.8313,30.0
LOAN000671,2024-06-30,0,0.2668,0.3792,0.0
LOAN000125,2024-06-30,60,0.1573,0.6454,0.0
LOAN000173,2024-06-30,0,0.1329,0.5224,30.0
LOAN000279,2024-06-30,60,0.2372,0.233,0.0
LOAN000298,2024-06-30,0,0.2649,0.2193,0.0
LOAN000174,2024-06-30,0,0.2231,0.8106,0.0
LOAN000163,2024-06-30,0,0.1203,0.273,0.0
LOAN000128,2024-06-30,0,0.1534,0.7536,60.0
LOAN000258,2024-06-30,0,0.2265,0.4235,0.0
LOAN000036,2024-06-30,0,0.2031,0.2954,90.0
LOAN000508,2024-06-30,0,0.0975,0.3571,0.0
LOAN000327,2024-06-30,30,0.0662,0.6673,30.0
LOAN000269,2024-06-30,0,0.2898,0.5764,60.0
LOAN000672,2024-06-30,30,0.0626,0.2044,0.0
LOAN000940,2024-06-30,0,0.0972,0.5251,0.0
LOAN000426,2024-06-30,30,0.0324,0.5915,0.0
LOAN000748,2024-06-30,60,0.0958,0.4994,30.0
LOAN000165,2024-06-30,0,0.0274,0.6289,0.0
LOAN000393,2024-06-30,0,0.0631,0.4865,0.0
LOAN000604,2024-06-30,0,0.247,0.7745,0.0
LOAN000181,2024-06-30,60,0.0956,0.6719,30.0
LOAN000854,2024-06-30,30,0.1535,0.2317,0.0
LOAN000989,2024-06-30,0,0.0793,0.4987,30.0
LOAN000036,2024-06-30,0,0.015,0.6392,0.0
LOAN000514,2024-06-30,0,0.2367,0.5378,0.0
LOAN000007,2024-06-30,0,0.0616,0.8616,0.0
LOAN000873,2024-06-30,30,0.0811,0.8027,0.0
LOAN000156,2024-06-30,0,0.2366,0.2418,0.0
LOAN000349,2024-06-30,0,0.2498,0.7016,0.0
LOAN000455,2024-06-30,0,0.0896,0.7646,30.0
LOAN000982,2024-06-30,0,0.2527,0.4766,0.0
LOAN000589,2024-06-30,60,0.1176,0.5069,0.0
LOAN000866,2024-06-30,0,0.2597,0.7063,30.0
LOAN000569,2024-06-30,60,0.0676,0.5127,90.0
LOAN000354,2024-06-30,0,0.0528,0.4616,0.0
LOAN000528,2024-06-30,60,0.0697,0.6507,0.0
LOAN000704,2024-06-30,0,0.1626,0.2799,0.0
LOAN000469,2024-06-30,0,0.1945,0.4245,0.0
LOAN000557,2024-06-30,0,0.2129,0.4942,30.0
LOAN000398,2024-06-30,0,0.0601,0.7915,30.0
LOAN000160,2024-06-30,0,0.1967,0.484,0.0
LOAN000792,2024-06-30,90,0.1844,0.8364,0.0
LOAN000054,2024-06-30,0,0.1177,0.6568,0.0
LOAN000727,2024-06-30,0,0.2549,0.6218,30.0
LOAN000472,2024-06-30,0,0.0273,0.636,0.0
LOAN000822,2024-06-30,0,0.2002,0.2676,60.0
LOAN000755,2024-06-30,30,0.2641,0.8373,30.0
LOAN000819,2024-06-30,0,0.0275,0.3391,0.0
LOAN000955,2024-06-30,0,0.2982,0.3151,0.0
LOAN000295,2024-06-30,30,0.1546,0.8722,60.0
LOAN000485,2024-06-30,90,0.1395,0.4271,60.0
LOAN000542,2024-06-30,0,0.0708,0.4194,0.0
LOAN000783,2024-06-30,30,0.1926,0.741,0.0
LOAN000649,2024-06-30,60,0.2445,0.6266,0.0
LOAN000440,2024-06-30,0,0.0501,0.6011,90.0
LOAN000784,2024-06-30,90,0.2586,0.7815,60.0
LOAN000488,2024-06-30,0,0.2859,0.336,60.0
LOAN000742,2024-06-30,0,0.0171,0.2086,0.0
LOAN000061,2024-06-30,30,0.1533,0.3337,30.0
LOAN000438,2024-06-30,30,0.216,0.4091,0.0
LOAN000680,2024-06-30,0,0.1091,0.3889,0.0
LOAN000114,2024-06-30,0,0.2262,0.7988,90.0
LOAN000598,2024-06-30,0,0.0548,0.4387,0.0
LOAN000510,2024-06-30,0,0.2113,0.4916,0.0
LOAN000593,2024-06-30,30,0.0311,0.6807,60.0
LOAN000066,2024-06-30,0,0.0558,0.6107,0.0
LOAN000861,2024-06-30,30,0.1312,0.4906,0.0
LOAN000696,2024-06-30,90,0.0449,0.2783,0.0
LOAN000431,2024-06-30,0,0.0993,0.2693,60.0
LOAN000839,2024-06-30,30,0.2803,0.8873,0.0
LOAN000322,2024-06-30,60,0.2518,0.8045,0.0
LOAN000772,2024-06-30,30,0.2511,0.5071,30.0
LOAN000242,2024-06-30,0,0.2418,0.5104,0.0
LOAN000222,2024-06-30,0,0.1856,0.29,90.0
LOAN000963,2024-06-30,0,0.2268,0.5046,30.0
LOAN000682,2024-06-30,30,0.119,0.8546,0.0
LOAN000895,2024-06-30,0,0.0357,0.4507,0.0
LOAN000984,2024-06-30,0,0.0991,0.4535,0.0
LOAN000679,2024-06-30,30,0.0836,0.2486,60.0
LOAN000559,2024-06-30,90,0.1422,0.3722,60.0
LOAN000924,2024-06-30,30,0.0158,0.4886,90.0
LOAN000923,2024-06-30,0,0.2375,0.7732,30.0
LOAN000908,2024-06-30,0,0.2892,0.8548,0.0
LOAN000203,2024-06-30,0,0.1151,0.7767,0.0
LOAN000852,2024-06-30,0,0.0504,0.3742,30.0
LOAN000208,2024-06-30,60,0.2251,0.4727,90.0
LOAN000331,2024-06-30,90,0.1998,0.8533,30.0
LOAN000775,2024-06-30,60,0.1912,0.3809,60.0
LOAN000856,2024-06-30,0,0.0649,0.2145,0.0
LOAN000825,2024-06-30,0,0.279,0.5931,0.0
LOAN000645,2024-06-30,0,0.1209,0.7711,30.0
LOAN000058,2024-06-30,0,0.2289,0.6958,0.0
LOAN000241,2024-06-30,0,0.0653,0.4056,30.0
LOAN000028,2024-06-30,30,0.077,0.4353,30.0
LOAN000655,2024-06-30,0,0.2788,0.3729,90.0
LOAN000804,2024-06-30,0,0.1769,0.7573,0.0
LOAN000329,2024-06-30,0,0.2388,0.3987,60.0
LOAN000090,2024-06-30,0,0.0933,0.3466,30.0
LOAN000878,2024-06-30,60,0.2804,0.8707,0.0
LOAN000778,2024-06-30,0,0.0229,0.7739,0.0
LOAN000872,2024-06-30,30,0.1899,0.2453,0.0
LOAN000565,2024-06-30,0,0.297,0.7942,0.0
LOAN000548,2024-06-30,0,0.1084,0.3033,0.0
LOAN000604,2024-06-30,0,0.0868,0.5723,0.0
LOAN000742,2024-06-30,0,0.2447,0.2309,0.0
LOAN000799,2024-06-30,0,0.0389,0.7263,30.0
LOAN000328,2024-06-30,30,0.0345,0.8083,0.0
LOAN000754,2024-06-30,0,0.0839,0.6509,0.0
LOAN000396,2024-06-30,0,0.097,0.7802,0.0
LOAN000700,2024-06-30,0,0.1797,0.7678,0.0
LOAN000666,2024-06-30,0,0.2375,0.8766,60.0
LOAN000016,2024-06-30,0,0.2964,0.8571,0.0
LOAN000890,2024-06-30,60,0.1062,0.6487,0.0
LOAN000839,2024-06-30,0,0.2358,0.2417,30.0
LOAN000302,2024-06-30,0,0.2159,0.4384,0.0
LOAN000621,2024-06-30,0,0.1189,0.8116,0.0
LOAN000502,2024-06-30,30,0.2497,0.5221,60.0
LOAN000541,2024-06-30,60,0.0244,0.5665,60.0
LOAN000727,2024-06-30,0,0.0871,0.6079,0.0
LOAN000938,2024-06-30,0,0.1805,0.4691,60.0
LOAN000079,2024-06-30,0,0.2896,0.6703,0.0
LOAN000674,2024-06-30,0,0.1308,0.7393,90.0
LOAN000009,2024-06-30,0,0.0232,0.7484,0.0
LOAN000236,2024-06-30,0,0.1216,0.7388,0.0
LOAN000967,2024-06-30,0,0.0382,0.3491,0.0
LOAN000123,2024-06-30,0,0.0819,0.346,0.0
LOAN000002,2024-06-30,0,0.1468,0.8456,30.0
LOAN000795,2024-06-30,0,0.0464,0.3487,30.0
LOAN000311,2024-06-30,30,0.1377,0.7981,0.0
LOAN000649,2024-06-30,0,0.0854,0.4354,60.0
LOAN000777,2024-06-30,90,0.1333,0.3027,90.0
LOAN000070,2024-06-30,0,0.2037,0.7476,0.0
LOAN000978,2024-06-30,0,0.042,0.6338,30.0
LOAN000880,2024-06-30,0,0.2432,0.5544,0.0
LOAN000874,2024-06-30,60,0.2877,0.65,60.0
LOAN000692,2024-06-30,0,0.2176,0.4884,0.0
LOAN000414,2024-06-30,0,0.0116,0.8063,0.0
LOAN000848,2024-06-30,0,0.2223,0.3544,0.0
LOAN000329,2024-06-30,0,0.2665,0.4954,0.0
LOAN000278,2024-06-30,60,0.1739,0.3513,0.0
LOAN000931,2024-06-30,0,0.2005,0.7449,0.0
LOAN000467,2024-06-30,0,0.1359,0.8744,0.0
LOAN000834,2024-06-30,30,0.1753,0.3082,0.0
LOAN000631,2024-06-30,0,0.1433,0.8844,60.0
LOAN000527,2024-06-30,30,0.1043,0.7138,60.0
LOAN000384,2024-06-30,0,0.1634,0.7701,30.0
LOAN000158,2024-06-30,60,0.0505,0.6685,90.0
LOAN000039,2024-06-30,0,0.2361,0.8646,0.0
LOAN000455,2024-06-30,0,0.1145,0.5863,0.0
LOAN000670,2024-06-30,0,0.2392,0.559,0.0
LOAN000273,2024-06-30,0,0.0466,0.2339,60.0
LOAN000349,2024-06-30,60,0.2735,0.3992,0.0
LOAN000984,2024-06-30,0,0.2774,0.2957,0.0
LOAN000189,2024-06-30,0,0.2098,0.274,0.0
LOAN000199,2024-06-30,0,0.2322,0.7653,0.0
LOAN000514,2024-06-30,60,0.1255,0.2454,0.0
LOAN000808,2024-06-30,30,0.0712,0.6223,0.0
LOAN000194,2024-06-30,0,0.182,0.5444,0.0
LOAN000024,2024-06-30,0,0.0437,0.763,0.0
LOAN000221,2024-06-30,0,0.0736,0.2846,0.0
LOAN000439,2024-06-30,60,0.1841,0.856,90.0
LOAN000278,2024-06-30,30,0.2081,0.8838,60.0
LOAN000423,2024-06-30,60,0.0207,0.6874,0.0
LOAN000312,2024-06-30,30,0.0904,0.2631,0.0
LOAN000460,2024-06-30,0,0.1003,0.6967,0.0
LOAN000343,2024-06-30,0,0.049,0.5616,30.0
LOAN000581,2024-06-30,0,0.1279,0.3105,0.0
LOAN000139,2024-06-30,0,0.0494,0.7766,0.0
LOAN000406,2024-06-30,0,0.1182,0.4614,0.0
LOAN000584,2024-06-30,0,0.044,0.7283,0.0
LOAN000005,2024-06-30,0,0.1216,0.4598,0.0
LOAN000421,2024-06-30,30,0.2506,0.5073,0.0
LOAN000515,2024-06-30,0,0.0547,0.4652,0.0
LOAN000596,2024-06-30,0,0.0379,0.346,0.0
LOAN000601,2024-06-30,30,0.0141,0.8069,0.0
LOAN000606,2024-06-30,90,0.2133,0.3272,30.0
LOAN000890,2024-06-30,0,0.1791,0.8807,60.0
LOAN000092,2024-06-30,0,0.2557,0.7448,0.0
LOAN000386,2024-06-30,0,0.0141,0.3927,30.0
LOAN000951,2024-06-30,90,0.1645,0.6638,0.0
LOAN000001,2024-06-30,0,0.14,0.5135,30.0
LOAN000259,2024-06-30,0,0.2765,0.3162,0.0
LOAN000705,2024-06-30,0,0.1477,0.5879,0.0
LOAN000616,2024-06-30,0,0.0537,0.3166,0.0
LOAN000829,2024-06-30,0,0.0982,0.3429,0.0
LOAN000977,2024-06-30,0,0.2633,0.8531,30.0
LOAN000106,2024-06-30,60,0.2713,0.4636,0.0
LOAN000828,2024-06-30,60,0.1531,0.6446,0.0
LOAN000187,2024-06-30,0,0.0726,0.6007,0.0
LOAN000409,2024-06-30,90,0.0169,0.3862,30.0
LOAN000874,2024-06-30,60,0.2237,0.7819,60.0
LOAN000939,2024-06-30,30,0.0438,0.4704,0.0
LOAN000282,2024-06-30,0,0.2753,0.8501,0.0
LOAN000139,2024-06-30,30,0.0248,0.2525,0.0
LOAN000411,2024-06-30,0,0.0293,0.4731,0.0
LOAN000312,2024-06-30,30,0.0456,0.3347,30.0
LOAN000837,2024-06-30,0,0.263,0.8537,90.0
LOAN000685,2024-06-30,30,0.1713,0.4277,0.0
LOAN000264,2024-06-30,0,0.1143,0.4004,0.0
LOAN000656,2024-06-30,0,0.0366,0.8987,0.0
LOAN000439,2024-06-30,0,0.2637,0.6944,60.0
LOAN000008,2024-06-30,30,0.0787,0.6717,0.0
LOAN000038,2024-06-30,0,0.1759,0.2491,60.0
LOAN000986,2024-06-30,0,0.1623,0.8454,0.0
LOAN000021,2024-06-30,0,0.0881,0.8945,0.0
LOAN000490,2024-06-30,30,0.2976,0.6408,0.0
LOAN000047,2024-06-30,30,0.2119,0.3092,0.0
LOAN000965,2024-06-30,0,0.0428,0.6458,0.0
LOAN000638,2024-06-30,30,0.0907,0.2617,90.0
LOAN000380,2024-06-30,0,0.0727,0.7779,0.0
LOAN000909,2024-06-30,30,0.1964,0.79,90.0
LOAN000092,2024-06-30,0,0.2751,0.5698,0.0
LOAN000754,2024-06-30,60,0.117,0.2317,0.0
LOAN000972,2024-06-30,60,0.1483,0.3205,30.0
LOAN000517,2024-06-30,0,0.1009,0.2896,90.0
LOAN000530,2024-06-30,0,0.0901,0.358,0.0
LOAN000639,2024-06-30,30,0.0116,0.6775,30.0
LOAN000055,2024-06-30,0,0.0836,0.2368,0.0
LOAN000558,2024-06-30,0,0.2359,0.6241,0.0
LOAN000585,2024-06-30,0,0.266,0.822,0.0
LOAN000737,2024-06-30,90,0.0181,0.5359,0.0
LOAN000487,2024-06-30,0,0.2557,0.8885,30.0
LOAN000718,2024-06-30,0,0.1174,0.4138,60.0
LOAN000136,2024-06-30,0,0.2894,0.2993,0.0
LOAN000946,2024-06-30,0,0.0193,0.6808,90.0
LOAN000010,2024-06-30,0,0.2511,0.4787,0.0
LOAN000236,2024-06-30,0,0.1509,0.2205,0.0
LOAN000423,2024-06-30,0,0.2047,0.2129,60.0
LOAN000647,2024-06-30,0,0.141,0.5744,30.0
LOAN000815,2024-06-30,0,0.0647,0.8542,0.0
LOAN000482,2024-06-30,0,0.2672,0.2814,0.0
LOAN000010,2024-06-30,90,0.0272,0.6798,0.0
LOAN000426,2024-06-30,0,0.0348,0.6113,30.0
LOAN000889,2024-06-30,60,0.073,0.7172,0.0
LOAN000420,2024-06-30,0,0.1579,0.276,0.0
LOAN000281,2024-06-30,0,0.218,0.8021,0.0
LOAN000998,2024-06-30,0,0.0978,0.8536,0.0
LOAN000773,2024-06-30,0,0.0354,0.6399,0.0
LOAN000508,2024-06-30,0,0.124,0.8546,0.0
LOAN000065,2024-06-30,30,0.2323,0.6249,60.0
LOAN000955,2024-06-30,0,0.2243,0.6667,0.0
LOAN000387,2024-06-30,30,0.1896,0.6687,30.0
LOAN000695,2024-06-30,0,0.1148,0.5364,0.0
LOAN000246,2024-06-30,30,0.0215,0.3353,0.0
LOAN000977,2024-06-30,0,0.0644,0.6305,0.0
LOAN000843,2024-06-30,30,0.0918,0.8717,0.0
LOAN000631,2024-06-30,0,0.1476,0.5254,0.0
LOAN000082,2024-06-30,0,0.1956,0.4084,0.0
LOAN000162,2024-06-30,60,0.1355,0.8382,0.0
LOAN000227,2024-06-30,60,0.2141,0.4142,30.0
LOAN000188,2024-06-30,30,0.2004,0.628,0.0
LOAN000473,2024-06-30,0,0.2689,0.3272,90.0
LOAN000831,2024-06-30,0,0.1024,0.6335,0.0
LOAN000697,2024-06-30,60,0.023,0.6938,30.0
LOAN000956,2024-06-30,0,0.2526,0.4197,30.0
LOAN000764,2024-06-30,90,0.289,0.6057,0.0
LOAN000659,2024-06-30,60,0.1859,0.3342,0.0
LOAN000765,2024-06-30,60,0.2266,0.8557,0.0
LOAN000638,2024-06-30,60,0.198,0.4983,30.0
LOAN000624,2024-06-30,0,0.2016,0.629,0.0
LOAN000835,2024-06-30,90,0.2446,0.4925,60.0
LOAN000615,2024-06-30,0,0.1942,0.8164,0.0
LOAN000074,2024-06-30,0,0.2167,0.2296,90.0
LOAN000322,2024-06-30,30,0.1258,0.8878,60.0
LOAN000558,2024-06-30,0,0.261,0.6307,0.0
LOAN000268,2024-06-30,90,0.2086,0.661,0.0
LOAN000728,2024-06-30,0,0.1599,0.7321,30.0
LOAN000832,2024-06-30,0,0.2862,0.6029,0.0
LOAN000205,2024-06-30,30,0.251,0.6694,0.0
LOAN000918,2024-06-30,0,0.2748,0.6809,0.0
LOAN000948,2024-06-30,30,0.2079,0.8075,0.0
LOAN000130,2024-06-30,0,0.289,0.4315,0.0
LOAN000591,2024-06-30,0,0.0349,0.5136,0.0
LOAN000889,2024-06-30,60,0.2163,0.7455,60.0
LOAN000990,2024-06-30,0,0.0395,0.4998,0.0
LOAN000998,2024-06-30,30,0.2663,0.2841,0.0
LOAN000813,2024-06-30,30,0.0713,0.4683,0.0
LOAN000211,2024-06-30,30,0.0546,0.705,0.0
LOAN000184,2024-06-30,0,0.273,0.5039,30.0
LOAN000018,2024-06-30,0,0.1895,0.5193,0.0
LOAN000273,2024-06-30,0,0.0588,0.8401,0.0
LOAN000025,2024-06-30,30,0.1464,0.4348,30.0
LOAN000031,2024-06-30,0,0.1579,0.5989,0.0
LOAN000596,2024-06-30,0,0.2004,0.4978,0.0
LOAN000099,2024-06-30,60,0.1495,0.7746,0.0
LOAN000295,2024-06-30,0,0.2097,0.6734,30.0
LOAN000340,2024-06-30,0,0.2796,0.8867,0.0
LOAN000027,2024-06-30,0,0.0785,0.4112,30.0
LOAN000654,2024-06-30,0,0.0614,0.8196,0.0
LOAN000709,2024-06-30,0,0.106,0.7006,60.0
LOAN000231,2024-06-30,0,0.0596,0.7982,60.0
LOAN000117,2024-06-30,0,0.211,0.2186,0.0
LOAN000773,2024-06-30,0,0.1008,0.2144,0.0
LOAN000506,2024-06-30,0,0.146,0.2729,0.0
LOAN000407,2024-07-31,0,0.2286,0.3584,0.0
LOAN000146,2024-07-31,0,0.2105,0.5515,0.0
LOAN000415,2024-07-31,30,0.2944,0.6397,60.0
LOAN000904,2024-07-31,0,0.2808,0.2893,0.0
LOAN000991,2024-07-31,0,0.0967,0.238,0.0
LOAN000574,2024-07-31,0,0.0799,0.3389,0.0
LOAN000597,2024-07-31,0,0.1202,0.8078,0.0
LOAN000814,2024-07-31,30,0.1489,0.7475,0.0
LOAN000573,2024-07-31,30,0.2065,0.4121,0.0
LOAN000734,2024-07-31,30,0.2263,0.5783,60.0
LOAN000179,2024-07-31,30,0.0929,0.3466,30.0
LOAN000707,2024-07-31,0,0.1091,0.8233,0.0
LOAN000853,2024-07-31,0,0.21,0.2468,0.0
LOAN000906,2024-07-31,0,0.1513,0.5708,0.0
LOAN000212,2024-07-31,90,0.0992,0.472,0.0
LOAN000860,2024-07-31,0,0.1809,0.6285,0.0
LOAN000478,2024-07-31,0,0.0855,0.8288,30.0
LOAN000669,2024-07-31,0,0.125,0.8997,0.0
LOAN000283,2024-07-31,0,0.0313,0.7886,90.0
LOAN000874,2024-07-31,0,0.0575,0.6995,60.0
LOAN000406,2024-07-31,30,0.0251,0.629,0.0
LOAN000293,2024-07-31,0,0.1345,0.8917,0.0
LOAN000394,2024-07-31,30,0.1408,0.7372,0.0
LOAN000073,2024-07-31,0,0.0207,0.7169,0.0
LOAN000107,2024-07-31,90,0.2689,0.764,0.0
LOAN000574,2024-07-31,0,0.2508,0.8468,0.0
LOAN000152,2024-07-31,0,0.265,0.7564,60.0
LOAN000538,2024-07-31,60,0.1597,0.3329,0.0
LOAN000325,2024-07-31,30,0.1392,0.8046,0.0
LOAN000526,2024-07-31,0,0.0388,0.2553,0.0
LOAN000295,2024-07-31,30,0.1145,0.7731,0.0
LOAN000929,2024-07-31,0,0.1554,0.2891,0.0
LOAN000265,2024-07-31,0,0.1548,0.6135,0.0
LOAN000263,2024-07-31,0,0.026,0.4235,0.0
LOAN000977,2024-07-31,0,0.1172,0.5346,0.0
LOAN000527,2024-07-31,0,0.1934,0.5329,30.0
LOAN000553,2024-07-31,60,0.2879,0.8613,0.0
LOAN000580,2024-07-31,0,0.0972,0.6899,0.0
LOAN000456,2024-07-31,0,0.0832,0.2962,0.0
LOAN000725,2024-07-31,30,0.042,0.4416,0.0
LOAN000153,2024-07-31,0,0.1035,0.6848,0.0
LOAN000456,2024-07-31,0,0.2286,0.4147,0.0
LOAN000140,2024-07-31,0,0.196,0.261,0.0
LOAN000697,2024-07-31,0,0.1662,0.6492,60.0
LOAN000324,2024-07-31,0,0.0925,0.3481,0.0
LOAN000300,2024-07-31,0,0.1266,0.4481,0.0
LOAN000481,2024-07-31,0,0.0677,0.3995,60.0
LOAN000444,2024-07-31,0,0.0843,0.5851,30.0
LOAN000122,2024-07-31,0,0.1572,0.558,0.0
LOAN000475,2024-07-31,90,0.073,0.2609,60.0
LOAN000757,2024-07-31,0,0.2272,0.4877,0.0
LOAN000628,2024-07-31,0,0.2078,0.4828,60.0
LOAN000396,2024-07-31,0,0.1925,0.841,0.0
LOAN000853,2024-07-31,0,0.2028,0.2031,0.0
LOAN000717,2024-07-31,0,0.1812,0.7786,0.0
LOAN000913,2024-07-31,0,0.2239,0.893,0.0
LOAN000312,2024-07-31,0,0.1947,0.7493,30.0
LOAN000926,2024-07-31,0,0.1529,0.2153,0.0
LOAN000726,2024-07-31,30,0.0463,0.5199,90.0
LOAN000566,2024-07-31,0,0.2718,0.4391,60.0
LOAN000952,2024-07-31,0,0.2529,0.7259,0.0
LOAN000228,2024-07-31,0,0.0981,0.5121,0.0
LOAN000769,2024-07-31,60,0.1594,0.2528,0.0
LOAN000189,2024-07-31,0,0.1411,0.2079,0.0
LOAN000035,2024-07-31,30,0.0731,0.8654,0.0
LOAN000623,2024-07-31,0,0.2483,0.2466,60.0
LOAN000466,2024-07-31,0,0.1328,0.2974,0.0
LOAN000728,2024-07-31,0,0.1137,0.5939,0.0
LOAN000394,2024-07-31,0,0.1882,0.3625,30.0
LOAN000572,2024-07-31,0,0.2095,0.3499,0.0
LOAN000849,2024-07-31,0,0.0529,0.8211,0.0
LOAN000723,2024-07-31,0,0.0255,0.3416,0.0
LOAN000226,2024-07-31,30,0.161,0.802,60.0
LOAN000631,2024-07-31,0,0.1467,0.8762,0.0
LOAN000342,2024-07-31,0,0.1223,0.8592,0.0
LOAN000976,2024-07-31,30,0.1031,0.5591,0.0
LOAN000722,2024-07-31,0,0.2203,0.5239,0.0
LOAN000009,2024-07-31,0,0.0299,0.7964,0.0
LOAN000289,2024-07-31,30,0.2644,0.6162,0.0
LOAN000639,2024-07-31,0,0.2224,0.4799,30.0
LOAN000387,2024-07-31,0,0.2556,0.8479,30.0
LOAN000033,2024-07-31,0,0.0168,0.3073,90.0
LOAN000480,2024-07-31,0,0.1615,0.6372,60.0
LOAN000427,2024-07-31,0,0.1483,0.6146,30.0
LOAN000513,2024-07-31,0,0.182,0.8656,0.0
LOAN000235,2024-07-31,0,0.094,0.2335,0.0
LOAN000404,2024-07-31,0,0.0512,0.3525,0.0
LOAN000628,2024-07-31,0,0.2801,0.8814,0.0
LOAN000004,2024-07-31,60,0.0824,0.5984,0.0
LOAN000594,2024-07-31,0,0.08,0.5221,0.0
LOAN000923,2024-07-31,0,0.2108,0.5795,0.0
LOAN000568,2024-07-31,0,0.0171,0.4125,30.0
LOAN000505,2024-07-31,0,0.287,0.4916,0.0
LOAN000125,2024-07-31,60,0.1401,0.7731,60.0
LOAN000439,2024-07-31,0,0.289,0.4645,0.0
LOAN000763,2024-07-31,0,0.1726,0.2276,0.0
LOAN000113,2024-07-31,0,0.2321,0.3912,0.0
LOAN000475,2024-07-31,0,0.0337,0.6025,90.0
LOAN000130,2024-07-31,0,0.0577,0.6002,0.0
LOAN000857,2024-07-31,0,0.2812,0.507,0.0
LOAN000478,2024-07-31,60,0.2327,0.5211,0.0
LOAN000625,2024-07-31,0,0.2391,0.5319,0.0
LOAN000664,2024-07-31,0,0.2916,0.2736,30.0
LOAN000713,2024-07-31,0,0.1142,0.3388,0.0
LOAN000232,2024-07-31,0,0.0736,0.4824,0.0
LOAN000884,2024-07-31,0,0.1132,0.788,30.0
LOAN000403,2024-07-31,0,0.2982,0.3307,0.0
LOAN000252,2024-07-31,0,0.2671,0.4165,60.0
LOAN000137,2024-07-31,0,0.2088,0.3952,0.0
LOAN000878,2024-07-31,30,0.183,0.706,60.0
LOAN000876,2024-07-31,0,0.0214,0.248,0.0
LOAN000214,2024-07-31,60,0.279,0.3674,90.0
LOAN000176,2024-07-31,0,0.1833,0.4205,0.0
LOAN000775,2024-07-31,60,0.062,0.8997,60.0
LOAN000691,2024-07-31,30,0.08,0.6272,0.0
LOAN000450,2024-07-31,0,0.1674,0.8786,0.0
LOAN000737,2024-07-31,0,0.0939,0.8114,90.0
LOAN000105,2024-07-31,0,0.2722,0.6057,0.0
LOAN000982,2024-07-31,0,0.2399,0.4909,0.0
LOAN000286,2024-07-31,0,0.1527,0.5184,30.0
LOAN000364,2024-07-31,0,0.1326,0.6423,60.0
LOAN000947,2024-07-31,30,0.1591,0.5828,0.0
LOAN000320,2024-07-31,0,0.2333,0.8956,60.0
LOAN000381,2024-07-31,0,0.1513,0.2715,60.0
LOAN000095,2024-07-31,90,0.2857,0.4561,0.0
LOAN000365,2024-07-31,30,0.2644,0.845,0.0
LOAN000994,2024-07-31,90,0.1393,0.5262,0.0
LOAN000775,2024-07-31,90,0.1274,0.3688,60.0
LOAN000831,2024-07-31,0,0.1418,0.5815,0.0
LOAN000800,2024-07-31,0,0.1387,0.7593,0.0
LOAN000158,2024-07-31,0,0.2179,0.3029,60.0
LOAN000583,2024-07-31,30,0.1178,0.238,30.0
LOAN000991,2024-07-31,0,0.2518,0.2941,0.0
LOAN000022,2024-07-31,30,0.01,0.826,0.0
LOAN000908,2024-07-31,0,0.1044,0.2252,0.0
LOAN000079,2024-07-31,0,0.2388,0.6769,0.0
LOAN000181,2024-07-31,0,0.2654,0.3941,60.0
LOAN000914,2024-07-31,0,0.1153,0.7588,0.0
LOAN000626,2024-07-31,0,0.0682,0.2876,0.0
LOAN000654,2024-07-31,0,0.1981,0.5719,0.0
LOAN000569,2024-07-31,0,0.1465,0.3219,60.0
LOAN000367,2024-07-31,0,0.162,0.3977,60.0
LOAN000860,2024-07-31,0,0.077,0.8759,0.0
LOAN000084,2024-07-31,0,0.2113,0.3018,0.0
LOAN000063,2024-07-31,0,0.2617,0.3937,0.0
LOAN000381,2024-07-31,60,0.2048,0.7084,0.0
LOAN000925,2024-07-31,0,0.2264,0.5686,0.0
LOAN000438,2024-07-31,30,0.1056,0.3406,30.0
LOAN000416,2024-07-31,0,0.2256,0.5483,0.0
LOAN000117,2024-07-31,0,0.161,0.7551,0.0
LOAN000036,2024-07-31,0,0.0465,0.43,0.0
LOAN000854,2024-07-31,60,0.2576,0.7479,30.0
LOAN000640,2024-07-31,60,0.091,0.7274,30.0
LOAN000397,2024-07-31,60,0.2166,0.275,0.0
LOAN000624,2024-07-31,0,0.2639,0.636,0.0
LOAN000488,2024-07-31,0,0.2357,0.7411,0.0
LOAN000457,2024-07-31,60,0.2744,0.5883,30.0
LOAN000426,2024-07-31,30,0.1373,0.7538,0.0
LOAN000683,2024-07-31,60,0.0573,0.8037,0.0
LOAN000876,2024-07-31,0,0.2393,0.7269,0.0
LOAN000167,2024-07-31,0,0.194,0.2021,0.0
LOAN000635,2024-07-31,0,0.0648,0.3679,0.0
LOAN000161,2024-07-31,60,0.2862,0.4519,0.0
LOAN000919,2024-07-31,0,0.08,0.5852,30.0
LOAN000424,2024-07-31,90,0.0419,0.3607,0.0
LOAN000519,2024-07-31,30,0.107,0.5733,0.0
LOAN000375,2024-07-31,30,0.2476,0.4416,0.0
LOAN000940,2024-07-31,0,0.2628,0.84,0.0
LOAN000812,2024-07-31,0,0.233,0.5265,0.0
LOAN000527,2024-07-31,0,0.0746,0.7608,0.0
LOAN000146,2024-07-31,0,0.1691,0.3788,0.0
LOAN000769,2024-07-31,0,0.0464,0.3596,60.0
LOAN000358,2024-07-31,0,0.1815,0.5456,0.0
LOAN000573,2024-07-31,30,0.0356,0.4404,30.0
LOAN000366,2024-07-31,0,0.2692,0.7568,0.0
LOAN000519,2024-07-31,0,0.2987,0.3977,30.0
LOAN000428,2024-07-31,30,0.1012,0.5576,60.0
LOAN000416,2024-07-31,0,0.1767,0.7463,0.0
LOAN000687,2024-07-31,0,0.0774,0.3281,0.0
LOAN000468,2024-07-31,0,0.169,0.7718,0.0
LOAN000501,2024-07-31,0,0.1955,0.7796,0.0
LOAN000515,2024-07-31,0,0.2377,0.8778,0.0
LOAN000390,2024-07-31,30,0.2579,0.2189,0.0
LOAN000331,2024-07-31,0,0.261,0.4442,90.0
LOAN000815,2024-07-31,0,0.1331,0.3158,0.0
LOAN000006,2024-07-31,0,0.209,0.3181,60.0
LOAN000382,2024-07-31,0,0.0748,0.3618,60.0
LOAN000640,2024-07-31,0,0.2842,0.3654,60.0
LOAN000881,2024-07-31,0,0.1289,0.7293,30.0
LOAN000254,2024-07-31,0,0.2149,0.5918,0.0
LOAN000596,2024-07-31,30,0.1067,0.8826,0.0
LOAN000420,2024-07-31,0,0.0305,0.2048,0.0
LOAN000274,2024-07-31,0,0.2965,0.3252,0.0
LOAN000409,2024-07-31,0,0.19,0.7707,90.0
LOAN000508,2024-07-31,0,0.0411,0.7513,0.0
LOAN000695,2024-07-31,0,0.0352,0.6165,0.0
LOAN000078,2024-07-31,30,0.0552,0.478,0.0
LOAN000364,2024-07-31,60,0.148,0.236,0.0
LOAN000407,2024-07-31,0,0.2242,0.554,0.0
LOAN000530,2024-07-31,0,0.0975,0.3176,0.0
LOAN000421,2024-07-31,0,0.113,0.2655,30.0
LOAN000853,2024-07-31,60,0.0802,0.2629,0.0
LOAN000051,2024-07-31,0,0.2805,0.6006,0.0
LOAN000008,2024-07-31,0,0.2994,0.6007,30.0
LOAN000740,2024-07-31,0,0.2321,0.7619,0.0
LOAN000887,2024-07-31,0,0.0928,0.4828,0.0
LOAN000470,2024-07-31,0,0.1473,0.5326,0.0
LOAN000179,2024-07-31,60,0.2228,0.8675,30.0
LOAN000974,2024-07-31,0,0.2829,0.7574,0.0
LOAN000023,2024-07-31,60,0.2328,0.7372,0.0
LOAN000725,2024-07-31,60,0.0717,0.5506,30.0
LOAN000934,2024-07-31,0,0.1527,0.5428,30.0
LOAN000159,2024-07-31,0,0.1633,0.6747,0.0
LOAN000436,2024-07-31,60,0.2712,0.7288,0.0
LOAN000828,2024-07-31,60,0.1696,0.3124,60.0
LOAN000217,2024-07-31,30,0.2233,0.3522,0.0
LOAN000448,2024-07-31,0,0.1102,0.4596,30.0
LOAN000935,2024-07-31,30,0.1268,0.2034,0.0
LOAN000636,2024-07-31,0,0.1997,0.407,0.0
LOAN000190,2024-07-31,0,0.0691,0.6643,0.0
LOAN000188,2024-07-31,0,0.2854,0.3993,30.0
LOAN000614,2024-07-31,30,0.1758,0.898,30.0
LOAN000731,2024-07-31,0,0.2586,0.3688,0.0
LOAN000880,2024-07-31,0,0.1092,0.8748,0.0
LOAN000901,2024-07-31,60,0.2655,0.6136,0.0
LOAN000266,2024-07-31,0,0.1927,0.3356,0.0
LOAN000574,2024-07-31,0,0.2996,0.6354,0.0
LOAN000444,2024-07-31,0,0.0311,0.2525,0.0
LOAN000855,2024-07-31,0,0.2092,0.5978,30.0
LOAN000835,2024-07-31,0,0.051,0.8078,90.0
LOAN000308,2024-07-31,30,0.2475,0.2474,0.0
LOAN000824,2024-07-31,0,0.1794,0.4569,0.0
LOAN000674,2024-07-31,0,0.2501,0.668,0.0
LOAN000306,2024-07-31,0,0.1801,0.3153,0.0
LOAN000524,2024-07-31,30,0.0682,0.8408,30.0
LOAN000951,2024-07-31,0,0.2152,0.7483,90.0
LOAN000748,2024-07-31,0,0.0556,0.473,60.0
LOAN000915,2024-07-31,0,0.0646,0.6889,30.0
LOAN000968,2024-07-31,30,0.2272,0.5259,0.0
LOAN000441,2024-07-31,0,0.1799,0.6305,0.0
LOAN000667,2024-07-31,0,0.2326,0.5139,0.0
LOAN000576,2024-07-31,0,0.2147,0.2305,30.0
LOAN000583,2024-07-31,0,0.1816,0.2787,30.0
LOAN000888,2024-07-31,30,0.1556,0.3018,0.0
LOAN000048,2024-07-31,30,0.1317,0.6774,0.0
LOAN000259,2024-07-31,90,0.2745,0.2811,0.0
LOAN000770,2024-07-31,0,0.165,0.4992,30.0
LOAN000122,2024-07-31,0,0.2663,0.2449,0.0
LOAN000621,2024-07-31,60,0.1623,0.6074,0.0
LOAN000366,2024-07-31,0,0.2478,0.8462,0.0
LOAN000389,2024-07-31,0,0.0503,0.3061,0.0
LOAN000094,2024-07-31,0,0.0258,0.8093,30.0
LOAN000803,2024-07-31,30,0.0711,0.216,0.0
LOAN000291,2024-07-31,0,0.012,0.2799,0.0
LOAN000279,2024-07-31,30,0.0803,0.8729,60.0
LOAN000111,2024-07-31,0,0.0773,0.7693,0.0
LOAN000434,2024-07-31,0,0.1049,0.2157,0.0
LOAN000038,2024-07-31,0,0.1986,0.7214,0.0
LOAN000365,2024-07-31,30,0.0195,0.4835,30.0
LOAN000880,2024-07-31,60,0.0841,0.6512,0.0
LOAN000812,2024-07-31,0,0.1629,0.4254,0.0
LOAN000774,2024-07-31,0,0.1669,0.8392,0.0
LOAN000289,2024-07-31,90,0.1803,0.3238,30.0
LOAN000366,2024-07-31,30,0.1332,0.8843,0.0
LOAN000728,2024-07-31,30,0.1493,0.406,0.0
LOAN000246,2024-07-31,0,0.0155,0.2915,30.0
LOAN000880,2024-07-31,0,0.1624,0.7037,60.0
LOAN000357,2024-07-31,0,0.0859,0.5302,0.0
LOAN000280,2024-07-31,0,0.1569,0.426,90.0
LOAN000922,2024-07-31,0,0.2395,0.3146,0.0
LOAN000583,2024-07-31,60,0.2815,0.5128,0.0
LOAN000875,2024-07-31,0,0.1898,0.5837,0.0
LOAN000254,2024-07-31,0,0.0179,0.6928,0.0
LOAN000790,2024-07-31,60,0.0288,0.2404,0.0
LOAN000200,2024-07-31,0,0.2492,0.5071,30.0
LOAN000702,2024-07-31,0,0.1197,0.8674,0.0
LOAN000813,2024-07-31,0,0.2187,0.8582,30.0
LOAN000718,2024-07-31,0,0.1125,0.5142,0.0
LOAN000137,2024-07-31,0,0.2588,0.2946,0.0
LOAN000242,2024-07-31,0,0.2108,0.7191,0.0
LOAN000940,2024-07-31,0,0.0863,0.6959,0.0
LOAN000113,2024-07-31,0,0.0257,0.8146,0.0
LOAN000972,2024-07-31,0,0.1295,0.2054,60.0
LOAN000981,2024-07-31,0,0.0374,0.5323,30.0
LOAN000546,2024-07-31,0,0.1884,0.5595,0.0
LOAN000934,2024-07-31,0,0.1778,0.7693,0.0
LOAN000677,2024-07-31,0,0.1584,0.7571,0.0
LOAN000102,2024-07-31,0,0.1998,0.7033,0.0
LOAN000260,2024-07-31,0,0.0335,0.7933,0.0
LOAN000911,2024-07-31,30,0.0521,0.5183,60.0
LOAN000692,2024-07-31,30,0.1534,0.7397,0.0
LOAN000062,2024-07-31,0,0.2825,0.4028,0.0
LOAN000929,2024-07-31,0,0.0118,0.3441,0.0
LOAN000784,2024-07-31,0,0.0107,0.7204,90.0
LOAN000970,2024-07-31,0,0.2643,0.6271,30.0
LOAN000292,2024-07-31,0,0.0101,0.504,0.0
LOAN000401,2024-07-31,0,0.0148,0.6589,60.0
LOAN000412,2024-07-31,0,0.0127,0.2977,60.0
LOAN000756,2024-07-31,0,0.1344,0.8221,0.0
LOAN000855,2024-07-31,0,0.113,0.4263,0.0
LOAN000740,2024-07-31,0,0.2238,0.3133,0.0
LOAN000438,2024-07-31,0,0.139,0.4199,30.0
LOAN000077,2024-07-31,0,0.2742,0.2075,0.0
LOAN000063,2024-07-31,60,0.1987,0.4963,0.0
LOAN000316,2024-07-31,60,0.1641,0.6369,0.0
LOAN000721,2024-07-31,30,0.2374,0.5644,0.0
LOAN000071,2024-07-31,0,0.1449,0.4611,0.0
LOAN000443,2024-07-31,0,0.1569,0.8052,30.0
LOAN000204,2024-07-31,0,0.1751,0.399,0.0
LOAN000564,2024-07-31,90,0.1418,0.3429,30.0
LOAN000225,2024-07-31,0,0.1081,0.7158,0.0
LOAN000498,2024-07-31,0,0.0619,0.3838,0.0
LOAN000244,2024-07-31,0,0.1244,0.372,0.0
LOAN000306,2024-07-31,0,0.1318,0.8131,0.0
LOAN000546,2024-07-31,60,0.088,0.213,0.0
LOAN000746,2024-07-31,0,0.1032,0.2833,60.0
LOAN000771,2024-07-31,0,0.0854,0.6269,30.0
LOAN000984,2024-07-31,60,0.2446,0.859,0.0
LOAN000570,2024-07-31,30,0.1723,0.8012,30.0
LOAN000197,2024-07-31,30,0.289,0.2418,0.0
LOAN000023,2024-07-31,30,0.2741,0.2495,60.0
LOAN000980,2024-07-31,0,0.1614,0.3674,60.0
LOAN000618,2024-07-31,0,0.1179,0.8463,0.0
LOAN000166,2024-07-31,0,0.2329,0.5401,60.0
LOAN000380,2024-07-31,60,0.2119,0.4245,0.0
LOAN000543,2024-07-31,60,0.094,0.4169,90.0
LOAN000723,2024-07-31,0,0.2002,0.314,0.0
LOAN000317,2024-07-31,0,0.2512,0.3409,0.0
LOAN000754,2024-07-31,0,0.1247,0.4703,60.0
LOAN000013,2024-07-31,30,0.2655,0.6554,0.0
LOAN000635,2024-07-31,0,0.2135,0.5175,0.0
LOAN000395,2024-07-31,30,0.0423,0.6474,0.0
LOAN000402,2024-07-31,90,0.1087,0.3019,0.0
LOAN000510,2024-07-31,0,0.1677,0.8606,0.0
LOAN000145,2024-07-31,0,0.2731,0.8528,0.0
LOAN000028,2024-07-31,0,0.2305,0.5185,30.0
LOAN000772,2024-07-31,0,0.1813,0.3267,30.0
LOAN000858,2024-07-31,90,0.0401,0.8767,0.0
LOAN000848,2024-07-31,0,0.0529,0.7629,0.0
LOAN000674,2024-07-31,0,0.0418,0.2069,0.0
LOAN000586,2024-07-31,0,0.1485,0.7389,30.0
LOAN000941,2024-07-31,0,0.0314,0.7915,0.0
LOAN000526,2024-07-31,0,0.1023,0.6343,0.0
LOAN000852,2024-07-31,0,0.0387,0.5856,0.0
LOAN000657,2024-07-31,0,0.1877,0.8999,0.0
LOAN000279,2024-07-31,90,0.2257,0.8355,30.0
LOAN000410,2024-07-31,0,0.0442,0.8011,0.0
LOAN000481,2024-07-31,0,0.086,0.2057,0.0
LOAN000546,2024-07-31,60,0.214,0.2181,60.0
LOAN000729,2024-07-31,0,0.2363,0.3855,0.0
LOAN000499,2024-07-31,0,0.2246,0.3137,30.0
LOAN000477,2024-07-31,0,0.0741,0.7795,0.0
LOAN000342,2024-07-31,0,0.2662,0.5923,0.0
LOAN000125,2024-07-31,0,0.1652,0.7138,60.0
LOAN000759,2024-07-31,30,0.2103,0.5666,0.0
LOAN000671,2024-07-31,0,0.2544,0.5971,0.0
LOAN000068,2024-07-31,0,0.2462,0.4252,30.0
LOAN000173,2024-07-31,0,0.0407,0.8457,0.0
LOAN000389,2024-07-31,30,0.1609,0.7947,0.0
LOAN000184,2024-07-31,30,0.0916,0.6459,0.0
LOAN000339,2024-07-31,30,0.1438,0.5342,0.0
LOAN000740,2024-07-31,0,0.0739,0.6575,0.0
LOAN000965,2024-07-31,0,0.0424,0.3343,0.0
LOAN000702,2024-07-31,30,0.2128,0.8353,0.0
LOAN000595,2024-07-31,0,0.0443,0.2483,60.0
LOAN000941,2024-07-31,0,0.2116,0.2891,0.0
LOAN000280,2024-07-31,0,0.1586,0.5492,0.0
LOAN000044,2024-07-31,0,0.0579,0.7232,0.0
LOAN000209,2024-07-31,0,0.0791,0.6171,0.0
LOAN000777,2024-07-31,0,0.2836,0.8351,90.0
LOAN000124,2024-07-31,0,0.174,0.3868,60.0
LOAN000126,2024-07-31,30,0.2497,0.7828,0.0
LOAN000336,2024-07-31,0,0.2308,0.4132,0.0
LOAN000886,2024-07-31,0,0.0309,0.4353,30.0
LOAN000599,2024-07-31,0,0.2651,0.5996,0.0
LOAN000486,2024-07-31,0,0.0418,0.486,0.0
LOAN000337,2024-07-31,30,0.1338,0.6584,0.0
LOAN000245,2024-07-31,30,0.1516,0.5619,0.0
LOAN000564,2024-07-31,90,0.1732,0.6241,90.0
LOAN000970,2024-07-31,30,0.2223,0.3434,0.0
LOAN000554,2024-07-31,90,0.1786,0.2218,90.0
LOAN000177,2024-07-31,0,0.235,0.3089,60.0
LOAN000655,2024-07-31,0,0.2017,0.8605,0.0
LOAN000383,2024-07-31,0,0.2735,0.7068,0.0
LOAN000415,2024-07-31,30,0.0195,0.3537,30.0
LOAN000296,2024-07-31,60,0.0985,0.6726,0.0
LOAN000041,2024-07-31,0,0.1001,0.7705,0.0
LOAN000659,2024-07-31,0,0.2035,0.2188,60.0
LOAN000103,2024-07-31,30,0.1401,0.862,30.0
LOAN000521,2024-07-31,30,0.2777,0.8142,30.0
LOAN000156,2024-07-31,60,0.1806,0.3681,0.0
LOAN000956,2024-07-31,0,0.2198,0.3692,0.0
LOAN000889,2024-07-31,90,0.189,0.6763,60.0
LOAN000604,2024-07-31,30,0.1167,0.2436,0.0
LOAN000772,2024-07-31,0,0.0675,0.4476,0.0
LOAN000420,2024-07-31,0,0.0681,0.7832,0.0
LOAN000516,2024-07-31,0,0.0192,0.8405,0.0
LOAN000438,2024-07-31,0,0.0209,0.2881,0.0
LOAN000037,2024-07-31,0,0.0217,0.3257,0.0
LOAN000858,2024-07-31,0,0.2794,0.6008,90.0
LOAN000711,2024-08-31,0,0.0827,0.2172,0.0
LOAN000192,2024-08-31,0,0.1745,0.7696,0.0
LOAN000536,2024-08-31,0,0.2384,0.415,30.0
LOAN000492,2024-08-31,0,0.1363,0.8898,90.0
LOAN000564,2024-08-31,30,0.2951,0.8987,90.0
LOAN000156,2024-08-31,90,0.2037,0.2377,60.0
LOAN000874,2024-08-31,90,0.0809,0.4031,0.0
LOAN000843,2024-08-31,90,0.0339,0.7511,30.0
LOAN000158,2024-08-31,0,0.1772,0.52,0.0
LOAN000377,2024-08-31,30,0.097,0.4124,0.0
LOAN000259,2024-08-31,30,0.2436,0.4191,90.0
LOAN000014,2024-08-31,60,0.1805,0.8971,90.0
LOAN000237,2024-08-31,30,0.0733,0.4112,0.0
LOAN000539,2024-08-31,0,0.2846,0.3553,30.0
LOAN000676,2024-08-31,0,0.2961,0.4539,0.0
LOAN000868,2024-08-31,0,0.0566,0.7282,0.0
LOAN000531,2024-08-31,0,0.0793,0.7281,60.0
LOAN000565,2024-08-31,0,0.2949,0.6279,0.0
LOAN000755,2024-08-31,90,0.0425,0.2504,30.0
LOAN000924,2024-08-31,30,0.0721,0.5587,30.0
LOAN000296,2024-08-31,90,0.2061,0.8889,60.0
LOAN000790,2024-08-31,0,0.228,0.6116,60.0
LOAN000908,2024-08-31,60,0.1155,0.4824,0.0
LOAN000994,2024-08-31,0,0.251,0.2745,90.0
LOAN000195,2024-08-31,30,0.045,0.3179,0.0
LOAN000662,2024-08-31,0,0.1836,0.3758,0.0
LOAN000657,2024-08-31,0,0.1731,0.436,0.0
LOAN000283,2024-08-31,0,0.2872,0.5604,0.0
LOAN000217,2024-08-31,0,0.28,0.5306,30.0
LOAN000597,2024-08-31,0,0.1186,0.3695,0.0
LOAN000955,2024-08-31,0,0.2188,0.8699,0.0
LOAN000204,2024-08-31,30,0.0634,0.8902,0.0
LOAN000631,2024-08-31,0,0.2959,0.2684,0.0
LOAN000018,2024-08-31,0,0.2828,0.6797,0.0
LOAN000651,2024-08-31,30,0.2462,0.2006,0.0
LOAN000804,2024-08-31,0,0.18,0.2083,0.0
LOAN000483,2024-08-31,0,0.02,0.8597,0.0
LOAN000328,2024-08-31,30,0.1339,0.2223,30.0
LOAN000788,2024-08-31,0,0.2547,0.5802,0.0
LOAN000256,2024-08-31,30,0.1897,0.8804,0.0
LOAN000883,2024-08-31,0,0.1626,0.8988,0.0
LOAN000951,2024-08-31,0,0.0306,0.3404,0.0
LOAN000842,2024-08-31,0,0.1173,0.6537,0.0
LOAN000302,2024-08-31,90,0.0437,0.7364,0.0
LOAN000124,2024-08-31,30,0.095,0.7924,0.0
LOAN000435,2024-08-31,0,0.1692,0.3124,0.0
LOAN000997,2024-08-31,0,0.0102,0.3853,30.0
LOAN000154,2024-08-31,0,0.1038,0.4409,0.0
LOAN000967,2024-08-31,0,0.1714,0.2011,0.0
LOAN000412,2024-08-31,0,0.1154,0.8801,0.0
LOAN000152,2024-08-31,0,0.2182,0.2201,0.0
LOAN000599,2024-08-31,0,0.1563,0.3682,0.0
LOAN000678,2024-08-31,60,0.2891,0.3503,0.0
LOAN000991,2024-08-31,0,0.0511,0.7648,0.0
LOAN000947,2024-08-31,0,0.2105,0.2618,30.0
LOAN000196,2024-08-31,0,0.1738,0.6719,0.0
LOAN000233,2024-08-31,0,0.212,0.6643,0.0
LOAN000682,2024-08-31,0,0.0496,0.3667,30.0
LOAN000552,2024-08-31,0,0.2315,0.6674,0.0
LOAN000364,2024-08-31,0,0.2389,0.2768,60.0
LOAN000552,2024-08-31,0,0.2477,0.5251,0.0
LOAN000623,2024-08-31,0,0.1396,0.7873,0.0
LOAN000620,2024-08-31,0,0.0899,0.2965,0.0
LOAN000596,2024-08-31,0,0.2775,0.6747,30.0
LOAN000432,2024-08-31,60,0.0833,0.7229,60.0
LOAN000329,2024-08-31,0,0.2698,0.3858,0.0
LOAN000213,2024-08-31,0,0.1677,0.8177,0.0
LOAN000150,2024-08-31,0,0.1624,0.5158,0.0
LOAN000636,2024-08-31,0,0.1655,0.6835,0.0
LOAN000463,2024-08-31,60,0.0123,0.8735,0.0
LOAN000114,2024-08-31,0,0.2782,0.7456,0.0
LOAN000217,2024-08-31,30,0.2662,0.7477,0.0
LOAN000407,2024-08-31,0,0.1565,0.8294,0.0
LOAN000582,2024-08-31,0,0.2053,0.7136,0.0
LOAN000391,2024-08-31,0,0.2733,0.302,30.0
LOAN000768,2024-08-31,0,0.0735,0.3122,0.0
LOAN000582,2024-08-31,0,0.167,0.6662,0.0
LOAN000901,2024-08-31,0,0.2841,0.709,60.0
LOAN000656,2024-08-31,0,0.2426,0.6117,0.0
LOAN000450,2024-08-31,0,0.2142,0.3069,0.0
LOAN000534,2024-08-31,0,0.1831,0.7486,0.0
LOAN000115,2024-08-31,0,0.0174,0.6001,0.0
LOAN000570,2024-08-31,0,0.0517,0.6695,30.0
LOAN000519,2024-08-31,60,0.0964,0.7109,0.0
LOAN000279,2024-08-31,0,0.2533,0.7578,90.0
LOAN000789,2024-08-31,30,0.0868,0.3048,90.0
LOAN000986,2024-08-31,30,0.1936,0.5298,0.0
LOAN000318,2024-08-31,0,0.1148,0.2717,0.0
LOAN000373,2024-08-31,0,0.0325,0.7941,60.0
LOAN000478,2024-08-31,0,0.0876,0.3575,60.0
LOAN000199,2024-08-31,0,0.1624,0.2907,0.0
LOAN000793,2024-08-31,30,0.136,0.4949,30.0
LOAN000150,2024-08-31,0,0.1722,0.2047,0.0
LOAN000637,2024-08-31,0,0.0184,0.623,0.0
LOAN000480,2024-08-31,0,0.2098,0.8602,0.0
LOAN000893,2024-08-31,30,0.235,0.3995,30.0
LOAN000435,2024-08-31,0,0.1274,0.3502,0.0
LOAN000837,2024-08-31,0,0.2721,0.2865,0.0
LOAN000240,2024-08-31,0,0.2033,0.547,0.0
LOAN000735,2024-08-31,0,0.193,0.4686,30.0
LOAN000925,2024-08-31,0,0.166,0.4115,0.0
LOAN000362,2024-08-31,0,0.0152,0.6611,0.0
LOAN000145,2024-08-31,0,0.2764,0.5157,0.0
LOAN000464,2024-08-31,0,0.1313,0.4871,60.0
LOAN000511,2024-08-31,0,0.0341,0.2736,90.0
LOAN000245,2024-08-31,0,0.082,0.8711,30.0
LOAN000686,2024-08-31,0,0.148,0.5727,60.0
LOAN000516,2024-08-31,0,0.2018,0.7821,0.0
LOAN000593,2024-08-31,60,0.1967,0.7587,30.0
LOAN000369,2024-08-31,90,0.089,0.8925,0.0
LOAN000785,2024-08-31,60,0.0208,0.2891,0.0
LOAN000127,2024-08-31,90,0.1009,0.8855,30.0
LOAN000440,2024-08-31,60,0.1798,0.4767,0.0
LOAN000324,2024-08-31,0,0.0284,0.6532,0.0
LOAN000567,2024-08-31,0,0.2871,0.5066,0.0
LOAN000268,2024-08-31,0,0.2487,0.3416,90.0
LOAN000502,2024-08-31,60,0.1891,0.2393,30.0
LOAN000515,2024-08-31,0,0.0302,0.3494,0.0
LOAN000466,2024-08-31,0,0.2723,0.7248,0.0
LOAN000937,2024-08-31,0,0.2167,0.3404,0.0
LOAN000281,2024-08-31,0,0.0536,0.254,0.0
LOAN000054,2024-08-31,60,0.2308,0.8995,0.0
LOAN000005,2024-08-31,0,0.2596,0.5549,0.0
LOAN000326,2024-08-31,0,0.1181,0.2057,60.0
LOAN000814,2024-08-31,0,0.2595,0.5738,30.0
LOAN000967,2024-08-31,0,0.1339,0.3571,0.0
LOAN000995,2024-08-31,0,0.0163,0.5125,0.0
LOAN000555,2024-08-31,90,0.1636,0.5287,30.0
LOAN000651,2024-08-31,0,0.0778,0.4853,30.0
LOAN000819,2024-08-31,0,0.0315,0.5149,0.0
LOAN000260,2024-08-31,30,0.1871,0.8516,0.0
LOAN000484,2024-08-31,0,0.2791,0.4482,0.0
LOAN000792,2024-08-31,0,0.2535,0.5908,90.0
LOAN000873,2024-08-31,0,0.0416,0.8449,30.0
LOAN000087,2024-08-31,30,0.0713,0.4594,0.0
LOAN000472,2024-08-31,0,0.2948,0.3958,0.0
LOAN000855,2024-08-31,0,0.1849,0.3565,0.0
LOAN000575,2024-08-31,60,0.2189,0.883,30.0
LOAN000703,2024-08-31,90,0.1292,0.3217,30.0
LOAN000704,2024-08-31,60,0.2515,0.2037,0.0
LOAN000295,2024-08-31,30,0.2529,0.4875,30.0
LOAN000173,2024-08-31,30,0.1652,0.3787,0.0
LOAN000084,2024-08-31,60,0.0196,0.2777,0.0
LOAN000981,2024-08-31,0,0.2708,0.3123,0.0
LOAN000980,2024-08-31,30,0.1912,0.5369,0.0
LOAN000855,2024-08-31,0,0.2835,0.5589,0.0
LOAN000903,2024-08-31,0,0.0111,0.3735,0.0
LOAN000938,2024-08-31,0,0.2154,0.2092,0.0
LOAN000865,2024-08-31,30,0.1198,0.6559,0.0
LOAN000130,2024-08-31,0,0.204,0.4126,0.0
LOAN000344,2024-08-31,30,0.1311,0.2843,0.0
LOAN000607,2024-08-31,60,0.279,0.4966,0.0
LOAN000885,2024-08-31,0,0.0736,0.7134,90.0
LOAN000214,2024-08-31,0,0.0929,0.4004,60.0
LOAN000286,2024-08-31,30,0.0617,0.4854,0.0
LOAN000794,2024-08-31,0,0.0656,0.7912,0.0
LOAN000696,2024-08-31,60,0.2696,0.22,90.0
LOAN000242,2024-08-31,0,0.2403,0.4109,0.0
LOAN000495,2024-08-31,0,0.0675,0.8293,60.0
LOAN000301,2024-08-31,0,0.2388,0.5328,0.0
LOAN000783,2024-08-31,60,0.1714,0.4958,30.0
LOAN000360,2024-08-31,0,0.2549,0.3084,0.0
LOAN000608,2024-08-31,0,0.1547,0.5923,60.0
LOAN000989,2024-08-31,0,0.2946,0.5979,0.0
LOAN000109,2024-08-31,0,0.0473,0.6401,60.0
LOAN000872,2024-08-31,0,0.1762,0.5724,30.0
LOAN000690,2024-08-31,30,0.0219,0.2127,0.0
LOAN000737,2024-08-31,0,0.1745,0.2223,0.0
LOAN000231,2024-08-31,0,0.1469,0.5518,0.0
LOAN000831,2024-08-31,0,0.0691,0.5995,0.0
LOAN000647,2024-08-31,60,0.0351,0.7159,0.0
LOAN000857,2024-08-31,30,0.0204,0.6444,0.0
LOAN000183,2024-08-31,0,0.1697,0.4596,30.0
LOAN000585,2024-08-31,0,0.1941,0.8764,0.0
LOAN000171,2024-08-31,30,0.0174,0.3715,0.0
LOAN000475,2024-08-31,0,0.0683,0.62,0.0
LOAN000220,2024-08-31,0,0.0712,0.2576,0.0
LOAN000290,2024-08-31,0,0.0856,0.2204,0.0
LOAN000922,2024-08-31,0,0.157,0.7785,0.0
LOAN000756,2024-08-31,90,0.1924,0.7946,0.0
LOAN000532,2024-08-31,0,0.0922,0.6206,0.0
LOAN000996,2024-08-31,0,0.1969,0.4286,0.0
LOAN000356,2024-08-31,0,0.2876,0.3184,0.0
LOAN000272,2024-08-31,30,0.2115,0.2865,0.0
LOAN000307,2024-08-31,0,0.0738,0.7823,0.0
LOAN000452,2024-08-31,0,0.2134,0.4358,30.0
LOAN000106,2024-08-31,0,0.2452,0.2993,60.0
LOAN000869,2024-08-31,0,0.1656,0.2094,0.0
LOAN000703,2024-08-31,0,0.2377,0.6814,90.0
LOAN000706,2024-08-31,60,0.1842,0.4641,0.0
LOAN000730,2024-08-31,60,0.2879,0.5934,0.0
LOAN000973,2024-08-31,90,0.0476,0.35,0.0
LOAN000425,2024-08-31,0,0.2702,0.3494,0.0
LOAN000577,2024-08-31,0,0.1769,0.2828,30.0
LOAN000627,2024-08-31,0,0.0211,0.2915,0.0
LOAN000387,2024-08-31,0,0.0882,0.3907,0.0
LOAN000023,2024-08-31,0,0.2486,0.5411,30.0
LOAN000487,2024-08-31,60,0.2584,0.621,0.0
LOAN000245,2024-08-31,0,0.0961,0.8156,0.0
LOAN000140,2024-08-31,0,0.2828,0.7262,0.0
LOAN000902,2024-08-31,0,0.1323,0.5489,0.0
LOAN000661,2024-08-31,60,0.1533,0.549,0.0
LOAN000905,2024-08-31,0,0.0273,0.6044,0.0
LOAN000985,2024-08-31,60,0.2656,0.4029,0.0
LOAN000536,2024-08-31,0,0.2789,0.2249,0.0
LOAN000955,2024-08-31,30,0.2524,0.3404,0.0
LOAN000871,2024-08-31,0,0.0192,0.4258,0.0
LOAN000182,2024-08-31,30,0.1079,0.553,60.0
LOAN000859,2024-08-31,30,0.0222,0.4513,60.0
LOAN000790,2024-08-31,0,0.2264,0.3643,0.0
LOAN000426,2024-08-31,0,0.1188,0.694,30.0
LOAN000519,2024-08-31,60,0.0374,0.893,60.0
LOAN000648,2024-08-31,0,0.2302,0.3288,90.0
LOAN000820,2024-08-31,0,0.1158,0.8886,30.0
LOAN000661,2024-08-31,0,0.2223,0.7751,60.0
LOAN000625,2024-08-31,0,0.294,0.8641,0.0
LOAN000422,2024-08-31,30,0.2964,0.5562,0.0
LOAN000079,2024-08-31,0,0.0606,0.4465,0.0
LOAN000345,2024-08-31,30,0.286,0.3535,0.0
LOAN000993,2024-08-31,0,0.2529,0.5793,0.0
LOAN000871,2024-08-31,30,0.0871,0.8994,0.0
LOAN000599,2024-08-31,0,0.2467,0.8928,0.0
LOAN000464,2024-08-31,0,0.2568,0.8976,0.0
LOAN000675,2024-08-31,0,0.037,0.7102,0.0
LOAN000051,2024-08-31,0,0.2892,0.2135,0.0
LOAN000386,2024-08-31,60,0.2126,0.8613,0.0
LOAN000752,2024-08-31,0,0.2767,0.8619,0.0
LOAN000795,2024-08-31,0,0.0564,0.2108,0.0
LOAN000878,2024-08-31,0,0.0181,0.5928,30.0
LOAN000276,2024-08-31,0,0.2212,0.786,0.0
LOAN000361,2024-08-31,60,0.1224,0.6456,60.0
LOAN000579,2024-08-31,90,0.1962,0.8729,90.0
LOAN000580,2024-08-31,30,0.2116,0.4143,0.0
LOAN000806,2024-08-31,30,0.0392,0.4058,0.0
LOAN000433,2024-08-31,0,0.2628,0.572,90.0
LOAN000794,2024-08-31,30,0.0881,0.3483,0.0
LOAN000528,2024-08-31,0,0.0549,0.7753,60.0
LOAN000021,2024-08-31,60,0.1183,0.4618,0.0
LOAN000142,2024-08-31,30,0.2368,0.3511,90.0
LOAN000203,2024-08-31,0,0.1176,0.565,0.0
LOAN000840,2024-08-31,0,0.0179,0.3158,0.0
LOAN000061,2024-08-31,0,0.2173,0.6725,30.0
LOAN000229,2024-08-31,0,0.0295,0.3531,90.0
LOAN000246,2024-08-31,0,0.1393,0.5634,0.0
LOAN000418,2024-08-31,0,0.1107,0.7366,0.0
LOAN000675,2024-08-31,0,0.1525,0.7349,0.0
LOAN000853,2024-08-31,0,0.0959,0.6287,60.0
LOAN000671,2024-08-31,0,0.0536,0.4636,0.0
LOAN000788,2024-08-31,0,0.2214,0.6712,0.0
LOAN000700,2024-08-31,0,0.2772,0.8628,0.0
LOAN000466,2024-08-31,0,0.2134,0.8061,0.0
LOAN000073,2024-08-31,0,0.1734,0.8616,0.0
LOAN000084,2024-08-31,0,0.2823,0.6516,60.0
LOAN000909,2024-08-31,0,0.2358,0.791,30.0
LOAN000534,2024-08-31,0,0.1712,0.844,0.0
LOAN000849,2024-08-31,0,0.2731,0.4736,0.0
LOAN000718,2024-08-31,0,0.1577,0.8514,0.0
LOAN000636,2024-08-31,0,0.0334,0.7066,0.0
LOAN000864,2024-08-31,0,0.1126,0.3727,90.0
LOAN000993,2024-08-31,0,0.2054,0.2244,0.0
LOAN000651,2024-08-31,0,0.1504,0.8614,0.0
LOAN000273,2024-08-31,0,0.1637,0.8925,0.0
LOAN000040,2024-08-31,60,0.1108,0.8982,0.0
LOAN000690,2024-08-31,30,0.0864,0.4738,30.0
LOAN000281,2024-08-31,0,0.0963,0.4868,0.0
LOAN000965,2024-08-31,30,0.1672,0.4347,0.0
LOAN000414,2024-08-31,30,0.0577,0.3284,0.0
LOAN000790,2024-08-31,0,0.1954,0.2407,0.0
LOAN000768,2024-08-31,0,0.2963,0.2529,0.0
LOAN000259,2024-08-31,30,0.0414,0.8466,30.0
LOAN000355,2024-08-31,0,0.2173,0.7291,30.0
LOAN000838,2024-08-31,0,0.0273,0.7447,90.0
LOAN000634,2024-08-31,30,0.29,0.6344,0.0
LOAN000320,2024-08-31,0,0.0856,0.2088,0.0
LOAN000670,2024-08-31,30,0.0134,0.3475,0.0
LOAN000214,2024-08-31,0,0.1226,0.8457,0.0
LOAN000887,2024-08-31,0,0.1825,0.2033,0.0
LOAN000255,2024-08-31,0,0.0365,0.406,0.0
LOAN000663,2024-08-31,0,0.2398,0.7142,90.0
LOAN000552,2024-08-31,30,0.0966,0.8951,0.0
LOAN000704,2024-08-31,0,0.2471,0.8468,60.0
LOAN000394,2024-08-31,0,0.2848,0.3445,0.0
LOAN000692,2024-08-31,60,0.1033,0.8301,30.0
LOAN000633,2024-08-31,0,0.0164,0.6526,0.0
LOAN000330,2024-08-31,0,0.1601,0.3738,0.0
LOAN000478,2024-08-31,0,0.018,0.229,0.0
LOAN000360,2024-08-31,0,0.2466,0.7871,0.0
LOAN000070,2024-08-31,60,0.1438,0.3768,0.0
LOAN000290,2024-08-31,0,0.0878,0.4865,0.0
LOAN000702,2024-08-31,0,0.1253,0.8125,30.0
LOAN000310,2024-08-31,60,0.1541,0.7439,30.0
LOAN000387,2024-08-31,0,0.2419,0.7825,0.0
LOAN000395,2024-08-31,0,0.1743,0.6291,30.0
LOAN000587,2024-08-31,60,0.1941,0.6042,60.0
LOAN000969,2024-08-31,0,0.1081,0.2024,0.0
LOAN000447,2024-08-31,0,0.1634,0.2267,0.0
LOAN000888,2024-08-31,30,0.0242,0.7211,30.0
LOAN000933,2024-08-31,0,0.1068,0.4,60.0
LOAN000232,2024-08-31,0,0.1357,0.3138,0.0
LOAN000779,2024-08-31,0,0.1794,0.7052,0.0
LOAN000657,2024-08-31,0,0.1281,0.4798,0.0
LOAN000743,2024-08-31,0,0.1956,0.2563,90.0
LOAN000437,2024-08-31,0,0.1374,0.3695,30.0
LOAN000454,2024-08-31,0,0.0357,0.8426,30.0
LOAN000309,2024-08-31,60,0.2884,0.7768,0.0
LOAN000266,2024-08-31,0,0.1139,0.782,0.0
LOAN000770,2024-08-31,90,0.0435,0.4086,0.0
LOAN000272,2024-08-31,60,0.2982,0.7114,30.0
LOAN000871,2024-08-31,60,0.2958,0.2241,30.0
LOAN000617,2024-08-31,30,0.2185,0.3015,30.0
LOAN000341,2024-08-31,0,0.2975,0.3581,0.0
LOAN000007,2024-08-31,0,0.2986,0.5525,0.0
LOAN000108,2024-08-31,0,0.2987,0.6659,60.0
LOAN000811,2024-08-31,30,0.0722,0.2662,30.0
LOAN000671,2024-08-31,0,0.2042,0.7149,0.0
LOAN000923,2024-08-31,0,0.2213,0.5503,0.0
LOAN000641,2024-08-31,0,0.2216,0.3109,60.0
LOAN000657,2024-08-31,90,0.1549,0.7922,0.0
LOAN000419,2024-08-31,0,0.2518,0.5617,0.0
LOAN000908,2024-08-31,0,0.0539,0.8187,60.0
LOAN000659,2024-08-31,60,0.1975,0.5582,0.0
LOAN000556,2024-08-31,0,0.1867,0.5597,0.0
LOAN000383,2024-08-31,60,0.2063,0.3455,0.0
LOAN000732,2024-08-31,60,0.2178,0.2086,30.0
LOAN000395,2024-08-31,60,0.1389,0.4116,0.0
LOAN000388,2024-08-31,0,0.2379,0.5348,60.0
LOAN000541,2024-08-31,0,0.084,0.6007,60.0
LOAN000239,2024-08-31,0,0.2562,0.6109,0.0
LOAN000083,2024-08-31,0,0.2815,0.76,0.0
LOAN000288,2024-08-31,0,0.2168,0.8304,0.0
LOAN000001,2024-08-31,0,0.2309,0.5394,0.0
LOAN000992,2024-08-31,0,0.1076,0.6577,0.0
LOAN000755,2024-08-31,0,0.1096,0.3867,90.0
LOAN000321,2024-08-31,30,0.2972,0.2656,60.0
LOAN000103,2024-08-31,0,0.1651,0.7874,30.0
LOAN000925,2024-08-31,0,0.053,0.734,0.0
LOAN000218,2024-08-31,0,0.0278,0.7316,60.0
LOAN000995,2024-08-31,30,0.1344,0.3596,0.0
LOAN000513,2024-08-31,0,0.278,0.873,0.0
LOAN000140,2024-08-31,60,0.1503,0.7508,0.0
LOAN000810,2024-08-31,0,0.1404,0.7695,0.0
LOAN000606,2024-08-31,30,0.0988,0.5233,90.0
LOAN000415,2024-08-31,0,0.1579,0.3659,30.0
LOAN000942,2024-08-31,0,0.296,0.673,0.0
LOAN000053,2024-08-31,0,0.2196,0.7662,0.0
LOAN000703,2024-08-31,30,0.277,0.4082,0.0
LOAN000174,2024-08-31,0,0.2871,0.2661,0.0
LOAN000821,2024-08-31,0,0.1856,0.2506,0.0
LOAN000888,2024-08-31,0,0.1517,0.6235,30.0
LOAN000035,2024-08-31,90,0.0291,0.316,30.0
LOAN000531,2024-08-31,0,0.1414,0.8089,0.0
LOAN000834,2024-08-31,0,0.0729,0.8205,30.0
LOAN000130,2024-08-31,0,0.2074,0.5118,0.0
LOAN000663,2024-08-31,0,0.1731,0.2757,0.0
LOAN000589,2024-08-31,30,0.0151,0.2034,60.0
LOAN000247,2024-08-31,0,0.1699,0.5095,0.0
LOAN000353,2024-08-31,30,0.1062,0.4067,0.0
LOAN000304,2024-08-31,30,0.2225,0.5604,0.0
LOAN000561,2024-08-31,0,0.0267,0.7638,0.0
LOAN000980,2024-08-31,0,0.2576,0.7049,30.0
LOAN000830,2024-08-31,0,0.0891,0.8464,30.0
LOAN000336,2024-08-31,90,0.0542,0.7514,0.0
LOAN000821,2024-08-31,30,0.1446,0.2421,0.0
LOAN000016,2024-08-31,0,0.1998,0.5814,0.0
LOAN000261,2024-08-31,0,0.2895,0.3276,0.0
LOAN000067,2024-08-31,30,0.0159,0.2264,0.0
LOAN000332,2024-08-31,0,0.1132,0.7178,0.0
LOAN000206,2024-08-31,0,0.0788,0.3073,0.0
LOAN000764,2024-08-31,30,0.2851,0.8012,90.0
LOAN000869,2024-08-31,0,0.1236,0.2515,0.0
LOAN000120,2024-08-31,0,0.0558,0.5967,0.0
LOAN000001,2024-08-31,0,0.1232,0.4933,0.0
LOAN000862,2024-08-31,60,0.2063,0.6063,0.0
LOAN000543,2024-08-31,0,0.2744,0.5533,60.0
LOAN000031,2024-08-31,0,0.2363,0.4074,0.0
LOAN000634,2024-08-31,0,0.1046,0.7271,30.0
LOAN000451,2024-08-31,0,0.1157,0.2455,0.0
LOAN000997,2024-08-31,60,0.2088,0.6616,0.0
LOAN000361,2024-08-31,60,0.291,0.4638,60.0
LOAN000468,2024-08-31,0,0.1509,0.689,0.0
LOAN000454,2024-08-31,0,0.2879,0.3747,0.0
LOAN000229,2024-08-31,90,0.0251,0.4564,0.0
LOAN000427,2024-08-31,0,0.2661,0.3861,0.0
LOAN000211,2024-08-31,0,0.0783,0.6581,30.0
LOAN000961,2024-08-31,30,0.0537,0.6528,90.0
LOAN000707,2024-08-31,0,0.0917,0.4658,0.0
LOAN000908,2024-08-31,0,0.0211,0.4858,0.0
LOAN000910,2024-08-31,30,0.1847,0.4804,0.0
LOAN000444,2024-08-31,0,0.1435,0.7508,0.0
LOAN000125,2024-08-31,0,0.0357,0.8146,0.0
LOAN000450,2024-08-31,0,0.149,0.7516,0.0
LOAN000562,2024-08-31,60,0.212,0.6123,0.0
LOAN000882,2024-08-31,0,0.0425,0.8312,0.0
LOAN000660,2024-08-31,0,0.2842,0.2985,0.0
LOAN000883,2024-08-31,60,0.0513,0.6962,0.0
LOAN000499,2024-08-31,0,0.1115,0.4549,0.0
LOAN000882,2024-08-31,0,0.088,0.4316,0.0
LOAN000274,2024-08-31,0,0.0622,0.8441,0.0
LOAN000484,2024-08-31,0,0.1268,0.5228,0.0
LOAN000709,2024-08-31,0,0.0479,0.4476,0.0
LOAN000233,2024-09-30,30,0.2811,0.3813,0.0
LOAN000202,2024-09-30,0,0.281,0.8058,0.0
LOAN000428,2024-09-30,30,0.1605,0.4341,30.0
LOAN000737,2024-09-30,30,0.21,0.2643,0.0
LOAN000587,2024-09-30,0,0.049,0.7168,60.0
LOAN000482,2024-09-30,0,0.1038,0.8677,0.0
LOAN000094,2024-09-30,0,0.2251,0.2352,0.0
LOAN000594,2024-09-30,0,0.157,0.781,0.0
LOAN000690,2024-09-30,0,0.1463,0.3694,30.0
LOAN000082,2024-09-30,60,0.0547,0.5303,0.0
LOAN000300,2024-09-30,0,0.1621,0.8405,0.0
LOAN000141,2024-09-30,60,0.2884,0.3217,0.0
LOAN000804,2024-09-30,0,0.0248,0.7506,0.0
LOAN000140,2024-09-30,0,0.0966,0.2643,60.0
LOAN000147,2024-09-30,0,0.0917,0.3403,0.0
LOAN000653,2024-09-30,0,0.1619,0.4511,30.0
LOAN000947,2024-09-30,0,0.2077,0.4756,0.0
LOAN000772,2024-09-30,0,0.2095,0.2413,0.0
LOAN000698,2024-09-30,0,0.2854,0.315,30.0
LOAN000832,2024-09-30,0,0.1975,0.4114,0.0
LOAN000139,2024-09-30,0,0.2043,0.7008,30.0
LOAN000699,2024-09-30,0,0.0153,0.2591,0.0
LOAN000460,2024-09-30,30,0.2571,0.5624,0.0
LOAN000026,2024-09-30,0,0.084,0.585,0.0
LOAN000115,2024-09-30,0,0.2096,0.4426,0.0
LOAN000622,2024-09-30,30,0.1319,0.2002,0.0
LOAN000250,2024-09-30,0,0.0551,0.7787,30.0
LOAN000931,2024-09-30,0,0.0323,0.5288,0.0
LOAN000873,2024-09-30,0,0.087,0.5377,0.0
LOAN000443,2024-09-30,30,0.1049,0.8745,0.0
LOAN000883,2024-09-30,30,0.2822,0.7269,60.0
LOAN000801,2024-09-30,0,0.2485,0.6837,90.0
LOAN000017,2024-09-30,0,0.0912,0.498,0.0
LOAN000421,2024-09-30,60,0.0656,0.5192,0.0
LOAN000469,2024-09-30,0,0.0328,0.253,0.0
LOAN000587,2024-09-30,60,0.2985,0.6928,0.0
LOAN000976,2024-09-30,0,0.0157,0.7375,30.0
LOAN000324,2024-09-30,0,0.1907,0.6309,0.0
LOAN000938,2024-09-30,0,0.2747,0.7736,0.0
LOAN000044,2024-09-30,0,0.0207,0.7508,0.0
LOAN000808,2024-09-30,0,0.1882,0.5997,30.0
LOAN000661,2024-09-30,0,0.0343,0.2444,0.0
LOAN000551,2024-09-30,0,0.0648,0.3102,0.0
LOAN000797,2024-09-30,30,0.1269,0.8055,0.0
LOAN000316,2024-09-30,0,0.2974,0.5065,60.0
LOAN000984,2024-09-30,0,0.1926,0.4726,60.0
LOAN000342,2024-09-30,30,0.1122,0.277,0.0
LOAN000741,2024-09-30,30,0.0916,0.521,0.0
LOAN000680,2024-09-30,60,0.2224,0.8037,0.0
LOAN000342,2024-09-30,0,0.2926,0.8411,30.0
LOAN000390,2024-09-30,30,0.1328,0.8261,30.0
LOAN000049,2024-09-30,30,0.0103,0.762,0.0
LOAN000587,2024-09-30,60,0.0138,0.3534,60.0
LOAN000486,2024-09-30,0,0.1479,0.7627,0.0
LOAN000333,2024-09-30,0,0.0846,0.2842,0.0
LOAN000663,2024-09-30,0,0.0592,0.62,0.0
LOAN000994,2024-09-30,0,0.2108,0.6516,0.0
LOAN000524,2024-09-30,0,0.1849,0.6706,30.0
LOAN000317,2024-09-30,0,0.0358,0.6264,0.0
LOAN000207,2024-09-30,30,0.2523,0.6812,0.0
LOAN000271,2024-09-30,0,0.086,0.2193,0.0
LOAN000492,2024-09-30,30,0.1131,0.6182,0.0
LOAN000912,2024-09-30,0,0.1657,0.4472,30.0
LOAN000730,2024-09-30,0,0.1445,0.2723,60.0
LOAN000571,2024-09-30,0,0.0209,0.4086,0.0
LOAN000420,2024-09-30,60,0.0272,0.6785,0.0
LOAN000109,2024-09-30,60,0.146,0.445,0.0
LOAN000198,2024-09-30,60,0.0245,0.6715,0.0
LOAN000210,2024-09-30,30,0.023,0.2842,0.0
LOAN000831,2024-09-30,0,0.2704,0.8068,0.0
LOAN000160,2024-09-30,30,0.2625,0.5712,0.0
LOAN000687,2024-09-30,0,0.1204,0.4089,0.0
LOAN000097,2024-09-30,0,0.1714,0.3176,0.0
LOAN000482,2024-09-30,0,0.0915,0.727,0.0
LOAN000427,2024-09-30,0,0.2779,0.2635,0.0
LOAN000915,2024-09-30,60,0.114,0.8394,0.0
LOAN000542,2024-09-30,30,0.2512,0.7188,0.0
LOAN000445,2024-09-30,0,0.0391,0.5682,60.0
LOAN000060,2024-09-30,0,0.0534,0.8655,30.0
LOAN000511,2024-09-30,0,0.0998,0.3712,0.0
LOAN000669,2024-09-30,0,0.0148,0.6857,0.0
LOAN000778,2024-09-30,0,0.2103,0.2993,0.0
LOAN000652,2024-09-30,0,0.0811,0.5226,0.0
LOAN000476,2024-09-30,60,0.1371,0.2579,90.0
LOAN000526,2024-09-30,0,0.2917,0.8026,0.0
LOAN000352,2024-09-30,0,0.2466,0.205,0.0
LOAN000673,2024-09-30,0,0.0836,0.616,0.0
LOAN000958,2024-09-30,0,0.0951,0.4704,0.0
LOAN000228,2024-09-30,0,0.1362,0.4254,0.0
LOAN000118,2024-09-30,0,0.1904,0.759,0.0
LOAN000991,2024-09-30,30,0.1653,0.8751,0.0
LOAN000057,2024-09-30,0,0.2238,0.2937,0.0
LOAN000754,2024-09-30,0,0.2573,0.7274,0.0
LOAN000260,2024-09-30,0,0.1474,0.691,30.0
LOAN000184,2024-09-30,0,0.1698,0.4757,30.0
LOAN000747,2024-09-30,0,0.0342,0.3156,0.0
LOAN000486,2024-09-30,0,0.252,0.3625,0.0
LOAN000077,2024-09-30,30,0.097,0.6335,0.0
LOAN000820,2024-09-30,90,0.2027,0.5111,0.0
LOAN000825,2024-09-30,0,0.0289,0.6933,0.0
LOAN000054,2024-09-30,0,0.0774,0.4658,60.0
LOAN000118,2024-09-30,0,0.2668,0.5732,0.0
LOAN000345,2024-09-30,0,0.1817,0.585,30.0
LOAN000093,2024-09-30,0,0.1105,0.2621,90.0
LOAN000327,2024-09-30,0,0.2159,0.6667,30.0
LOAN000326,2024-09-30,0,0.2114,0.6297,0.0
LOAN000133,2024-09-30,30,0.1505,0.8289,0.0
LOAN000104,2024-09-30,0,0.0676,0.4583,0.0
LOAN000263,2024-09-30,30,0.0262,0.3701,0.0
LOAN000895,2024-09-30,30,0.0961,0.8865,0.0
LOAN000218,2024-09-30,0,0.1982,0.3088,0.0
LOAN000017,2024-09-30,60,0.2443,0.6493,0.0
LOAN000930,2024-09-30,0,0.2592,0.6828,0.0
LOAN000816,2024-09-30,0,0.0454,0.5107,0.0
LOAN000970,2024-09-30,0,0.285,0.362,30.0
LOAN000315,2024-09-30,0,0.2427,0.49,0.0
LOAN000053,2024-09-30,0,0.0776,0.7906,0.0
LOAN000309,2024-09-30,30,0.2646,0.7396,60.0
LOAN000050,2024-09-30,0,0.0612,0.5591,0.0
LOAN000023,2024-09-30,30,0.2927,0.8682,0.0
LOAN000769,2024-09-30,30,0.2592,0.5754,0.0
LOAN000808,2024-09-30,0,0.2966,0.7289,0.0
LOAN000183,2024-09-30,0,0.038,0.6466,0.0
LOAN000110,2024-09-30,0,0.0491,0.5574,60.0
LOAN000081,2024-09-30,0,0.0385,0.4557,0.0
LOAN000322,2024-09-30,0,0.2459,0.6372,30.0
LOAN000684,2024-09-30,30,0.0854,0.2077,0.0
LOAN000739,2024-09-30,30,0.2052,0.739,60.0
LOAN000910,2024-09-30,0,0.2798,0.2704,30.0
LOAN000528,2024-09-30,0,0.1815,0.8636,0.0
LOAN000222,2024-09-30,30,0.0726,0.8753,0.0
LOAN000970,2024-09-30,0,0.0492,0.3128,0.0
LOAN000963,2024-09-30,0,0.1375,0.2423,0.0
LOAN000521,2024-09-30,60,0.1753,0.404,30.0
LOAN000259,2024-09-30,0,0.2955,0.7212,30.0
LOAN000994,2024-09-30,0,0.053,0.8774,0.0
LOAN000330,2024-09-30,0,0.2974,0.8174,0.0
LOAN000458,2024-09-30,0,0.0637,0.4513,60.0
LOAN000016,2024-09-30,0,0.0533,0.6748,0.0
LOAN000438,2024-09-30,60,0.2277,0.2838,0.0
LOAN000026,2024-09-30,90,0.201,0.3123,0.0
LOAN000532,2024-09-30,0,0.0464,0.2332,0.0
LOAN000011,2024-09-30,0,0.2848,0.6447,0.0
LOAN000488,2024-09-30,0,0.1997,0.735,0.0
LOAN000044,2024-09-30,0,0.0342,0.7747,0.0
LOAN000140,2024-09-30,30,0.14,0.7938,0.0
LOAN000549,2024-09-30,0,0.0706,0.5263,0.0
LOAN000811,2024-09-30,90,0.2953,0.857,30.0
LOAN000539,2024-09-30,60,0.0825,0.2338,0.0
LOAN000741,2024-09-30,30,0.202,0.8192,30.0
LOAN000082,2024-09-30,0,0.1675,0.8932,60.0
LOAN000518,2024-09-30,0,0.0995,0.4528,60.0
LOAN000096,2024-09-30,0,0.0892,0.6888,0.0
LOAN000005,2024-09-30,0,0.035,0.3298,0.0
LOAN000974,2024-09-30,0,0.1107,0.3285,0.0
LOAN000858,2024-09-30,0,0.1331,0.5758,0.0
LOAN000028,2024-09-30,0,0.0147,0.5152,0.0
LOAN000827,2024-09-30,0,0.1131,0.26,0.0
LOAN000533,2024-09-30,0,0.1475,0.5029,0.0
LOAN000305,2024-09-30,0,0.0868,0.3499,0.0
LOAN000909,2024-09-30,0,0.0341,0.855,0.0
LOAN000733,2024-09-30,0,0.2878,0.6396,0.0
LOAN000324,2024-09-30,0,0.221,0.6702,0.0
LOAN000432,2024-09-30,0,0.0877,0.8041,60.0
LOAN000503,2024-09-30,0,0.2379,0.5268,60.0
LOAN000317,2024-09-30,0,0.2071,0.3244,0.0
LOAN000066,2024-09-30,60,0.2946,0.2907,0.0
LOAN000249,2024-09-30,0,0.0458,0.5666,0.0
LOAN000014,2024-09-30,0,0.0151,0.822,60.0
LOAN000485,2024-09-30,60,0.2043,0.6336,90.0
LOAN000004,2024-09-30,0,0.142,0.6592,60.0
LOAN000485,2024-09-30,60,0.0456,0.4409,60.0
LOAN000007,2024-09-30,0,0.0106,0.6708,0.0
LOAN000491,2024-09-30,30,0.1999,0.6758,0.0
LOAN000034,2024-09-30,0,0.1459,0.2876,0.0
LOAN000513,2024-09-30,60,0.2082,0.8753,0.0
LOAN000852,2024-09-30,0,0.082,0.7636,0.0
LOAN000313,2024-09-30,0,0.2809,0.7188,0.0
LOAN000482,2024-09-30,0,0.168,0.8586,0.0
LOAN000819,2024-09-30,60,0.0984,0.5957,0.0
LOAN000202,2024-09-30,0,0.228,0.3635,0.0
LOAN000754,2024-09-30,0,0.0827,0.7925,0.0
LOAN000638,2024-09-30,0,0.0309,0.7226,60.0
LOAN000658,2024-09-30,0,0.2301,0.4395,0.0
LOAN000817,2024-09-30,0,0.0204,0.7108,0.0
LOAN000188,2024-09-30,0,0.178,0.3278,0.0
LOAN000250,2024-09-30,0,0.242,0.259,0.0
LOAN000815,2024-09-30,60,0.1286,0.6255,0.0
LOAN000412,2024-09-30,0,0.1443,0.7772,0.0
LOAN000484,2024-09-30,30,0.2572,0.2886,0.0
LOAN000330,2024-09-30,0,0.2845,0.6164,0.0
LOAN000084,2024-09-30,0,0.1568,0.4826,0.0
LOAN000781,2024-09-30,0,0.21,0.8515,0.0
LOAN000976,2024-09-30,90,0.2822,0.3006,0.0
LOAN000985,2024-09-30,0,0.1596,0.8421,60.0
LOAN000914,2024-09-30,30,0.0599,0.278,0.0
LOAN000855,2024-09-30,30,0.1861,0.6836,0.0
LOAN000191,2024-09-30,0,0.1421,0.2608,60.0
LOAN000826,2024-09-30,30,0.2852,0.7626,0.0
LOAN000705,2024-09-30,0,0.1664,0.3168,0.0
LOAN000835,2024-09-30,0,0.272,0.3327,0.0
LOAN000542,2024-09-30,30,0.2839,0.6819,30.0
LOAN000223,2024-09-30,30,0.0432,0.339,30.0
LOAN000758,2024-09-30,30,0.1554,0.8186,0.0
LOAN000130,2024-09-30,0,0.2023,0.6537,0.0
LOAN000367,2024-09-30,0,0.1793,0.3713,0.0
LOAN000953,2024-09-30,0,0.2432,0.3545,90.0
LOAN000363,2024-09-30,0,0.2322,0.6271,0.0
LOAN000296,2024-09-30,0,0.0995,0.401,90.0
LOAN000802,2024-09-30,30,0.2916,0.6675,0.0
LOAN000042,2024-09-30,0,0.0957,0.7018,60.0
LOAN000554,2024-09-30,0,0.1119,0.5831,90.0
LOAN000645,2024-09-30,60,0.087,0.4257,0.0
LOAN000598,2024-09-30,0,0.1052,0.2753,0.0
LOAN000921,2024-09-30,30,0.0261,0.6858,60.0
LOAN000744,2024-09-30,0,0.0621,0.6488,0.0
LOAN000762,2024-09-30,30,0.1861,0.4029,0.0
LOAN000854,2024-09-30,0,0.1256,0.4217,60.0
LOAN000490,2024-09-30,0,0.01,0.6432,30.0
LOAN000541,2024-09-30,0,0.1219,0.3371,0.0
LOAN000155,2024-09-30,0,0.1367,0.332,30.0
LOAN000928,2024-09-30,0,0.0505,0.2884,0.0
LOAN000396,2024-09-30,0,0.0469,0.8264,0.0
LOAN000168,2024-09-30,60,0.0708,0.6328,0.0
LOAN000735,2024-09-30,0,0.0107,0.557,0.0
LOAN000467,2024-09-30,0,0.0986,0.5327,0.0
LOAN000301,2024-09-30,0,0.1256,0.5102,0.0
LOAN000280,2024-09-30,0,0.1501,0.2171,0.0
LOAN000009,2024-09-30,0,0.2129,0.8033,0.0
LOAN000859,2024-09-30,0,0.2758,0.6845,30.0
LOAN000598,2024-09-30,60,0.2082,0.6936,0.0
LOAN000395,2024-09-30,30,0.1717,0.5438,60.0
LOAN000501,2024-09-30,0,0.2154,0.3214,0.0
LOAN000721,2024-09-30,0,0.2055,0.3536,30.0
LOAN000310,2024-09-30,0,0.0245,0.6947,60.0
LOAN000139,2024-09-30,0,0.0582,0.6374,0.0
LOAN000567,2024-09-30,0,0.2349,0.6188,0.0
LOAN000403,2024-09-30,0,0.2985,0.4593,0.0
LOAN000696,2024-09-30,0,0.1927,0.6973,60.0
LOAN000176,2024-09-30,0,0.0425,0.3376,0.0
LOAN000911,2024-09-30,0,0.0341,0.2641,30.0
LOAN000302,2024-09-30,30,0.1815,0.5113,90.0
LOAN000900,2024-09-30,30,0.1307,0.245,30.0
LOAN000039,2024-09-30,30,0.1053,0.6219,0.0
LOAN000250,2024-09-30,0,0.1208,0.4404,0.0
LOAN000312,2024-09-30,30,0.1499,0.6159,0.0
LOAN000801,2024-09-30,0,0.2775,0.339,0.0
LOAN000549,2024-09-30,30,0.0907,0.2793,0.0
LOAN000418,2024-09-30,0,0.2237,0.249,0.0
LOAN000913,2024-09-30,0,0.1322,0.526,0.0
LOAN000984,2024-09-30,0,0.0313,0.2381,0.0
LOAN000020,2024-09-30,0,0.226,0.8597,60.0
LOAN000885,2024-09-30,0,0.1496,0.8366,0.0
LOAN000238,2024-09-30,60,0.2829,0.4517,0.0
LOAN000265,2024-09-30,0,0.2448,0.3036,0.0
LOAN000481,2024-09-30,30,0.2901,0.4779,0.0
LOAN000265,2024-09-30,0,0.1076,0.4512,0.0
LOAN000400,2024-09-30,0,0.1924,0.6422,0.0
LOAN000474,2024-09-30,0,0.1018,0.5915,0.0
LOAN000576,2024-09-30,0,0.1722,0.2589,0.0
LOAN000353,2024-09-30,0,0.0596,0.3662,30.0
LOAN000462,2024-09-30,0,0.1297,0.4143,0.0
LOAN000992,2024-09-30,60,0.182,0.2808,0.0
LOAN000181,2024-09-30,0,0.2277,0.2303,0.0
LOAN000489,2024-09-30,90,0.2426,0.7146,0.0
LOAN000166,2024-09-30,30,0.1211,0.4296,0.0
LOAN000178,2024-09-30,0,0.2357,0.5177,60.0
LOAN000312,2024-09-30,30,0.1089,0.7332,30.0
LOAN000170,2024-09-30,0,0.1236,0.8061,0.0
LOAN000106,2024-09-30,0,0.239,0.2521,0.0
LOAN000744,2024-09-30,0,0.251,0.7818,0.0
LOAN000644,2024-09-30,0,0.1832,0.5483,0.0
LOAN000997,2024-09-30,60,0.2338,0.8735,60.0
LOAN000797,2024-09-30,0,0.2725,0.2409,30.0
LOAN000561,2024-09-30,0,0.2986,0.3534,0.0
LOAN000874,2024-09-30,0,0.0227,0.3923,90.0
LOAN000265,2024-09-30,0,0.0973,0.6157,0.0
LOAN000148,2024-09-30,0,0.0412,0.3917,0.0
LOAN000784,2024-09-30,30,0.2772,0.4077,0.0
LOAN000550,2024-09-30,0,0.0904,0.4405,0.0
LOAN000779,2024-09-30,30,0.0334,0.7803,0.0
LOAN000024,2024-09-30,60,0.2613,0.649,0.0
LOAN000026,2024-09-30,0,0.081,0.3942,90.0
LOAN000703,2024-09-30,0,0.1853,0.5813,30.0
LOAN000414,2024-09-30,0,0.2151,0.3606,30.0
LOAN000623,2024-09-30,60,0.1965,0.2229,0.0
LOAN000555,2024-09-30,0,0.0771,0.4662,90.0
LOAN000067,2024-09-30,60,0.1435,0.4373,30.0
LOAN000017,2024-09-30,0,0.132,0.8141,60.0
LOAN000369,2024-09-30,0,0.0253,0.3343,90.0
LOAN000927,2024-09-30,0,0.2482,0.695,0.0
LOAN000726,2024-09-30,30,0.1525,0.2296,30.0
LOAN000836,2024-09-30,0,0.1787,0.625,0.0
LOAN000412,2024-09-30,30,0.1922,0.4959,0.0
LOAN000328,2024-09-30,60,0.299,0.8882,30.0
LOAN000792,2024-09-30,0,0.2777,0.7892,0.0
LOAN000101,2024-09-30,0,0.0916,0.2125,30.0
LOAN000464,2024-09-30,0,0.222,0.7751,0.0
LOAN000157,2024-09-30,0,0.2892,0.7002,0.0
LOAN000673,2024-09-30,30,0.2364,0.5727,0.0
LOAN000788,2024-09-30,30,0.0161,0.6049,0.0
LOAN000800,2024-09-30,0,0.1006,0.8091,0.0
LOAN000304,2024-09-30,30,0.0458,0.7445,30.0
LOAN000883,2024-09-30,30,0.123,0.2258,30.0
LOAN000323,2024-09-30,60,0.1126,0.7366,0.0
LOAN000171,2024-09-30,0,0.093,0.7123,30.0
LOAN000468,2024-09-30,60,0.0891,0.843,0.0
LOAN000973,2024-09-30,30,0.0815,0.7927,90.0
LOAN000931,2024-09-30,0,0.2509,0.2429,0.0
LOAN000687,2024-09-30,0,0.2422,0.7968,0.0
LOAN000077,2024-09-30,30,0.1652,0.3161,30.0
LOAN000477,2024-09-30,30,0.107,0.5074,0.0
LOAN000129,2024-09-30,0,0.2135,0.8302,0.0
LOAN000515,2024-09-30,0,0.0849,0.4141,0.0
LOAN000085,2024-09-30,30,0.1484,0.8808,0.0
LOAN000388,2024-09-30,60,0.1038,0.3856,0.0
LOAN000627,2024-09-30,30,0.2789,0.3961,0.0
LOAN000597,2024-09-30,0,0.259,0.6947,0.0
LOAN000378,2024-09-30,30,0.1052,0.8531,0.0
LOAN000739,2024-09-30,30,0.1734,0.8476,30.0
LOAN000917,2024-09-30,0,0.1743,0.2947,30.0
LOAN000393,2024-09-30,60,0.0104,0.3633,0.0
LOAN000054,2024-09-30,0,0.059,0.3027,0.0
LOAN000721,2024-09-30,30,0.0887,0.3605,0.0
LOAN000117,2024-09-30,30,0.1794,0.5589,0.0
LOAN000901,2024-09-30,30,0.2164,0.7946,0.0
LOAN000299,2024-09-30,90,0.0301,0.5373,0.0
LOAN000689,2024-09-30,90,0.1031,0.797,60.0
LOAN000679,2024-09-30,0,0.0323,0.2664,30.0
LOAN000986,2024-09-30,0,0.1907,0.3788,30.0
LOAN000884,2024-09-30,0,0.2882,0.4772,0.0
LOAN000048,2024-09-30,30,0.1814,0.7417,30.0
LOAN000409,2024-09-30,60,0.1056,0.8348,0.0
LOAN000101,2024-09-30,0,0.0164,0.7604,0.0
LOAN000959,2024-09-30,0,0.2433,0.7101,0.0
LOAN000031,2024-09-30,60,0.0737,0.3009,0.0
LOAN000459,2024-09-30,0,0.0146,0.5125,30.0
LOAN000928,2024-09-30,0,0.047,0.3603,0.0
LOAN000462,2024-09-30,0,0.2493,0.5888,0.0
LOAN000599,2024-09-30,30,0.0817,0.7627,0.0
LOAN000133,2024-09-30,0,0.0174,0.7844,30.0
LOAN000080,2024-09-30,0,0.0243,0.5158,0.0
LOAN000623,2024-09-30,60,0.1267,0.6241,60.0
LOAN000629,2024-09-30,0,0.1042,0.4543,60.0
LOAN000593,2024-09-30,90,0.0686,0.4356,60.0
LOAN000492,2024-09-30,30,0.1444,0.3797,30.0
LOAN000656,2024-09-30,30,0.2539,0.454,0.0
LOAN000414,2024-09-30,30,0.2004,0.7148,0.0
LOAN000376,2024-09-30,0,0.2699,0.792,0.0
LOAN000333,2024-09-30,0,0.216,0.8434,0.0
LOAN000860,2024-09-30,0,0.0562,0.3368,0.0
LOAN000764,2024-09-30,0,0.0739,0.53,30.0
LOAN000160,2024-09-30,0,0.0552,0.7355,30.0
LOAN000191,2024-09-30,0,0.2643,0.8686,0.0
LOAN000653,2024-09-30,0,0.1796,0.811,0.0
LOAN000566,2024-09-30,0,0.2146,0.7769,0.0
LOAN000922,2024-09-30,0,0.1327,0.8374,0.0
LOAN000248,2024-09-30,0,0.2651,0.4803,0.0
LOAN000232,2024-09-30,30,0.0143,0.8085,0.0
LOAN000265,2024-09-30,0,0.2386,0.3514,0.0
LOAN000496,2024-09-30,0,0.271,0.7911,0.0
LOAN000994,2024-09-30,0,0.0629,0.455,0.0
LOAN000303,2024-09-30,30,0.0427,0.529,0.0
LOAN000864,2024-09-30,0,0.178,0.4407,0.0
LOAN000517,2024-09-30,0,0.0287,0.2076,0.0
LOAN000366,2024-09-30,0,0.1064,0.5269,30.0
LOAN000578,2024-09-30,0,0.082,0.8625,30.0
LOAN000050,2024-09-30,0,0.1152,0.4621,0.0
LOAN000404,2024-09-30,0,0.1038,0.5734,0.0
LOAN000715,2024-09-30,0,0.1373,0.6294,0.0
LOAN000311,2024-09-30,60,0.149,0.732,30.0
LOAN000920,2024-09-30,30,0.112,0.2339,30.0
LOAN000099,2024-09-30,0,0.2817,0.3023,60.0
LOAN000740,2024-09-30,0,0.1547,0.82,0.0
LOAN000233,2024-09-30,30,0.1548,0.4305,30.0
LOAN000749,2024-09-30,0,0.1344,0.3926,0.0
LOAN000259,2024-09-30,0,0.1885,0.8688,0.0
LOAN000167,2024-09-30,0,0.1658,0.4571,0.0
LOAN000921,2024-09-30,0,0.1083,0.8006,30.0
LOAN000885,2024-09-30,60,0.2851,0.891,0.0
LOAN000494,2024-09-30,0,0.0248,0.6539,0.0
LOAN000734,2024-09-30,0,0.2132,0.2388,30.0
LOAN000367,2024-09-30,30,0.2264,0.3902,0.0
LOAN000903,2024-09-30,0,0.1704,0.4264,0.0
LOAN000741,2024-09-30,30,0.0492,0.7855,30.0
LOAN000144,2024-09-30,0,0.2305,0.5003,0.0
LOAN000181,2024-09-30,0,0.2189,0.4114,0.0
LOAN000744,2024-09-30,60,0.0184,0.3748,0.0
LOAN000038,2024-09-30,0,0.1264,0.6766,0.0
LOAN000352,2024-09-30,0,0.2538,0.8051,0.0
LOAN000084,2024-09-30,0,0.0103,0.7128,0.0
LOAN000373,2024-09-30,0,0.0241,0.5492,0.0
LOAN000353,2024-09-30,30,0.2306,0.8885,0.0
LOAN000821,2024-09-30,0,0.1057,0.6524,30.0
LOAN000640,2024-09-30,0,0.2372,0.8446,0.0
LOAN000393,2024-09-30,0,0.2563,0.378,60.0
LOAN000347,2024-09-30,0,0.175,0.7962,0.0
LOAN000793,2024-09-30,0,0.0164,0.642,30.0
LOAN000219,2024-09-30,0,0.2449,0.5467,0.0
LOAN000799,2024-09-30,0,0.2762,0.5666,0.0
LOAN000996,2024-10-31,0,0.1317,0.7245,0.0
LOAN000262,2024-10-31,0,0.0278,0.2455,0.0
LOAN000527,2024-10-31,0,0.0797,0.888,0.0
LOAN000610,2024-10-31,60,0.1854,0.5039,0.0
LOAN000182,2024-10-31,0,0.1776,0.5524,30.0
LOAN000106,2024-10-31,0,0.0975,0.2342,0.0
LOAN000708,2024-10-31,60,0.0125,0.4372,0.0
LOAN000911,2024-10-31,0,0.1025,0.5903,0.0
LOAN000618,2024-10-31,90,0.1291,0.878,0.0
LOAN000105,2024-10-31,0,0.2639,0.3938,0.0
LOAN000138,2024-10-31,0,0.1553,0.216,0.0
LOAN000053,2024-10-31,0,0.0267,0.4849,0.0
LOAN000677,2024-10-31,0,0.1699,0.565,0.0
LOAN000832,2024-10-31,30,0.1041,0.214,0.0
LOAN000318,2024-10-31,0,0.2871,0.3869,0.0
LOAN000120,2024-10-31,0,0.2414,0.5165,0.0
LOAN000421,2024-10-31,60,0.0252,0.4701,60.0
LOAN000663,2024-10-31,60,0.0316,0.4358,0.0
LOAN000950,2024-10-31,0,0.1116,0.4504,60.0
LOAN000958,2024-10-31,0,0.2601,0.8339,0.0
LOAN000083,2024-10-31,30,0.041,0.2721,0.0
LOAN000250,2024-10-31,0,0.2513,0.8265,0.0
LOAN000946,2024-10-31,0,0.1272,0.5479,0.0
LOAN000982,2024-10-31,0,0.2806,0.3674,0.0
LOAN000802,2024-10-31,0,0.1475,0.2276,30.0
LOAN000421,2024-10-31,0,0.0417,0.7956,60.0
LOAN000307,2024-10-31,0,0.0283,0.3636,0.0
LOAN000503,2024-10-31,0,0.1634,0.5286,0.0
LOAN000351,2024-10-31,0,0.1742,0.4131,0.0
LOAN000775,2024-10-31,30,0.2781,0.448,90.0
LOAN000601,2024-10-31,0,0.221,0.3401,30.0
LOAN000477,2024-10-31,0,0.2839,0.8125,30.0
LOAN000146,2024-10-31,30,0.017,0.8962,0.0
LOAN000049,2024-10-31,60,0.0734,0.6346,30.0
LOAN000853,2024-10-31,60,0.1724,0.7264,0.0
LOAN000789,2024-10-31,0,0.0197,0.8092,30.0
LOAN000285,2024-10-31,0,0.1506,0.6536,90.0
LOAN000756,2024-10-31,30,0.2048,0.5983,90.0
LOAN000152,2024-10-31,0,0.1083,0.5235,0.0
LOAN000633,2024-10-31,0,0.2876,0.4594,0.0
LOAN000360,2024-10-31,0,0.0799,0.3101,0.0
LOAN000379,2024-10-31,0,0.0266,0.6995,0.0
LOAN000291,2024-10-31,0,0.1821,0.5841,0.0
LOAN000725,2024-10-31,0,0.1998,0.7478,60.0
LOAN000561,2024-10-31,30,0.0149,0.4337,0.0
LOAN000698,2024-10-31,0,0.2898,0.4362,0.0
LOAN000005,2024-10-31,0,0.1564,0.4043,0.0
LOAN000665,2024-10-31,0,0.0286,0.2897,0.0
LOAN000840,2024-10-31,60,0.0963,0.7961,0.0
LOAN000351,2024-10-31,0,0.269,0.5245,0.0
LOAN000818,2024-10-31,0,0.0483,0.5182,0.0
LOAN000444,2024-10-31,0,0.121,0.8115,0.0
LOAN000610,2024-10-31,0,0.0307,0.3375,60.0
LOAN000215,2024-10-31,30,0.2517,0.6914,0.0
LOAN000528,2024-10-31,0,0.1319,0.3018,0.0
LOAN000208,2024-10-31,30,0.0627,0.3032,60.0
LOAN000175,2024-10-31,0,0.2706,0.8326,0.0
LOAN000510,2024-10-31,0,0.2711,0.406,0.0
LOAN000691,2024-10-31,90,0.228,0.6928,30.0
LOAN000553,2024-10-31,60,0.2063,0.8792,60.0
LOAN000967,2024-10-31,0,0.2873,0.2883,0.0
LOAN000645,2024-10-31,0,0.2502,0.3418,60.0
LOAN000835,2024-10-31,0,0.1064,0.433,0.0
LOAN000076,2024-10-31,0,0.0678,0.8158,0.0
LOAN000764,2024-10-31,0,0.0261,0.7357,0.0
LOAN000042,2024-10-31,0,0.2579,0.2078,0.0
LOAN000795,2024-10-31,0,0.0981,0.8458,0.0
LOAN000394,2024-10-31,60,0.1966,0.2083,0.0
LOAN000342,2024-10-31,0,0.0647,0.611,0.0
LOAN000625,2024-10-31,90,0.1952,0.4955,0.0
LOAN000018,2024-10-31,0,0.0739,0.2596,0.0
LOAN000677,2024-10-31,30,0.0692,0.4862,0.0
LOAN000446,2024-10-31,60,0.11,0.4639,0.0
LOAN000975,2024-10-31,0,0.1626,0.3926,30.0
LOAN000267,2024-10-31,0,0.0718,0.517,0.0
LOAN000834,2024-10-31,0,0.2263,0.5714,0.0
LOAN000421,2024-10-31,0,0.0556,0.8658,0.0
LOAN000798,2024-10-31,30,0.2019,0.2635,0.0
LOAN000726,2024-10-31,0,0.2542,0.5187,30.0
LOAN000847,2024-10-31,0,0.2747,0.7816,0.0
LOAN000061,2024-10-31,0,0.1558,0.6741,0.0
LOAN000154,2024-10-31,0,0.0471,0.7473,0.0
LOAN000659,2024-10-31,60,0.1432,0.896,60.0
LOAN000948,2024-10-31,0,0.2333,0.8252,30.0
LOAN000910,2024-10-31,60,0.0355,0.8411,0.0
LOAN000927,2024-10-31,0,0.02,0.3106,0.0
LOAN000285,2024-10-31,0,0.2233,0.3186,0.0
LOAN000705,2024-10-31,60,0.0239,0.4267,0.0
LOAN000239,2024-10-31,0,0.0619,0.7822,0.0
LOAN000603,2024-10-31,0,0.2285,0.654,0.0
LOAN000288,2024-10-31,0,0.0406,0.745,0.0
LOAN000082,2024-10-31,60,0.1469,0.2794,0.0
LOAN000183,2024-10-31,0,0.1534,0.2401,0.0
LOAN000758,2024-10-31,60,0.0715,0.2606,30.0
LOAN000864,2024-10-31,0,0.0459,0.8385,0.0
LOAN000924,2024-10-31,0,0.0217,0.331,30.0
LOAN000059,2024-10-31,0,0.0286,0.5937,0.0
LOAN000682,2024-10-31,0,0.1035,0.5092,0.0
LOAN000976,2024-10-31,30,0.0426,0.4997,90.0
LOAN000846,2024-10-31,0,0.2753,0.3016,0.0
LOAN000440,2024-10-31,0,0.1077,0.2396,60.0
LOAN000325,2024-10-31,60,0.1787,0.7252,30.0
LOAN000551,2024-10-31,0,0.0395,0.5164,0.0
LOAN000903,2024-10-31,0,0.0654,0.2088,0.0
LOAN000165,2024-10-31,0,0.1696,0.6721,0.0
LOAN000873,2024-10-31,0,0.2756,0.534,0.0
LOAN000559,2024-10-31,0,0.0854,0.5156,90.0
LOAN000587,2024-10-31,0,0.2498,0.4204,60.0
LOAN000786,2024-10-31,60,0.1474,0.3983,0.0
LOAN000249,2024-10-31,0,0.1324,0.6101,0.0
LOAN000218,2024-10-31,0,0.0947,0.2276,0.0
LOAN000956,2024-10-31,0,0.0946,0.312,0.0
LOAN000428,2024-10-31,0,0.2087,0.6817,30.0
LOAN000863,2024-10-31,90,0.0868,0.5607,0.0
LOAN000807,2024-10-31,0,0.0845,0.6795,0.0
LOAN000008,2024-10-31,0,0.2132,0.4167,0.0
LOAN000004,2024-10-31,0,0.0975,0.3,0.0
LOAN000447,2024-10-31,90,0.1649,0.5869,0.0
LOAN000681,2024-10-31,30,0.2965,0.887,0.0
LOAN000240,2024-10-31,0,0.1747,0.3544,0.0
LOAN000496,2024-10-31,90,0.2318,0.3085,0.0
LOAN000232,2024-10-31,0,0.1559,0.5187,30.0
LOAN000912,2024-10-31,0,0.2871,0.4343,0.0
LOAN000149,2024-10-31,0,0.0495,0.2169,0.0
LOAN000355,2024-10-31,0,0.2628,0.4441,0.0
LOAN000491,2024-10-31,30,0.0127,0.5077,30.0
LOAN000072,2024-10-31,0,0.1871,0.4174,30.0
LOAN000831,2024-10-31,30,0.0991,0.854,0.0
LOAN000150,2024-10-31,0,0.0158,0.6131,0.0
LOAN000166,2024-10-31,0,0.1405,0.7112,30.0
LOAN000143,2024-10-31,0,0.2307,0.821,60.0
LOAN000074,2024-10-31,30,0.0484,0.6941,0.0
LOAN000096,2024-10-31,30,0.1629,0.4806,0.0
LOAN000766,2024-10-31,0,0.1895,0.676,0.0
LOAN000450,2024-10-31,30,0.1536,0.8859,0.0
LOAN000658,2024-10-31,0,0.2569,0.6369,0.0
LOAN000031,2024-10-31,0,0.2759,0.3855,60.0
LOAN000598,2024-10-31,0,0.0588,0.3917,60.0
LOAN000258,2024-10-31,0,0.0493,0.2477,0.0
LOAN000354,2024-10-31,0,0.0449,0.2506,0.0
LOAN000936,2024-10-31,0,0.2448,0.3422,0.0
LOAN000622,2024-10-31,0,0.1956,0.5052,30.0
LOAN000846,2024-10-31,30,0.1681,0.8455,0.0
LOAN000097,2024-10-31,0,0.0343,0.2943,0.0
LOAN000714,2024-10-31,0,0.1321,0.7025,60.0
LOAN000208,2024-10-31,30,0.2841,0.5393,30.0
LOAN000321,2024-10-31,0,0.0344,0.8125,30.0
LOAN000864,2024-10-31,0,0.0526,0.8709,0.0
LOAN000361,2024-10-31,0,0.1343,0.4294,60.0
LOAN000161,2024-10-31,30,0.1373,0.6093,60.0
LOAN000598,2024-10-31,0,0.1926,0.374,0.0
LOAN000829,2024-10-31,0,0.0749,0.6614,0.0
LOAN000765,2024-10-31,0,0.0124,0.3098,60.0
LOAN000547,2024-10-31,0,0.1067,0.6891,0.0
LOAN000129,2024-10-31,30,0.2686,0.4449,0.0
LOAN000385,2024-10-31,0,0.0806,0.4543,0.0
LOAN000779,2024-10-31,60,0.1155,0.6857,30.0
LOAN000319,2024-10-31,0,0.107,0.5435,0.0
LOAN000542,2024-10-31,30,0.1173,0.7512,30.0
LOAN000297,2024-10-31,0,0.0441,0.7129,0.0
LOAN000262,2024-10-31,60,0.2818,0.4083,0.0
LOAN000790,2024-10-31,0,0.2132,0.355,0.0
LOAN000378,2024-10-31,0,0.2449,0.7922,30.0
LOAN000462,2024-10-31,0,0.2638,0.5537,0.0
LOAN000217,2024-10-31,0,0.1381,0.6313,30.0
LOAN000191,2024-10-31,0,0.1588,0.6484,0.0
LOAN000700,2024-10-31,60,0.0983,0.5748,0.0
LOAN000588,2024-10-31,0,0.1085,0.2903,0.0
LOAN000670,2024-10-31,30,0.0277,0.407,30.0
LOAN000495,2024-10-31,0,0.1504,0.4644,0.0
LOAN000901,2024-10-31,0,0.1738,0.4878,30.0
LOAN000794,2024-10-31,0,0.1424,0.8027,30.0
LOAN000592,2024-10-31,0,0.0945,0.8519,0.0
LOAN000886,2024-10-31,0,0.1468,0.2978,0.0
LOAN000800,2024-10-31,60,0.2742,0.8724,0.0
LOAN000852,2024-10-31,90,0.0905,0.4424,0.0
LOAN000432,2024-10-31,0,0.2683,0.3195,0.0
LOAN000571,2024-10-31,30,0.1854,0.6114,0.0
LOAN000700,2024-10-31,0,0.1692,0.5804,60.0
LOAN000169,2024-10-31,0,0.2874,0.3129,0.0
LOAN000173,2024-10-31,30,0.2406,0.6135,30.0
LOAN000129,2024-10-31,0,0.2188,0.8426,30.0
LOAN000991,2024-10-31,0,0.0666,0.4758,30.0
LOAN000964,2024-10-31,60,0.1236,0.75,0.0
LOAN000645,2024-10-31,90,0.0363,0.7051,0.0
LOAN000364,2024-10-31,30,0.2303,0.4105,0.0
LOAN000344,2024-10-31,0,0.0931,0.3153,30.0
LOAN000246,2024-10-31,0,0.2229,0.2548,0.0
LOAN000709,2024-10-31,0,0.2414,0.8032,0.0
LOAN000000,2024-10-31,60,0.0687,0.6993,0.0
LOAN000022,2024-10-31,0,0.1437,0.7459,30.0
LOAN000182,2024-10-31,0,0.0856,0.8171,0.0
LOAN000327,2024-10-31,0,0.0293,0.8824,0.0
LOAN000710,2024-10-31,60,0.1124,0.5382,0.0
LOAN000096,2024-10-31,60,0.1954,0.4073,30.0
LOAN000984,2024-10-31,0,0.2502,0.2851,0.0
LOAN000131,2024-10-31,0,0.1503,0.7997,0.0
LOAN000920,2024-10-31,0,0.0722,0.5053,30.0
LOAN000524,2024-10-31,0,0.1445,0.7013,0.0
LOAN000927,2024-10-31,0,0.2677,0.3391,0.0
LOAN000713,2024-10-31,0,0.1084,0.5378,0.0
LOAN000486,2024-10-31,0,0.1444,0.6543,0.0
LOAN000973,2024-10-31,30,0.0738,0.6468,30.0
LOAN000412,2024-10-31,30,0.2817,0.7695,30.0
LOAN000316,2024-10-31,30,0.2042,0.846,0.0
LOAN000544,2024-10-31,0,0.2149,0.3449,60.0
LOAN000374,2024-10-31,60,0.0449,0.7472,0.0
LOAN000493,2024-10-31,0,0.1481,0.892,0.0
LOAN000289,2024-10-31,0,0.0386,0.7473,90.0
LOAN000889,2024-10-31,0,0.1383,0.3018,90.0
LOAN000580,2024-10-31,0,0.1037,0.4662,30.0
LOAN000471,2024-10-31,60,0.1807,0.2601,0.0
LOAN000335,2024-10-31,30,0.1577,0.4119,30.0
LOAN000682,2024-10-31,0,0.1518,0.3522,0.0
LOAN000363,2024-10-31,30,0.1977,0.3557,0.0
LOAN000954,2024-10-31,0,0.1515,0.8974,30.0
LOAN000310,2024-10-31,0,0.1179,0.541,0.0
LOAN000816,2024-10-31,0,0.2459,0.5545,0.0
LOAN000615,2024-10-31,90,0.0879,0.7396,0.0
LOAN000146,2024-10-31,0,0.1916,0.4197,30.0
LOAN000265,2024-10-31,60,0.2652,0.3788,0.0
LOAN000496,2024-10-31,0,0.0347,0.2898,90.0
LOAN000005,2024-10-31,60,0.2913,0.2867,0.0
LOAN000729,2024-10-31,0,0.0386,0.4781,0.0
LOAN000570,2024-10-31,0,0.22,0.3304,0.0
LOAN000318,2024-10-31,30,0.2907,0.5628,0.0
LOAN000917,2024-10-31,30,0.2651,0.5089,0.0
LOAN000408,2024-10-31,0,0.1703,0.8844,0.0
LOAN000798,2024-10-31,60,0.0525,0.6099,30.0
LOAN000349,2024-10-31,0,0.0818,0.4311,60.0
LOAN000842,2024-10-31,0,0.1478,0.4425,0.0
LOAN000925,2024-10-31,0,0.23,0.2987,0.0
LOAN000414,2024-10-31,30,0.2882,0.5845,30.0
LOAN000000,2024-10-31,0,0.0615,0.509,60.0
LOAN000359,2024-10-31,0,0.2391,0.3925,60.0
LOAN000544,2024-10-31,60,0.2806,0.6463,0.0
LOAN000735,2024-10-31,0,0.0114,0.4576,0.0
LOAN000282,2024-10-31,30,0.0774,0.365,0.0
LOAN000656,2024-10-31,0,0.1752,0.6657,30.0
LOAN000563,2024-10-31,30,0.0841,0.7806,0.0
LOAN000125,2024-10-31,0,0.0203,0.5124,0.0
LOAN000125,2024-10-31,0,0.0935,0.2804,0.0
LOAN000233,2024-10-31,0,0.0925,0.7892,30.0
LOAN000595,2024-10-31,0,0.2206,0.5486,0.0
LOAN000222,2024-10-31,0,0.0645,0.5357,30.0
LOAN000316,2024-10-31,60,0.2141,0.5478,30.0
LOAN000761,2024-10-31,60,0.0332,0.768,0.0
LOAN000314,2024-10-31,0,0.04,0.8014,0.0
LOAN000775,2024-10-31,0,0.2432,0.4935,30.0
LOAN000560,2024-10-31,0,0.1749,0.6109,60.0
LOAN000416,2024-10-31,0,0.2952,0.4447,0.0
LOAN000461,2024-10-31,0,0.1756,0.6861,0.0
LOAN000439,2024-10-31,0,0.2313,0.77,0.0
LOAN000772,2024-10-31,0,0.1653,0.7907,0.0
LOAN000197,2024-10-31,0,0.0893,0.6557,30.0
LOAN000267,2024-10-31,0,0.0624,0.2896,0.0
LOAN000032,2024-10-31,30,0.1749,0.6445,0.0
LOAN000107,2024-10-31,0,0.0209,0.5858,90.0
LOAN000416,2024-10-31,60,0.2082,0.5131,0.0
LOAN000364,2024-10-31,0,0.1395,0.7662,30.0
LOAN000011,2024-10-31,0,0.0639,0.4606,0.0
LOAN000214,2024-10-31,0,0.22,0.7456,0.0
LOAN000042,2024-10-31,30,0.1576,0.6076,0.0
LOAN000966,2024-10-31,0,0.1944,0.236,30.0
LOAN000758,2024-10-31,30,0.2543,0.4976,60.0
LOAN000848,2024-10-31,0,0.1047,0.4866,0.0
LOAN000301,2024-10-31,0,0.1416,0.5047,0.0
LOAN000693,2024-10-31,0,0.1378,0.8751,0.0
LOAN000621,2024-10-31,0,0.132,0.845,60.0
LOAN000243,2024-10-31,0,0.0866,0.3859,0.0
LOAN000011,2024-10-31,0,0.1135,0.4253,0.0
LOAN000689,2024-10-31,0,0.0369,0.3821,90.0
LOAN000916,2024-10-31,90,0.1336,0.8786,0.0
LOAN000901,2024-10-31,90,0.1136,0.2088,0.0
LOAN000017,2024-10-31,0,0.107,0.2841,0.0
LOAN000814,2024-10-31,30,0.2743,0.2139,0.0
LOAN000688,2024-10-31,0,0.1236,0.237,0.0
LOAN000964,2024-10-31,0,0.2954,0.5496,60.0
LOAN000175,2024-10-31,30,0.0733,0.4412,0.0
LOAN000273,2024-10-31,30,0.2753,0.5134,0.0
LOAN000241,2024-10-31,30,0.2375,0.2982,0.0
LOAN000823,2024-10-31,30,0.2917,0.419,0.0
LOAN000813,2024-10-31,30,0.1138,0.5975,0.0
LOAN000644,2024-10-31,0,0.0319,0.5105,0.0
LOAN000091,2024-10-31,0,0.0672,0.2242,0.0
LOAN000622,2024-10-31,30,0.2687,0.86,0.0
LOAN000411,2024-10-31,0,0.1335,0.697,0.0
LOAN000854,2024-10-31,60,0.0389,0.5783,0.0
LOAN000126,2024-10-31,0,0.2869,0.5267,30.0
LOAN000230,2024-10-31,0,0.0506,0.6131,0.0
LOAN000028,2024-10-31,0,0.2196,0.8642,0.0
LOAN000765,2024-10-31,90,0.1194,0.8854,0.0
LOAN000756,2024-10-31,30,0.1861,0.7846,30.0
LOAN000475,2024-10-31,0,0.0178,0.6225,0.0
LOAN000137,2024-10-31,60,0.169,0.379,0.0
LOAN000183,2024-10-31,0,0.0628,0.5793,0.0
LOAN000271,2024-10-31,0,0.0895,0.2916,0.0
LOAN000866,2024-10-31,0,0.0111,0.7681,0.0
LOAN000642,2024-10-31,0,0.0392,0.5916,60.0
LOAN000310,2024-10-31,0,0.0492,0.4501,0.0
LOAN000088,2024-10-31,90,0.0977,0.87,0.0
LOAN000771,2024-10-31,0,0.0558,0.2397,0.0
LOAN000400,2024-10-31,0,0.1094,0.4125,0.0
LOAN000505,2024-10-31,0,0.2532,0.6699,0.0
LOAN000988,2024-10-31,0,0.1932,0.4646,0.0
LOAN000218,2024-10-31,0,0.08,0.6131,0.0
LOAN000437,2024-10-31,60,0.2847,0.5416,0.0
LOAN000255,2024-10-31,30,0.0934,0.7623,0.0
LOAN000840,2024-10-31,0,0.2693,0.2234,60.0
LOAN000948,2024-10-31,0,0.0608,0.4871,0.0
LOAN000765,2024-10-31,0,0.2537,0.4936,90.0
LOAN000642,2024-10-31,0,0.1046,0.545,0.0
LOAN000786,2024-10-31,0,0.278,0.4864,60.0
LOAN000275,2024-10-31,30,0.1858,0.6888,0.0
LOAN000171,2024-10-31,0,0.08,0.7083,0.0
LOAN000743,2024-10-31,0,0.2846,0.793,0.0
LOAN000799,2024-10-31,0,0.0697,0.2302,0.0
LOAN000503,2024-10-31,0,0.1676,0.7516,0.0
LOAN000667,2024-10-31,60,0.2542,0.6799,0.0
LOAN000838,2024-10-31,0,0.2851,0.8881,0.0
LOAN000339,2024-10-31,0,0.2775,0.2725,30.0
LOAN000712,2024-10-31,0,0.0689,0.8949,30.0
LOAN000767,2024-10-31,90,0.2069,0.4239,90.0
LOAN000495,2024-10-31,30,0.054,0.8448,0.0
LOAN000161,2024-10-31,0,0.029,0.4606,30.0
LOAN000347,2024-10-31,0,0.1568,0.5261,0.0
LOAN000361,2024-10-31,0,0.0473,0.7033,0.0
LOAN000016,2024-10-31,0,0.2091,0.4921,0.0
LOAN000061,2024-10-31,0,0.2917,0.4814,0.0
LOAN000067,2024-10-31,0,0.0885,0.6538,60.0
LOAN000188,2024-10-31,0,0.1556,0.4964,0.0
LOAN000151,2024-10-31,0,0.2705,0.8063,0.0
LOAN000617,2024-10-31,0,0.1968,0.4267,30.0
LOAN000077,2024-10-31,30,0.0913,0.4133,30.0
LOAN000724,2024-10-31,0,0.2139,0.7213,0.0
LOAN000692,2024-10-31,0,0.0673,0.7584,60.0
LOAN000256,2024-10-31,0,0.2058,0.5324,30.0
LOAN000321,2024-10-31,0,0.2683,0.5101,0.0
LOAN000004,2024-10-31,0,0.0279,0.525,0.0
LOAN000885,2024-10-31,0,0.2321,0.4664,60.0
LOAN000653,2024-10-31,0,0.0917,0.8955,0.0
LOAN000665,2024-10-31,60,0.1709,0.6636,0.0
LOAN000271,2024-10-31,60,0.1202,0.8178,0.0
LOAN000371,2024-10-31,0,0.0471,0.2502,0.0
LOAN000198,2024-10-31,0,0.1776,0.5787,60.0
LOAN000786,2024-10-31,60,0.2254,0.5039,0.0
LOAN000964,2024-10-31,60,0.266,0.8127,0.0
LOAN000322,2024-10-31,0,0.1819,0.4846,0.0
LOAN000403,2024-10-31,0,0.0314,0.8129,0.0
LOAN000992,2024-10-31,0,0.1775,0.4836,60.0
LOAN000917,2024-10-31,0,0.1541,0.3149,30.0
LOAN000983,2024-10-31,0,0.108,0.8553,0.0
LOAN000098,2024-10-31,0,0.1283,0.3662,0.0
LOAN000034,2024-10-31,30,0.0839,0.2254,0.0
LOAN000991,2024-10-31,30,0.0983,0.6847,0.0
LOAN000903,2024-10-31,30,0.1644,0.5009,0.0
LOAN000318,2024-10-31,0,0.1461,0.4921,30.0
LOAN000885,2024-10-31,60,0.0279,0.4029,0.0
LOAN000794,2024-10-31,0,0.2283,0.7708,0.0
LOAN000109,2024-10-31,0,0.0168,0.572,60.0
LOAN000593,2024-10-31,0,0.1218,0.6997,90.0
LOAN000371,2024-10-31,60,0.2018,0.3282,0.0
LOAN000112,2024-10-31,0,0.1436,0.2675,0.0
LOAN000598,2024-10-31,0,0.1107,0.245,0.0
LOAN000833,2024-10-31,0,0.2347,0.3508,0.0
LOAN000592,2024-10-31,0,0.283,0.5757,0.0
LOAN000332,2024-10-31,0,0.0528,0.8154,0.0
LOAN000091,2024-10-31,60,0.2269,0.5807,0.0
LOAN000404,2024-10-31,90,0.1894,0.3588,0.0
LOAN000256,2024-10-31,0,0.0236,0.7839,0.0
LOAN000381,2024-10-31,0,0.1203,0.8672,60.0
LOAN000806,2024-10-31,0,0.0606,0.2835,30.0
LOAN000237,2024-10-31,0,0.1389,0.8678,30.0
LOAN000534,2024-10-31,0,0.2144,0.4127,0.0
LOAN000676,2024-10-31,30,0.1366,0.6499,0.0
LOAN000296,2024-10-31,0,0.0994,0.6234,0.0
LOAN000084,2024-10-31,0,0.2163,0.4141,0.0
LOAN000088,2024-10-31,90,0.1377,0.4867,90.0
LOAN000837,2024-10-31,0,0.1015,0.5088,0.0
LOAN000882,2024-10-31,0,0.0834,0.7158,0.0
LOAN000636,2024-10-31,60,0.2177,0.2508,0.0
LOAN000863,2024-10-31,0,0.0346,0.4666,90.0
LOAN000656,2024-10-31,60,0.2495,0.5546,0.0
LOAN000796,2024-10-31,30,0.0748,0.7083,0.0
LOAN000739,2024-10-31,60,0.2918,0.7897,30.0
LOAN000288,2024-10-31,0,0.2302,0.8022,0.0
LOAN000695,2024-10-31,0,0.203,0.4674,0.0
LOAN000369,2024-10-31,0,0.227,0.8649,0.0
LOAN000574,2024-10-31,0,0.1182,0.699,0.0
LOAN000133,2024-10-31,0,0.2131,0.344,0.0
LOAN000308,2024-10-31,0,0.017,0.8343,30.0
LOAN000415,2024-10-31,30,0.0368,0.4473,0.0
LOAN000589,2024-10-31,30,0.1306,0.6122,30.0
LOAN000984,2024-10-31,0,0.1251,0.3747,0.0
LOAN000661,2024-10-31,0,0.2395,0.4314,0.0
LOAN000372,2024-10-31,60,0.161,0.5886,0.0
LOAN000403,2024-10-31,0,0.2701,0.6475,0.0
LOAN000985,2024-10-31,0,0.1804,0.856,0.0
LOAN000588,2024-10-31,0,0.0375,0.3733,0.0
LOAN000859,2024-10-31,0,0.0489,0.2338,0.0
LOAN000903,2024-11-30,0,0.2495,0.2348,30.0
LOAN000796,2024-11-30,0,0.0303,0.4572,30.0
LOAN000782,2024-11-30,0,0.0173,0.4058,90.0
LOAN000345,2024-11-30,0,0.2144,0.6013,0.0
LOAN000913,2024-11-30,0,0.1618,0.5722,0.0
LOAN000335,2024-11-30,30,0.1326,0.8136,30.0
LOAN000211,2024-11-30,0,0.0993,0.2594,0.0
LOAN000436,2024-11-30,0,0.1617,0.7307,60.0
LOAN000955,2024-11-30,90,0.1528,0.2156,30.0
LOAN000508,2024-11-30,0,0.1325,0.4064,0.0
LOAN000223,2024-11-30,0,0.2991,0.4926,30.0
LOAN000578,2024-11-30,0,0.0279,0.4244,0.0
LOAN000392,2024-11-30,0,0.1984,0.7069,0.0
LOAN000771,2024-11-30,30,0.0968,0.64,0.0
LOAN000642,2024-11-30,0,0.0698,0.4962,0.0
LOAN000627,2024-11-30,0,0.1838,0.8748,30.0
LOAN000834,2024-11-30,60,0.0804,0.4462,0.0
LOAN000725,2024-11-30,30,0.1103,0.4298,0.0
LOAN000386,2024-11-30,30,0.2975,0.2685,60.0
LOAN000113,2024-11-30,30,0.185,0.8381,0.0
LOAN000143,2024-11-30,0,0.0215,0.5548,0.0
LOAN000646,2024-11-30,0,0.2453,0.5204,0.0
LOAN000763,2024-11-30,0,0.1942,0.2637,0.0
LOAN000054,2024-11-30,0,0.2894,0.8607,0.0
LOAN000487,2024-11-30,0,0.232,0.4533,60.0
LOAN000685,2024-11-30,0,0.1206,0.2078,30.0
LOAN000135,2024-11-30,30,0.0237,0.8778,30.0
LOAN000807,2024-11-30,60,0.2153,0.8104,0.0
LOAN000369,2024-11-30,30,0.059,0.4462,0.0
LOAN000240,2024-11-30,30,0.0468,0.3768,0.0
LOAN000103,2024-11-30,60,0.2666,0.574,0.0
LOAN000426,2024-11-30,30,0.0567,0.8829,0.0
LOAN000150,2024-11-30,0,0.186,0.3006,0.0
LOAN000381,2024-11-30,0,0.1271,0.7104,0.0
LOAN000963,2024-11-30,0,0.2808,0.6165,0.0
LOAN000501,2024-11-30,30,0.207,0.7375,0.0
LOAN000574,2024-11-30,0,0.1979,0.8209,0.0
LOAN000856,2024-11-30,90,0.0473,0.4604,0.0
LOAN000004,2024-11-30,0,0.2946,0.7876,0.0
LOAN000444,2024-11-30,0,0.0307,0.6804,0.0
LOAN000140,2024-11-30,0,0.2468,0.2851,30.0
LOAN000766,2024-11-30,0,0.1224,0.6263,0.0
LOAN000860,2024-11-30,60,0.1186,0.7335,0.0
LOAN000383,2024-11-30,0,0.1056,0.7241,60.0
LOAN000213,2024-11-30,0,0.0659,0.487,0.0
LOAN000471,2024-11-30,30,0.2201,0.5014,60.0
LOAN000039,2024-11-30,0,0.2423,0.2653,30.0
LOAN000903,2024-11-30,0,0.2849,0.3904,0.0
LOAN000590,2024-11-30,0,0.0894,0.7294,0.0
LOAN000236,2024-11-30,0,0.1418,0.5126,0.0
LOAN000488,2024-11-30,0,0.2094,0.2665,0.0
LOAN000311,2024-11-30,30,0.1945,0.4207,60.0
LOAN000068,2024-11-30,0,0.1388,0.4696,0.0
LOAN000076,2024-11-30,0,0.2791,0.5418,0.0
LOAN000947,2024-11-30,30,0.2865,0.875,0.0
LOAN000737,2024-11-30,0,0.2916,0.2446,30.0
LOAN000264,2024-11-30,60,0.0382,0.6784,0.0
LOAN000401,2024-11-30,0,0.0868,0.455,0.0
LOAN000566,2024-11-30,0,0.2234,0.5214,0.0
LOAN000698,2024-11-30,0,0.0282,0.8194,0.0
LOAN000565,2024-11-30,0,0.102,0.3376,0.0
LOAN000283,2024-11-30,0,0.1853,0.3316,0.0
LOAN000279,2024-11-30,0,0.086,0.8834,0.0
LOAN000800,2024-11-30,60,0.2465,0.5052,60.0
LOAN000201,2024-11-30,0,0.188,0.5025,0.0
LOAN000915,2024-11-30,0,0.2589,0.4906,60.0
LOAN000927,2024-11-30,30,0.1709,0.3415,0.0
LOAN000478,2024-11-30,0,0.1554,0.3395,0.0
LOAN000038,2024-11-30,0,0.2087,0.4679,0.0
LOAN000022,2024-11-30,60,0.1824,0.883,0.0
LOAN000099,2024-11-30,60,0.1797,0.3949,0.0
LOAN000341,2024-11-30,0,0.174,0.6378,0.0
LOAN000615,2024-11-30,60,0.1049,0.6588,90.0
LOAN000486,2024-11-30,0,0.2392,0.6559,0.0
LOAN000817,2024-11-30,0,0.1529,0.5561,0.0
LOAN000768,2024-11-30,30,0.1515,0.8709,0.0
LOAN000034,2024-11-30,0,0.0441,0.6474,30.0
LOAN000503,2024-11-30,0,0.2438,0.7756,0.0
LOAN000566,2024-11-30,0,0.2327,0.8411,0.0
LOAN000001,2024-11-30,0,0.1101,0.8205,0.0
LOAN000867,2024-11-30,0,0.1832,0.3497,60.0
LOAN000950,2024-11-30,0,0.075,0.6749,0.0
LOAN000827,2024-11-30,0,0.2275,0.6031,0.0
LOAN000993,2024-11-30,60,0.1833,0.8697,0.0
LOAN000764,2024-11-30,0,0.2068,0.7118,0.0
LOAN000906,2024-11-30,0,0.0856,0.3126,0.0
LOAN000318,2024-11-30,30,0.0845,0.6989,0.0
LOAN000671,2024-11-30,60,0.1769,0.8532,0.0
LOAN000522,2024-11-30,0,0.178,0.4661,0.0
LOAN000483,2024-11-30,0,0.0322,0.7865,0.0
LOAN000018,2024-11-30,60,0.0925,0.3594,0.0
LOAN000203,2024-11-30,0,0.1239,0.4743,0.0
LOAN000288,2024-11-30,0,0.1742,0.5231,0.0
LOAN000860,2024-11-30,60,0.1937,0.7229,60.0
LOAN000761,2024-11-30,0,0.2822,0.7235,60.0
LOAN000380,2024-11-30,30,0.2438,0.8154,60.0
LOAN000631,2024-11-30,90,0.0686,0.5409,0.0
LOAN000029,2024-11-30,30,0.0587,0.3553,0.0
LOAN000853,2024-11-30,0,0.1555,0.3005,60.0
LOAN000702,2024-11-30,30,0.1361,0.6687,0.0
LOAN000164,2024-11-30,0,0.1565,0.7669,0.0
LOAN000681,2024-11-30,0,0.0948,0.2992,30.0
LOAN000401,2024-11-30,0,0.0195,0.503,0.0
LOAN000270,2024-11-30,0,0.2007,0.8749,30.0
LOAN000044,2024-11-30,0,0.2191,0.6245,0.0
LOAN000295,2024-11-30,0,0.1895,0.4741,30.0
LOAN000575,2024-11-30,0,0.1604,0.5575,60.0
LOAN000045,2024-11-30,60,0.2993,0.406,0.0
LOAN000213,2024-11-30,30,0.1604,0.3031,0.0
LOAN000873,2024-11-30,0,0.249,0.3751,0.0
LOAN000273,2024-11-30,0,0.1678,0.7257,30.0
LOAN000464,2024-11-30,0,0.1344,0.4408,0.0
LOAN000786,2024-11-30,0,0.2798,0.4139,60.0
LOAN000298,2024-11-30,0,0.0248,0.2606,0.0
LOAN000859,2024-11-30,30,0.1258,0.8677,0.0
LOAN000556,2024-11-30,30,0.1258,0.7783,0.0
LOAN000593,2024-11-30,30,0.286,0.3224,0.0
LOAN000418,2024-11-30,0,0.1668,0.4829,0.0
LOAN000332,2024-11-30,30,0.175,0.8444,0.0
LOAN000941,2024-11-30,0,0.0401,0.8731,0.0
LOAN000717,2024-11-30,60,0.1972,0.8224,0.0
LOAN000225,2024-11-30,0,0.139,0.4734,0.0
LOAN000214,2024-11-30,30,0.0739,0.6762,0.0
LOAN000583,2024-11-30,0,0.2705,0.5862,60.0
LOAN000530,2024-11-30,0,0.0454,0.2996,0.0
LOAN000471,2024-11-30,0,0.0718,0.7235,30.0
LOAN000487,2024-11-30,60,0.1315,0.878,0.0
LOAN000554,2024-11-30,0,0.1068,0.8058,0.0
LOAN000374,2024-11-30,0,0.0237,0.8233,60.0
LOAN000162,2024-11-30,0,0.0925,0.7897,60.0
LOAN000007,2024-11-30,0,0.0498,0.4181,0.0
LOAN000774,2024-11-30,90,0.258,0.725,0.0
LOAN000487,2024-11-30,0,0.0644,0.8671,60.0
LOAN000866,2024-11-30,0,0.2557,0.5995,0.0
LOAN000146,2024-11-30,0,0.098,0.2049,0.0
LOAN000223,2024-11-30,30,0.2307,0.7182,0.0
LOAN000448,2024-11-30,0,0.0921,0.7852,0.0
LOAN000935,2024-11-30,0,0.2007,0.5025,30.0
LOAN000559,2024-11-30,0,0.0378,0.3366,0.0
LOAN000057,2024-11-30,0,0.0997,0.6694,0.0
LOAN000842,2024-11-30,0,0.0156,0.4872,0.0
LOAN000706,2024-11-30,30,0.2309,0.7045,60.0
LOAN000833,2024-11-30,0,0.241,0.4246,0.0
LOAN000821,2024-11-30,0,0.1663,0.4008,0.0
LOAN000697,2024-11-30,0,0.286,0.6463,0.0
LOAN000999,2024-11-30,0,0.2678,0.6728,0.0
LOAN000242,2024-11-30,30,0.2889,0.7458,0.0
LOAN000209,2024-11-30,60,0.277,0.638,0.0
LOAN000811,2024-11-30,0,0.1148,0.6953,90.0
LOAN000455,2024-11-30,0,0.1208,0.8579,0.0
LOAN000249,2024-11-30,0,0.0492,0.3908,0.0
LOAN000079,2024-11-30,0,0.2385,0.3827,0.0
LOAN000551,2024-11-30,0,0.2102,0.2571,0.0
LOAN000913,2024-11-30,90,0.2849,0.7021,0.0
LOAN000270,2024-11-30,30,0.2067,0.8618,0.0
LOAN000785,2024-11-30,0,0.2268,0.6792,60.0
LOAN000603,2024-11-30,0,0.2931,0.7191,0.0
LOAN000694,2024-11-30,0,0.2617,0.4662,0.0
LOAN000475,2024-11-30,0,0.168,0.6082,0.0
LOAN000503,2024-11-30,60,0.0576,0.3584,0.0
LOAN000853,2024-11-30,0,0.0743,0.5803,0.0
LOAN000731,2024-11-30,0,0.0128,0.3165,0.0
LOAN000749,2024-11-30,0,0.0266,0.496,0.0
LOAN000696,2024-11-30,0,0.0669,0.8674,0.0
LOAN000776,2024-11-30,30,0.1242,0.2107,0.0
LOAN000194,2024-11-30,0,0.1187,0.3598,0.0
LOAN000358,2024-11-30,60,0.1982,0.5781,0.0
LOAN000158,2024-11-30,0,0.295,0.8138,0.0
LOAN000107,2024-11-30,0,0.2206,0.5182,0.0
LOAN000199,2024-11-30,0,0.1671,0.4678,0.0
LOAN000856,2024-11-30,0,0.1689,0.3254,90.0
LOAN000306,2024-11-30,0,0.0224,0.3392,0.0
LOAN000558,2024-11-30,60,0.2858,0.3896,0.0
LOAN000532,2024-11-30,0,0.0807,0.2586,0.0
LOAN000912,2024-11-30,0,0.0789,0.45,0.0
LOAN000820,2024-11-30,60,0.2048,0.3431,90.0
LOAN000960,2024-11-30,0,0.0136,0.3001,0.0
LOAN000439,2024-11-30,0,0.1635,0.3082,0.0
LOAN000584,2024-11-30,0,0.1642,0.2133,0.0
LOAN000320,2024-11-30,30,0.1594,0.5732,0.0
LOAN000625,2024-11-30,0,0.2595,0.2865,90.0
LOAN000819,2024-11-30,0,0.1933,0.4338,60.0
LOAN000720,2024-11-30,0,0.0352,0.216,0.0
LOAN000406,2024-11-30,0,0.1181,0.2724,30.0
LOAN000465,2024-11-30,90,0.0704,0.6065,0.0
LOAN000648,2024-11-30,0,0.1817,0.6143,0.0
LOAN000126,2024-11-30,0,0.0675,0.7569,0.0
LOAN000906,2024-11-30,30,0.2703,0.4008,0.0
LOAN000680,2024-11-30,0,0.1668,0.4612,60.0
LOAN000057,2024-11-30,30,0.0389,0.4511,0.0
LOAN000325,2024-11-30,60,0.1351,0.5833,60.0
LOAN000711,2024-11-30,0,0.2708,0.5945,0.0
LOAN000080,2024-11-30,0,0.2291,0.7886,0.0
LOAN000129,2024-11-30,0,0.2132,0.7046,0.0
LOAN000901,2024-11-30,0,0.1288,0.3159,90.0
LOAN000780,2024-11-30,0,0.1177,0.3313,60.0
LOAN000058,2024-11-30,0,0.2465,0.2007,0.0
LOAN000700,2024-11-30,0,0.1445,0.8685,0.0
LOAN000428,2024-11-30,30,0.0863,0.6992,0.0
LOAN000112,2024-11-30,30,0.2517,0.7241,0.0
LOAN000037,2024-11-30,60,0.1001,0.8827,0.0
LOAN000120,2024-11-30,0,0.1213,0.5454,0.0
LOAN000022,2024-11-30,0,0.1634,0.3213,60.0
LOAN000771,2024-11-30,30,0.2763,0.7962,30.0
LOAN000727,2024-11-30,0,0.2996,0.5511,0.0
LOAN000165,2024-11-30,0,0.289,0.5203,0.0
LOAN000038,2024-11-30,0,0.2502,0.4659,0.0
LOAN000727,2024-11-30,0,0.1661,0.3166,0.0
LOAN000333,2024-11-30,60,0.0327,0.7147,0.0
LOAN000846,2024-11-30,0,0.1461,0.6334,30.0
LOAN000386,2024-11-30,0,0.2008,0.5205,30.0
LOAN000684,2024-11-30,30,0.2188,0.4203,30.0
LOAN000334,2024-11-30,0,0.1564,0.7047,0.0
LOAN000494,2024-11-30,30,0.2287,0.3252,0.0
LOAN000145,2024-11-30,0,0.2058,0.319,0.0
LOAN000580,2024-11-30,0,0.2357,0.6992,0.0
LOAN000014,2024-11-30,60,0.0436,0.5248,0.0
LOAN000162,2024-11-30,30,0.0167,0.3278,0.0
LOAN000905,2024-11-30,0,0.0941,0.6891,0.0
LOAN000505,2024-11-30,0,0.2174,0.2083,0.0
LOAN000851,2024-11-30,0,0.066,0.4937,0.0
LOAN000115,2024-11-30,0,0.0654,0.8015,0.0
LOAN000479,2024-11-30,30,0.0609,0.8025,30.0
LOAN000023,2024-11-30,30,0.226,0.7675,30.0
LOAN000637,2024-11-30,0,0.0893,0.6239,0.0
LOAN000650,2024-11-30,0,0.1719,0.3564,0.0
LOAN000462,2024-11-30,0,0.1518,0.4355,0.0
LOAN000577,2024-11-30,0,0.0931,0.7095,0.0
LOAN000753,2024-11-30,0,0.1811,0.3711,30.0
LOAN000545,2024-11-30,30,0.024,0.2556,0.0
LOAN000619,2024-11-30,30,0.2833,0.7282,0.0
LOAN000393,2024-11-30,0,0.256,0.2519,0.0
LOAN000008,2024-11-30,0,0.1378,0.6653,0.0
LOAN000017,2024-11-30,30,0.0307,0.4173,0.0
LOAN000351,2024-11-30,0,0.2398,0.7341,0.0
LOAN000428,2024-11-30,0,0.029,0.3068,30.0
LOAN000685,2024-11-30,0,0.1093,0.3372,0.0
LOAN000516,2024-11-30,30,0.0272,0.3478,0.0
LOAN000344,2024-11-30,0,0.1906,0.38,0.0
LOAN000839,2024-11-30,0,0.2504,0.6404,0.0
LOAN000341,2024-11-30,30,0.2318,0.8734,0.0
LOAN000054,2024-11-30,90,0.2305,0.4558,0.0
LOAN000296,2024-11-30,90,0.0291,0.4749,0.0
LOAN000295,2024-11-30,0,0.1472,0.5477,0.0
LOAN000468,2024-11-30,0,0.2881,0.4533,60.0
LOAN000399,2024-11-30,0,0.2933,0.5649,0.0
LOAN000867,2024-11-30,0,0.2369,0.3282,0.0
LOAN000698,2024-11-30,0,0.1615,0.363,0.0
LOAN000834,2024-11-30,0,0.2991,0.4496,60.0
LOAN000334,2024-11-30,0,0.1669,0.5682,0.0
LOAN000959,2024-11-30,30,0.1435,0.809,0.0
LOAN000087,2024-11-30,0,0.0141,0.8138,30.0
LOAN000165,2024-11-30,90,0.0612,0.7997,0.0
LOAN000233,2024-11-30,60,0.2474,0.6083,0.0
LOAN000465,2024-11-30,60,0.0311,0.2897,90.0
LOAN000389,2024-11-30,0,0.2337,0.5363,30.0
LOAN000007,2024-11-30,0,0.0657,0.6765,0.0
LOAN000048,2024-11-30,0,0.2723,0.5165,30.0
LOAN000272,2024-11-30,30,0.0951,0.3532,60.0
LOAN000123,2024-11-30,0,0.0818,0.2956,0.0
LOAN000836,2024-11-30,90,0.249,0.2253,0.0
LOAN000563,2024-11-30,0,0.0246,0.6092,30.0
LOAN000151,2024-11-30,0,0.238,0.463,0.0
LOAN000652,2024-11-30,0,0.1826,0.783,0.0
LOAN000727,2024-11-30,0,0.1079,0.6921,0.0
LOAN000220,2024-11-30,0,0.1752,0.6162,0.0
LOAN000164,2024-11-30,0,0.1211,0.6582,0.0
LOAN000197,2024-11-30,0,0.1779,0.6307,0.0
LOAN000307,2024-11-30,30,0.0671,0.427,0.0
LOAN000099,2024-11-30,0,0.2927,0.7171,60.0
LOAN000389,2024-11-30,30,0.2203,0.6482,0.0
LOAN000527,2024-11-30,30,0.2979,0.635,0.0
LOAN000605,2024-11-30,30,0.2666,0.7575,0.0
LOAN000744,2024-11-30,0,0.0389,0.6893,60.0
LOAN000276,2024-11-30,0,0.2802,0.8284,0.0
LOAN000097,2024-11-30,90,0.225,0.3768,0.0
LOAN000286,2024-11-30,0,0.0772,0.8294,30.0
LOAN000388,2024-11-30,90,0.0712,0.2255,60.0
LOAN000182,2024-11-30,0,0.0712,0.464,0.0
LOAN000888,2024-11-30,0,0.1011,0.7501,0.0
LOAN000283,2024-11-30,0,0.2499,0.4359,0.0
LOAN000257,2024-11-30,0,0.1447,0.7156,0.0
LOAN000080,2024-11-30,90,0.2832,0.4925,0.0
LOAN000798,2024-11-30,0,0.2866,0.5766,60.0
LOAN000511,2024-11-30,30,0.2335,0.2767,0.0
LOAN000376,2024-11-30,0,0.2955,0.7272,0.0
LOAN000634,2024-11-30,30,0.1752,0.8965,0.0
LOAN000101,2024-11-30,0,0.0441,0.2211,0.0
LOAN000782,2024-11-30,0,0.2536,0.2136,0.0
LOAN000409,2024-11-30,90,0.299,0.33,60.0
LOAN000637,2024-11-30,0,0.2714,0.6801,0.0
LOAN000606,2024-11-30,0,0.2562,0.3121,30.0
LOAN000241,2024-11-30,90,0.2788,0.4815,30.0
LOAN000814,2024-11-30,30,0.0147,0.6337,30.0
LOAN000258,2024-11-30,90,0.1998,0.653,0.0
LOAN000928,2024-11-30,0,0.0626,0.8034,0.0
LOAN000531,2024-11-30,0,0.038,0.2123,0.0
LOAN000719,2024-11-30,0,0.262,0.7951,30.0
LOAN000585,2024-11-30,0,0.0181,0.3829,0.0
LOAN000257,2024-11-30,0,0.2489,0.5722,0.0
LOAN000965,2024-11-30,0,0.1227,0.845,30.0
LOAN000863,2024-11-30,0,0.2928,0.2312,0.0
LOAN000471,2024-11-30,0,0.0497,0.3938,0.0
LOAN000461,2024-11-30,0,0.2809,0.7832,0.0
LOAN000525,2024-11-30,0,0.0489,0.8371,0.0
LOAN000730,2024-11-30,0,0.1993,0.734,0.0
LOAN000091,2024-11-30,0,0.0521,0.6852,60.0
LOAN000691,2024-11-30,0,0.2815,0.533,90.0
LOAN000909,2024-11-30,0,0.0328,0.6253,0.0
LOAN000250,2024-11-30,0,0.0505,0.4034,0.0
LOAN000705,2024-11-30,0,0.1987,0.2672,60.0
LOAN000206,2024-11-30,0,0.2312,0.7321,0.0
LOAN000551,2024-11-30,60,0.2122,0.7725,0.0
LOAN000793,2024-11-30,0,0.0326,0.2671,0.0
LOAN000220,2024-11-30,0,0.2873,0.5485,0.0
LOAN000481,2024-11-30,0,0.1741,0.5612,30.0
LOAN000646,2024-11-30,0,0.1601,0.8625,0.0
LOAN000236,2024-11-30,0,0.1034,0.7712,0.0
LOAN000150,2024-11-30,30,0.2529,0.3314,0.0
LOAN000034,2024-11-30,0,0.2306,0.7603,0.0
LOAN000514,2024-11-30,0,0.2309,0.8057,60.0
LOAN000872,2024-11-30,0,0.233,0.7072,0.0
LOAN000432,2024-11-30,0,0.1852,0.2975,0.0
LOAN000596,2024-11-30,30,0.0239,0.5446,0.0
LOAN000233,2024-11-30,0,0.1954,0.2936,60.0
LOAN000521,2024-11-30,30,0.0419,0.7991,60.0
LOAN000065,2024-11-30,0,0.2486,0.2011,30.0
LOAN000881,2024-11-30,30,0.1483,0.734,0.0
LOAN000991,2024-11-30,60,0.044,0.8636,30.0
LOAN000326,2024-11-30,0,0.1568,0.6677,0.0
LOAN000412,2024-11-30,0,0.1445,0.473,30.0
LOAN000633,2024-11-30,0,0.1398,0.6034,0.0
LOAN000439,2024-11-30,0,0.0494,0.6091,0.0
LOAN000998,2024-11-30,30,0.1786,0.4927,30.0
LOAN000192,2024-11-30,0,0.1334,0.5422,0.0
LOAN000040,2024-11-30,0,0.2373,0.6316,60.0
LOAN000787,2024-11-30,0,0.0213,0.4586,0.0
LOAN000849,2024-11-30,0,0.2632,0.245,0.0
LOAN000703,2024-11-30,60,0.0535,0.4519,0.0
LOAN000032,2024-11-30,0,0.0646,0.6583,30.0
LOAN000373,2024-11-30,90,0.2653,0.4369,0.0
LOAN000789,2024-11-30,0,0.2878,0.5527,0.0
LOAN000840,2024-11-30,0,0.1082,0.6179,0.0
LOAN000801,2024-11-30,30,0.257,0.3656,0.0
LOAN000312,2024-11-30,0,0.1593,0.2462,30.0
LOAN000844,2024-11-30,0,0.2538,0.6791,0.0
LOAN000786,2024-11-30,0,0.2618,0.8871,0.0
LOAN000501,2024-11-30,0,0.0541,0.4044,30.0
LOAN000985,2024-11-30,0,0.2036,0.2619,0.0
LOAN000579,2024-11-30,30,0.2884,0.4718,90.0
LOAN000610,2024-11-30,0,0.1912,0.6919,0.0
LOAN000518,2024-11-30,0,0.1596,0.8007,0.0
LOAN000944,2024-11-30,0,0.0236,0.3147,0.0
LOAN000337,2024-11-30,0,0.16,0.2416,30.0
LOAN000818,2024-11-30,30,0.1799,0.4347,0.0
LOAN000884,2024-11-30,0,0.2776,0.6472,0.0
LOAN000485,2024-11-30,30,0.282,0.2442,60.0
LOAN000823,2024-11-30,60,0.0765,0.4792,30.0
LOAN000768,2024-11-30,0,0.0963,0.3233,30.0
LOAN000420,2024-11-30,0,0.063,0.8386,60.0
LOAN000921,2024-11-30,90,0.1683,0.3688,0.0
LOAN000548,2024-11-30,0,0.2986,0.4614,0.0
LOAN000964,2024-11-30,0,0.0402,0.3156,60.0
LOAN000763,2024-11-30,0,0.2843,0.2806,0.0
LOAN000454,2024-11-30,0,0.0761,0.7005,0.0
LOAN000515,2024-11-30,60,0.1457,0.4563,0.0
LOAN000855,2024-11-30,0,0.127,0.483,30.0
LOAN000601,2024-11-30,0,0.2524,0.5486,0.0
LOAN000437,2024-11-30,0,0.1933,0.75,60.0
LOAN000780,2024-11-30,0,0.0385,0.3379,0.0
LOAN000206,2024-11-30,0,0.1763,0.3155,0.0
LOAN000333,2024-11-30,0,0.1471,0.2781,60.0
LOAN000399,2024-11-30,30,0.1662,0.4112,0.0
LOAN000468,2024-11-30,0,0.0268,0.8063,0.0
LOAN000099,2024-11-30,30,0.1504,0.5769,0.0
LOAN000093,2024-11-30,0,0.1903,0.3753,0.0
LOAN000432,2024-11-30,0,0.0864,0.7673,0.0
LOAN000639,2024-11-30,0,0.1829,0.5541,0.0
LOAN000634,2024-11-30,0,0.1302,0.8029,30.0
LOAN000806,2024-11-30,30,0.0377,0.3287,0.0
LOAN000256,2024-11-30,0,0.2194,0.468,0.0
LOAN000618,2024-11-30,0,0.2974,0.6892,90.0
LOAN000916,2024-11-30,0,0.2278,0.578,90.0
LOAN000086,2024-11-30,0,0.103,0.7165,0.0
LOAN000809,2024-11-30,0,0.0823,0.2036,30.0
LOAN000127,2024-11-30,0,0.0915,0.4613,90.0
LOAN000842,2024-11-30,0,0.1039,0.6014,0.0
LOAN000539,2024-11-30,0,0.132,0.7406,60.0
LOAN000187,2024-11-30,30,0.0194,0.3188,0.0
LOAN000349,2024-11-30,0,0.2959,0.633,0.0
LOAN000930,2024-11-30,0,0.0759,0.85,0.0
LOAN000877,2024-11-30,30,0.0616,0.2628,30.0
LOAN000883,2024-11-30,30,0.1673,0.5636,30.0
LOAN000747,2024-11-30,90,0.0183,0.2611,0.0
LOAN000878,2024-11-30,60,0.0979,0.8464,0.0
LOAN000445,2024-11-30,60,0.2019,0.8493,0.0
LOAN000371,2024-11-30,0,0.1792,0.3151,60.0
LOAN000746,2024-11-30,30,0.2376,0.389,0.0
LOAN000706,2024-11-30,0,0.2255,0.317,30.0
LOAN000337,2024-11-30,30,0.1802,0.4018,0.0
LOAN000734,2024-12-31,0,0.275,0.6666,0.0
LOAN000811,2024-12-31,60,0.1469,0.2108,0.0
LOAN000847,2024-12-31,0,0.0276,0.6393,0.0
LOAN000266,2024-12-31,0,0.206,0.6404,0.0
LOAN000682,2024-12-31,0,0.1878,0.698,0.0
LOAN000860,2024-12-31,0,0.0295,0.3159,60.0
LOAN000796,2024-12-31,0,0.2475,0.6798,0.0
LOAN000430,2024-12-31,0,0.1091,0.6639,90.0
LOAN000175,2024-12-31,0,0.2807,0.8661,30.0
LOAN000165,2024-12-31,30,0.2002,0.4761,90.0
LOAN000814,2024-12-31,0,0.2347,0.4585,30.0
LOAN000268,2024-12-31,0,0.1833,0.3356,0.0
LOAN000971,2024-12-31,0,0.1781,0.767,0.0
LOAN000222,2024-12-31,0,0.0828,0.753,0.0
LOAN000788,2024-12-31,0,0.0944,0.7492,30.0
LOAN000522,2024-12-31,0,0.2208,0.6209,0.0
LOAN000246,2024-12-31,30,0.0407,0.5078,0.0
LOAN000864,2024-12-31,90,0.0473,0.805,0.0
LOAN000819,2024-12-31,30,0.2323,0.5985,0.0
LOAN000945,2024-12-31,30,0.0672,0.8817,0.0
LOAN000789,2024-12-31,60,0.1933,0.6919,0.0
LOAN000373,2024-12-31,0,0.2466,0.4246,90.0
LOAN000753,2024-12-31,0,0.159,0.7111,0.0
LOAN000278,2024-12-31,60,0.1026,0.4577,30.0
LOAN000955,2024-12-31,0,0.0359,0.2138,90.0
LOAN000802,2024-12-31,30,0.0538,0.4478,0.0
LOAN000705,2024-12-31,60,0.1077,0.3708,0.0
LOAN000525,2024-12-31,0,0.2471,0.3387,0.0
LOAN000739,2024-12-31,60,0.2447,0.334,60.0
LOAN000263,2024-12-31,30,0.0841,0.8035,30.0
LOAN000419,2024-12-31,0,0.2115,0.8855,0.0
LOAN000422,2024-12-31,0,0.2271,0.5113,30.0
LOAN000422,2024-12-31,90,0.027,0.5954,0.0
LOAN000169,2024-12-31,0,0.1096,0.732,0.0
LOAN000438,2024-12-31,30,0.2486,0.304,60.0
LOAN000201,2024-12-31,0,0.1577,0.8732,0.0
LOAN000067,2024-12-31,0,0.1856,0.7973,0.0
LOAN000852,2024-12-31,0,0.2573,0.325,90.0
LOAN000870,2024-12-31,0,0.0165,0.3551,30.0
LOAN000960,2024-12-31,30,0.0832,0.5419,0.0
LOAN000486,2024-12-31,0,0.2586,0.3835,0.0
LOAN000189,2024-12-31,30,0.2076,0.8282,0.0
LOAN000366,2024-12-31,0,0.1461,0.6131,0.0
LOAN000403,2024-12-31,0,0.0992,0.4175,0.0
LOAN000791,2024-12-31,60,0.2019,0.7929,90.0
LOAN000181,2024-12-31,0,0.0172,0.5237,0.0
LOAN000491,2024-12-31,90,0.2951,0.7446,30.0
LOAN000466,2024-12-31,0,0.1141,0.7645,0.0
LOAN000346,2024-12-31,0,0.0605,0.405,0.0
LOAN000516,2024-12-31,60,0.0584,0.473,30.0
LOAN000060,2024-12-31,0,0.1259,0.5231,0.0
LOAN000277,2024-12-31,0,0.0704,0.8446,0.0
LOAN000285,2024-12-31,0,0.0994,0.766,0.0
LOAN000494,2024-12-31,0,0.1572,0.3871,30.0
LOAN000750,2024-12-31,0,0.0457,0.8374,0.0
LOAN000018,2024-12-31,0,0.1817,0.544,60.0
LOAN000734,2024-12-31,30,0.1557,0.2731,0.0
LOAN000403,2024-12-31,0,0.1315,0.7181,0.0
LOAN000174,2024-12-31,0,0.186,0.6965,0.0
LOAN000969,2024-12-31,0,0.079,0.4833,0.0
LOAN000767,2024-12-31,30,0.1607,0.3239,90.0
LOAN000082,2024-12-31,0,0.2944,0.4739,60.0
LOAN000509,2024-12-31,30,0.0798,0.8794,0.0
LOAN000513,2024-12-31,0,0.1496,0.861,60.0
LOAN000686,2024-12-31,0,0.1566,0.2837,0.0
LOAN000766,2024-12-31,0,0.2142,0.8077,0.0
LOAN000701,2024-12-31,30,0.2591,0.8908,0.0
LOAN000425,2024-12-31,0,0.2691,0.5394,0.0
LOAN000115,2024-12-31,0,0.2748,0.3863,0.0
LOAN000565,2024-12-31,0,0.1976,0.8191,0.0
LOAN000310,2024-12-31,0,0.1123,0.6091,0.0
LOAN000972,2024-12-31,0,0.2011,0.8979,0.0
LOAN000034,2024-12-31,0,0.0907,0.5161,0.0
LOAN000014,2024-12-31,0,0.1786,0.3411,60.0
LOAN000439,2024-12-31,0,0.0689,0.2576,0.0
LOAN000058,2024-12-31,30,0.2329,0.7641,0.0
LOAN000065,2024-12-31,0,0.1223,0.4229,0.0
LOAN000018,2024-12-31,60,0.2742,0.7969,0.0
LOAN000768,2024-12-31,0,0.0697,0.3124,0.0
LOAN000679,2024-12-31,0,0.2826,0.8361,0.0
LOAN000386,2024-12-31,0,0.0938,0.338,0.0
LOAN000291,2024-12-31,0,0.1259,0.2929,0.0
LOAN000298,2024-12-31,60,0.0462,0.3494,0.0
LOAN000806,2024-12-31,0,0.0963,0.7452,30.0
LOAN000085,2024-12-31,0,0.015,0.4098,30.0
LOAN000652,2024-12-31,30,0.0398,0.3122,0.0
LOAN000939,2024-12-31,0,0.0166,0.2015,30.0
LOAN000869,2024-12-31,0,0.0607,0.416,0.0
LOAN000958,2024-12-31,0,0.2794,0.2879,0.0
LOAN000773,2024-12-31,30,0.1499,0.6237,0.0
LOAN000332,2024-12-31,0,0.0219,0.34,30.0
LOAN000152,2024-12-31,0,0.0978,0.8142,0.0
LOAN000034,2024-12-31,0,0.1435,0.7874,0.0
LOAN000689,2024-12-31,0,0.1961,0.712,0.0
LOAN000105,2024-12-31,0,0.1041,0.8929,0.0
LOAN000126,2024-12-31,30,0.2396,0.4477,0.0
LOAN000786,2024-12-31,30,0.1686,0.4184,0.0
LOAN000390,2024-12-31,60,0.1035,0.3258,30.0
LOAN000405,2024-12-31,60,0.0629,0.5268,30.0
LOAN000076,2024-12-31,0,0.2788,0.5826,0.0
LOAN000379,2024-12-31,0,0.0307,0.3314,0.0
LOAN000150,2024-12-31,0,0.2747,0.5412,30.0
LOAN000916,2024-12-31,60,0.0763,0.3771,0.0
LOAN000352,2024-12-31,0,0.216,0.8812,0.0
LOAN000246,2024-12-31,30,0.1971,0.8043,30.0
LOAN000285,2024-12-31,0,0.2946,0.8661,0.0
LOAN000913,2024-12-31,30,0.0172,0.7758,90.0
LOAN000748,2024-12-31,30,0.2758,0.66,0.0
LOAN000572,2024-12-31,0,0.0164,0.3374,0.0
LOAN000163,2024-12-31,0,0.2614,0.6929,0.0
LOAN000979,2024-12-31,0,0.2678,0.6208,30.0
LOAN000087,2024-12-31,30,0.0501,0.7124,0.0
LOAN000996,2024-12-31,30,0.0901,0.5231,0.0
LOAN000698,2024-12-31,60,0.2564,0.2928,0.0
LOAN000333,2024-12-31,0,0.1514,0.8523,0.0
LOAN000440,2024-12-31,0,0.0191,0.4426,0.0
LOAN000980,2024-12-31,0,0.1588,0.3571,0.0
LOAN000084,2024-12-31,30,0.0922,0.6762,0.0
LOAN000401,2024-12-31,60,0.2281,0.2043,0.0
LOAN000597,2024-12-31,0,0.0766,0.6319,0.0
LOAN000513,2024-12-31,0,0.2138,0.4081,0.0
LOAN000518,2024-12-31,30,0.1548,0.5729,0.0
LOAN000399,2024-12-31,0,0.256,0.3986,30.0
LOAN000944,2024-12-31,0,0.0548,0.3763,0.0
LOAN000556,2024-12-31,90,0.2132,0.24,30.0
LOAN000198,2024-12-31,0,0.0872,0.8404,0.0
LOAN000676,2024-12-31,60,0.1761,0.3101,30.0
LOAN000978,2024-12-31,0,0.1521,0.8353,0.0
LOAN000518,2024-12-31,0,0.2784,0.2612,30.0
LOAN000575,2024-12-31,0,0.2044,0.6446,0.0
LOAN000226,2024-12-31,0,0.1378,0.2257,30.0
LOAN000764,2024-12-31,60,0.1471,0.2397,0.0
LOAN000378,2024-12-31,0,0.0653,0.8125,0.0
LOAN000497,2024-12-31,0,0.0892,0.3311,0.0
LOAN000721,2024-12-31,30,0.2656,0.5645,30.0
LOAN000203,2024-12-31,0,0.2043,0.6715,0.0
LOAN000331,2024-12-31,0,0.2347,0.4165,0.0
LOAN000696,2024-12-31,30,0.2566,0.8514,0.0
LOAN000438,2024-12-31,90,0.1086,0.4173,30.0
LOAN000246,2024-12-31,0,0.141,0.4493,30.0
LOAN000249,2024-12-31,0,0.1721,0.7771,0.0
LOAN000530,2024-12-31,60,0.2653,0.5615,0.0
LOAN000302,2024-12-31,0,0.1978,0.8725,30.0
LOAN000974,2024-12-31,0,0.0985,0.6123,0.0
LOAN000999,2024-12-31,0,0.2094,0.2173,0.0
LOAN000939,2024-12-31,60,0.0838,0.2179,0.0
LOAN000020,2024-12-31,0,0.2105,0.5707,0.0
LOAN000559,2024-12-31,0,0.11,0.4905,0.0
LOAN000408,2024-12-31,0,0.1734,0.3217,0.0
LOAN000686,2024-12-31,0,0.1284,0.578,0.0
LOAN000831,2024-12-31,0,0.2346,0.4792,30.0
LOAN000124,2024-12-31,30,0.1416,0.652,30.0
LOAN000522,2024-12-31,0,0.1303,0.5839,0.0
LOAN000636,2024-12-31,0,0.1363,0.4118,60.0
LOAN000178,2024-12-31,0,0.1317,0.8659,0.0
LOAN000760,2024-12-31,0,0.1912,0.202,30.0
LOAN000834,2024-12-31,0,0.1834,0.8361,0.0
LOAN000600,2024-12-31,30,0.2631,0.8475,60.0
LOAN000852,2024-12-31,0,0.0592,0.2989,0.0
LOAN000427,2024-12-31,0,0.1188,0.4852,0.0
LOAN000087,2024-12-31,0,0.1858,0.4829,30.0
LOAN000229,2024-12-31,0,0.1436,0.5523,90.0
LOAN000848,2024-12-31,0,0.0795,0.4204,0.0
LOAN000511,2024-12-31,0,0.0462,0.3574,30.0
LOAN000271,2024-12-31,30,0.1727,0.3714,60.0
LOAN000248,2024-12-31,0,0.1219,0.5622,0.0
LOAN000499,2024-12-31,0,0.0698,0.214,0.0
LOAN000401,2024-12-31,0,0.1164,0.6203,60.0
LOAN000606,2024-12-31,30,0.0168,0.6782,0.0
LOAN000138,2024-12-31,0,0.1288,0.2068,0.0
LOAN000248,2024-12-31,0,0.1097,0.2087,0.0
LOAN000379,2024-12-31,0,0.0815,0.4758,0.0
LOAN000399,2024-12-31,0,0.1815,0.5355,0.0
LOAN000994,2024-12-31,0,0.2867,0.4112,0.0
LOAN000152,2024-12-31,0,0.2994,0.514,0.0
LOAN000119,2024-12-31,0,0.024,0.6618,60.0
LOAN000509,2024-12-31,60,0.1041,0.7516,30.0
LOAN000436,2024-12-31,30,0.2325,0.743,0.0
LOAN000024,2024-12-31,60,0.2648,0.4214,60.0
LOAN000189,2024-12-31,0,0.2509,0.4408,30.0
LOAN000078,2024-12-31,0,0.1485,0.7743,30.0
LOAN000982,2024-12-31,30,0.0823,0.7424,0.0
LOAN000860,2024-12-31,0,0.1003,0.2697,0.0
LOAN000830,2024-12-31,0,0.1657,0.4701,0.0
LOAN000411,2024-12-31,30,0.2883,0.3865,0.0
LOAN000024,2024-12-31,90,0.1794,0.5419,60.0
LOAN000022,2024-12-31,0,0.1568,0.8214,0.0
LOAN000776,2024-12-31,0,0.2346,0.4607,30.0
LOAN000026,2024-12-31,60,0.108,0.7616,0.0
LOAN000384,2024-12-31,30,0.1957,0.7422,0.0
LOAN000641,2024-12-31,30,0.2576,0.4999,0.0
LOAN000547,2024-12-31,0,0.2315,0.2558,0.0
LOAN000352,2024-12-31,0,0.1122,0.6196,0.0
LOAN000833,2024-12-31,30,0.0239,0.8117,0.0
LOAN000376,2024-12-31,30,0.2982,0.296,0.0
LOAN000501,2024-12-31,0,0.1028,0.8633,0.0
LOAN000633,2024-12-31,0,0.1917,0.8723,0.0
LOAN000129,2024-12-31,0,0.2826,0.4044,0.0
LOAN000523,2024-12-31,60,0.1158,0.4917,30.0
LOAN000688,2024-12-31,0,0.2867,0.2247,0.0
LOAN000874,2024-12-31,30,0.2357,0.4119,0.0
LOAN000130,2024-12-31,0,0.021,0.8062,0.0
LOAN000014,2024-12-31,90,0.2272,0.6595,0.0
LOAN000103,2024-12-31,0,0.1823,0.5725,60.0
LOAN000809,2024-12-31,0,0.2703,0.6776,0.0
LOAN000320,2024-12-31,90,0.2028,0.5353,30.0
LOAN000854,2024-12-31,0,0.1847,0.2784,60.0
LOAN000199,2024-12-31,0,0.0472,0.3193,0.0
LOAN000666,2024-12-31,0,0.0955,0.499,0.0
LOAN000088,2024-12-31,0,0.0136,0.5226,90.0
LOAN000514,2024-12-31,0,0.175,0.4239,0.0
LOAN000808,2024-12-31,0,0.2139,0.8265,0.0
LOAN000089,2024-12-31,90,0.1039,0.5829,0.0
LOAN000218,2024-12-31,0,0.099,0.8619,0.0
LOAN000954,2024-12-31,0,0.1553,0.252,0.0
LOAN000125,2024-12-31,0,0.1712,0.7635,0.0
LOAN000704,2024-12-31,0,0.1631,0.3128,0.0
LOAN000381,2024-12-31,0,0.038,0.2017,0.0
LOAN000114,2024-12-31,0,0.0106,0.3948,0.0
LOAN000274,2024-12-31,0,0.1564,0.3057,0.0
LOAN000514,2024-12-31,0,0.0785,0.5786,0.0
LOAN000355,2024-12-31,0,0.2316,0.4222,0.0
LOAN000905,2024-12-31,0,0.1107,0.5554,0.0
LOAN000100,2024-12-31,0,0.0349,0.3411,30.0
LOAN000606,2024-12-31,90,0.1699,0.3522,30.0
LOAN000427,2024-12-31,30,0.2614,0.7843,0.0
LOAN000367,2024-12-31,0,0.035,0.6994,30.0
LOAN000116,2024-12-31,0,0.2063,0.2656,30.0
LOAN000164,2024-12-31,0,0.2779,0.647,0.0
LOAN000018,2024-12-31,0,0.1726,0.8721,60.0
LOAN000225,2024-12-31,0,0.174,0.857,0.0
LOAN000302,2024-12-31,0,0.154,0.7369,0.0
LOAN000897,2024-12-31,30,0.1626,0.4081,30.0
LOAN000215,2024-12-31,0,0.283,0.4653,30.0
LOAN000956,2024-12-31,60,0.0275,0.8672,0.0
LOAN000221,2024-12-31,30,0.099,0.5375,0.0
LOAN000599,2024-12-31,0,0.0528,0.8491,30.0
LOAN000309,2024-12-31,0,0.0376,0.3349,30.0
LOAN000604,2024-12-31,0,0.2844,0.3389,30.0
LOAN000701,2024-12-31,30,0.1375,0.7842,30.0
LOAN000682,2024-12-31,30,0.2186,0.5272,0.0
LOAN000799,2024-12-31,0,0.2408,0.6706,0.0
LOAN000321,2024-12-31,0,0.1374,0.7505,0.0
LOAN000191,2024-12-31,0,0.1777,0.8621,0.0
LOAN000607,2024-12-31,0,0.1867,0.3937,60.0
LOAN000471,2024-12-31,0,0.0391,0.6446,0.0
LOAN000334,2024-12-31,0,0.1677,0.7682,0.0
LOAN000575,2024-12-31,0,0.1399,0.4339,0.0
LOAN000036,2024-12-31,0,0.2657,0.7404,0.0
LOAN000672,2024-12-31,60,0.2041,0.7599,30.0
LOAN000140,2024-12-31,0,0.1983,0.5492,0.0
LOAN000421,2024-12-31,0,0.1428,0.7346,0.0
LOAN000874,2024-12-31,0,0.1483,0.814,30.0
LOAN000550,2024-12-31,0,0.1371,0.8108,0.0
LOAN000401,2024-12-31,0,0.165,0.4056,0.0
LOAN000573,2024-12-31,0,0.2089,0.4308,30.0
LOAN000741,2024-12-31,0,0.2553,0.2043,30.0
LOAN000325,2024-12-31,0,0.1228,0.5221,60.0
LOAN000176,2024-12-31,0,0.026,0.5863,0.0
LOAN000756,2024-12-31,0,0.0854,0.6846,30.0
LOAN000342,2024-12-31,30,0.2387,0.2144,0.0
LOAN000092,2024-12-31,60,0.2951,0.2073,0.0
LOAN000926,2024-12-31,60,0.1515,0.3804,0.0
LOAN000819,2024-12-31,30,0.1124,0.239,30.0
LOAN000938,2024-12-31,90,0.2029,0.8392,0.0
LOAN000725,2024-12-31,0,0.2821,0.4686,30.0
LOAN000335,2024-12-31,0,0.172,0.3098,30.0
LOAN000517,2024-12-31,60,0.2441,0.4659,0.0
LOAN000936,2024-12-31,0,0.0613,0.5296,0.0
LOAN000513,2024-12-31,0,0.2825,0.7516,0.0
LOAN000702,2024-12-31,0,0.0598,0.7668,30.0
LOAN000198,2024-12-31,0,0.0972,0.8135,0.0
LOAN000192,2024-12-31,60,0.0691,0.5067,0.0
LOAN000372,2024-12-31,0,0.264,0.7365,60.0
LOAN000304,2024-12-31,60,0.2839,0.8411,30.0
LOAN000246,2024-12-31,0,0.1357,0.3943,0.0
LOAN000307,2024-12-31,0,0.2848,0.3367,30.0
LOAN000953,2024-12-31,30,0.1198,0.4694,0.0
LOAN000425,2024-12-31,0,0.0688,0.6828,0.0
LOAN000843,2024-12-31,0,0.2765,0.8904,90.0
LOAN000140,2024-12-31,0,0.0505,0.4044,0.0
LOAN000599,2024-12-31,0,0.1797,0.4967,0.0
LOAN000395,2024-12-31,0,0.045,0.7691,30.0
LOAN000070,2024-12-31,30,0.0612,0.487,60.0
LOAN000015,2024-12-31,0,0.0786,0.2161,0.0
LOAN000702,2024-12-31,0,0.1551,0.5261,0.0
LOAN000663,2024-12-31,90,0.2773,0.3581,60.0
LOAN000560,2024-12-31,0,0.1698,0.2727,0.0
LOAN000886,2024-12-31,0,0.2151,0.6782,0.0
LOAN000324,2024-12-31,60,0.1166,0.4643,0.0
LOAN000278,2024-12-31,0,0.0205,0.7467,60.0
LOAN000542,2024-12-31,0,0.1844,0.6195,30.0
LOAN000707,2024-12-31,0,0.1099,0.8421,0.0
LOAN000482,2024-12-31,0,0.1101,0.2739,0.0
LOAN000728,2024-12-31,0,0.2984,0.6309,30.0
LOAN000076,2024-12-31,0,0.2222,0.4401,0.0
LOAN000083,2024-12-31,0,0.2481,0.5438,30.0
LOAN000877,2024-12-31,0,0.1677,0.435,30.0
LOAN000431,2024-12-31,0,0.0872,0.4628,0.0
LOAN000658,2024-12-31,0,0.1345,0.7594,0.0
LOAN000184,2024-12-31,30,0.1183,0.8548,0.0
LOAN000332,2024-12-31,0,0.2652,0.4911,0.0
LOAN000947,2024-12-31,30,0.2993,0.609,30.0
LOAN000167,2024-12-31,30,0.1768,0.5996,0.0
LOAN000040,2024-12-31,0,0.1627,0.2646,0.0
LOAN000294,2024-12-31,0,0.095,0.3114,0.0
LOAN000740,2024-12-31,0,0.289,0.3366,0.0
LOAN000666,2024-12-31,0,0.0271,0.6724,0.0
LOAN000784,2024-12-31,30,0.1557,0.4666,30.0
LOAN000844,2024-12-31,30,0.1404,0.8442,0.0
LOAN000495,2024-12-31,0,0.1782,0.6001,30.0
LOAN000926,2024-12-31,0,0.1032,0.8709,60.0
LOAN000446,2024-12-31,0,0.184,0.3138,60.0
LOAN000631,2024-12-31,60,0.2429,0.8391,90.0
LOAN000243,2024-12-31,0,0.2053,0.8687,0.0
LOAN000206,2024-12-31,0,0.2905,0.3129,0.0
LOAN000463,2024-12-31,0,0.2822,0.4129,60.0
LOAN000450,2024-12-31,0,0.2322,0.8507,30.0
LOAN000481,2024-12-31,60,0.1264,0.2654,0.0
LOAN000014,2024-12-31,0,0.1578,0.7902,90.0
LOAN000748,2024-12-31,0,0.0644,0.5187,30.0
LOAN000771,2024-12-31,0,0.2959,0.2079,30.0
LOAN000331,2024-12-31,0,0.1058,0.6079,0.0
LOAN000232,2024-12-31,0,0.0907,0.5285,0.0
LOAN000824,2024-12-31,30,0.0108,0.5077,0.0
LOAN000125,2024-12-31,60,0.0756,0.2205,0.0
LOAN000176,2024-12-31,0,0.0537,0.8342,0.0
LOAN000335,2024-12-31,60,0.1881,0.4034,0.0
LOAN000708,2024-12-31,30,0.151,0.6854,60.0
LOAN000079,2024-12-31,30,0.1623,0.4333,0.0
LOAN000542,2024-12-31,0,0.0109,0.8054,0.0
LOAN000669,2024-12-31,60,0.0118,0.5826,0.0
LOAN000916,2024-12-31,0,0.2636,0.2797,60.0
LOAN000873,2024-12-31,0,0.26,0.3182,0.0
LOAN000147,2024-12-31,60,0.286,0.4017,0.0
LOAN000131,2024-12-31,0,0.2044,0.8668,0.0
LOAN000942,2024-12-31,0,0.0608,0.5972,0.0
LOAN000989,2024-12-31,0,0.1685,0.2609,0.0
LOAN000607,2024-12-31,0,0.2955,0.74,0.0
LOAN000659,2024-12-31,0,0.2429,0.8597,60.0
LOAN000918,2024-12-31,0,0.0206,0.2835,0.0
LOAN000271,2024-12-31,0,0.2648,0.6388,30.0
LOAN000445,2024-12-31,0,0.1068,0.3591,60.0
LOAN000718,2024-12-31,0,0.2056,0.7657,0.0
LOAN000505,2024-12-31,30,0.0599,0.7218,0.0
LOAN000294,2024-12-31,0,0.2058,0.2511,0.0
LOAN000313,2024-12-31,0,0.1442,0.4138,0.0
LOAN000843,2024-12-31,0,0.243,0.8533,0.0
LOAN000627,2024-12-31,0,0.0318,0.3146,0.0
LOAN000208,2024-12-31,0,0.2691,0.8043,30.0
LOAN000480,2024-12-31,30,0.2116,0.5647,0.0
LOAN000772,2024-12-31,30,0.295,0.3229,0.0
LOAN000907,2024-12-31,30,0.1662,0.3408,30.0
LOAN000746,2024-12-31,60,0.2955,0.7485,30.0
LOAN000725,2024-12-31,0,0.0285,0.2645,0.0
LOAN000046,2024-12-31,0,0.0574,0.3005,0.0
LOAN000619,2024-12-31,0,0.2215,0.6127,30.0
LOAN000233,2024-12-31,90,0.0814,0.3836,0.0
LOAN000084,2024-12-31,0,0.2129,0.8008,30.0
LOAN000806,2024-12-31,0,0.0693,0.3512,0.0
LOAN000441,2024-12-31,60,0.0539,0.8404,0.0
LOAN000634,2024-12-31,0,0.0928,0.4516,0.0
LOAN000496,2024-12-31,90,0.1463,0.4287,0.0
LOAN000322,2024-12-31,0,0.0126,0.3069,0.0
LOAN000055,2024-12-31,0,0.0303,0.4109,0.0
LOAN000333,2024-12-31,30,0.216,0.8247,0.0
LOAN000414,2024-12-31,0,0.2784,0.6239,30.0
LOAN000514,2024-12-31,30,0.2407,0.7905,0.0
LOAN000574,2024-12-31,0,0.0389,0.3566,0.0
LOAN000984,2024-12-31,0,0.241,0.2253,0.0
LOAN000063,2024-12-31,0,0.0916,0.4419,60.0
LOAN000834,2024-12-31,0,0.182,0.6074,0.0
LOAN000348,2024-12-31,0,0.0814,0.6891,60.0
LOAN000291,2024-12-31,0,0.157,0.4603,0.0
LOAN000323,2024-12-31,0,0.2885,0.2401,60.0
LOAN000976,2024-12-31,0,0.0895,0.6861,30.0
LOAN000591,2024-12-31,0,0.1035,0.6366,0.0
LOAN000597,2024-12-31,0,0.2422,0.7178,0.0
LOAN000761,2024-12-31,0,0.1987,0.6716,0.0
LOAN000190,2024-12-31,0,0.1099,0.5934,0.0
LOAN000580,2024-12-31,30,0.0679,0.4911,0.0
LOAN000112,2024-12-31,0,0.0775,0.644,30.0
LOAN000452,2024-12-31,30,0.2687,0.5594,0.0
LOAN000399,2024-12-31,30,0.137,0.3693,0.0
LOAN000768,2024-12-31,30,0.2435,0.468,0.0
LOAN000130,2024-12-31,0,0.1233,0.7286,0.0
LOAN000307,2024-12-31,0,0.1124,0.7227,0.0
LOAN000145,2024-12-31,0,0.1368,0.5473,0.0
LOAN000334,2024-12-31,30,0.0976,0.7209,0.0
LOAN000201,2024-12-31,60,0.0621,0.4538,0.0
LOAN000370,2024-12-31,0,0.2198,0.4824,0.0
LOAN000276,2024-12-31,0,0.2257,0.2191,0.0
LOAN000647,2024-12-31,0,0.2999,0.4177,60.0
LOAN000623,2024-12-31,30,0.0566,0.4368,60.0
LOAN000927,2024-12-31,0,0.2722,0.6996,30.0
LOAN000970,2024-12-31,0,0.0216,0.3111,0.0
LOAN000205,2024-12-31,0,0.2396,0.5594,30.0
LOAN000337,2024-12-31,0,0.1959,0.8819,30.0
LOAN000214,2024-12-31,0,0.1985,0.2739,30.0
LOAN000158,2024-12-31,0,0.1432,0.5936,0.0
LOAN000655,2025-01-31,0,0.2617,0.4916,0.0
LOAN000018,2025-01-31,30,0.2157,0.3449,0.0
LOAN000835,2025-01-31,0,0.2154,0.3518,0.0
LOAN000280,2025-01-31,0,0.2786,0.6117,0.0
LOAN000208,2025-01-31,0,0.0103,0.6374,0.0
LOAN000422,2025-01-31,0,0.2434,0.269,90.0
LOAN000680,2025-01-31,0,0.1439,0.4292,0.0
LOAN000985,2025-01-31,90,0.165,0.7738,0.0
LOAN000745,2025-01-31,0,0.1852,0.8985,0.0
LOAN000446,2025-01-31,0,0.0978,0.6499,0.0
LOAN000297,2025-01-31,0,0.0921,0.8558,0.0
LOAN000136,2025-01-31,0,0.1648,0.5707,0.0
LOAN000862,2025-01-31,60,0.1166,0.4961,60.0
LOAN000604,2025-01-31,30,0.0554,0.5771,0.0
LOAN000113,2025-01-31,30,0.0559,0.3532,30.0
LOAN000988,2025-01-31,0,0.0458,0.3079,0.0
LOAN000394,2025-01-31,0,0.1336,0.5946,60.0
LOAN000351,2025-01-31,30,0.2739,0.545,0.0
LOAN000475,2025-01-31,0,0.2099,0.8952,0.0
LOAN000081,2025-01-31,60,0.0156,0.4239,0.0
LOAN000327,2025-01-31,30,0.1846,0.5508,0.0
LOAN000018,2025-01-31,0,0.1083,0.7992,30.0
LOAN000040,2025-01-31,30,0.2074,0.6312,0.0
LOAN000907,2025-01-31,0,0.2282,0.5976,30.0
LOAN000505,2025-01-31,0,0.0977,0.7029,30.0
LOAN000150,2025-01-31,0,0.257,0.5727,0.0
LOAN000296,2025-01-31,0,0.057,0.665,90.0
LOAN000988,2025-01-31,0,0.1399,0.5249,0.0
LOAN000469,2025-01-31,0,0.0919,0.3942,0.0
LOAN000303,2025-01-31,30,0.0274,0.7647,30.0
LOAN000643,2025-01-31,0,0.1679,0.5098,60.0
LOAN000954,2025-01-31,0,0.0384,0.3974,0.0
LOAN000132,2025-01-31,90,0.2939,0.4762,90.0
LOAN000996,2025-01-31,0,0.0434,0.6063,30.0
LOAN000980,2025-01-31,0,0.2725,0.7201,0.0
LOAN000200,2025-01-31,0,0.2702,0.5607,0.0
LOAN000389,2025-01-31,90,0.1307,0.6666,30.0
LOAN000782,2025-01-31,0,0.2285,0.6285,0.0
LOAN000474,2025-01-31,30,0.2968,0.8893,0.0
LOAN000287,2025-01-31,0,0.1629,0.8168,0.0
LOAN000484,2025-01-31,0,0.1409,0.317,30.0
LOAN000997,2025-01-31,60,0.1255,0.4273,60.0
LOAN000666,2025-01-31,0,0.276,0.4707,0.0
LOAN000481,2025-01-31,0,0.0307,0.7582,60.0
LOAN000606,2025-01-31,0,0.1093,0.393,90.0
LOAN000581,2025-01-31,0,0.1503,0.8669,0.0
LOAN000465,2025-01-31,0,0.0457,0.7316,60.0
LOAN000912,2025-01-31,0,0.033,0.6136,0.0
LOAN000706,2025-01-31,0,0.0731,0.8493,0.0
LOAN000679,2025-01-31,0,0.2008,0.344,0.0
LOAN000860,2025-01-31,0,0.0488,0.8735,0.0
LOAN000851,2025-01-31,0,0.2021,0.8922,0.0
LOAN000761,2025-01-31,0,0.0822,0.3827,0.0
LOAN000857,2025-01-31,30,0.0623,0.3076,30.0
LOAN000978,2025-01-31,0,0.1878,0.3374,0.0
LOAN000513,2025-01-31,0,0.1337,0.6438,0.0
LOAN000091,2025-01-31,0,0.1526,0.4443,0.0
LOAN000991,2025-01-31,0,0.1114,0.6462,60.0
LOAN000069,2025-01-31,0,0.246,0.4185,0.0
LOAN000769,2025-01-31,0,0.0958,0.8172,30.0
LOAN000260,2025-01-31,0,0.172,0.7531,0.0
LOAN000322,2025-01-31,0,0.2583,0.5214,0.0
LOAN000500,2025-01-31,0,0.2276,0.7432,0.0
LOAN000478,2025-01-31,30,0.2539,0.8851,0.0
LOAN000154,2025-01-31,0,0.2988,0.6159,0.0
LOAN000078,2025-01-31,30,0.1328,0.2335,0.0
LOAN000857,2025-01-31,0,0.21,0.706,30.0
LOAN000775,2025-01-31,30,0.0568,0.5408,0.0
LOAN000245,2025-01-31,0,0.1618,0.2595,0.0
LOAN000656,2025-01-31,0,0.1477,0.3239,60.0
LOAN000584,2025-01-31,0,0.0428,0.7264,0.0
LOAN000438,2025-01-31,30,0.0636,0.8666,90.0
LOAN000215,2025-01-31,0,0.229,0.784,0.0
LOAN000538,2025-01-31,0,0.044,0.253,60.0
LOAN000068,2025-01-31,0,0.299,0.727,0.0
LOAN000907,2025-01-31,30,0.1686,0.5344,0.0
LOAN000370,2025-01-31,0,0.1911,0.7476,0.0
LOAN000396,2025-01-31,0,0.1251,0.8048,0.0
LOAN000101,2025-01-31,0,0.0597,0.2465,0.0
LOAN000744,2025-01-31,0,0.1146,0.374,0.0
LOAN000280,2025-01-31,0,0.2711,0.4909,0.0
LOAN000561,2025-01-31,0,0.1794,0.338,30.0
LOAN000158,2025-01-31,0,0.1802,0.6329,0.0
LOAN000648,2025-01-31,0,0.1766,0.2964,0.0
LOAN000896,2025-01-31,0,0.2505,0.6134,0.0
LOAN000041,2025-01-31,0,0.2596,0.2419,0.0
LOAN000816,2025-01-31,0,0.1903,0.8185,0.0
LOAN000975,2025-01-31,60,0.2626,0.2569,0.0
LOAN000076,2025-01-31,0,0.0267,0.6561,0.0
LOAN000544,2025-01-31,0,0.1101,0.5318,60.0
LOAN000692,2025-01-31,90,0.23,0.6237,0.0
LOAN000156,2025-01-31,0,0.0692,0.3493,90.0
LOAN000520,2025-01-31,0,0.1149,0.4961,30.0
LOAN000857,2025-01-31,0,0.0374,0.8741,0.0
LOAN000466,2025-01-31,0,0.0984,0.6153,0.0
LOAN000226,2025-01-31,0,0.2756,0.2024,0.0
LOAN000755,2025-01-31,30,0.1569,0.8903,0.0
LOAN000274,2025-01-31,0,0.2378,0.679,0.0
LOAN000657,2025-01-31,60,0.0553,0.4077,90.0
LOAN000037,2025-01-31,0,0.0253,0.507,60.0
LOAN000015,2025-01-31,30,0.2345,0.64,0.0
LOAN000296,2025-01-31,30,0.2634,0.5145,0.0
LOAN000463,2025-01-31,0,0.1662,0.7533,0.0
LOAN000491,2025-01-31,0,0.0757,0.4897,90.0
LOAN000402,2025-01-31,0,0.1257,0.3765,90.0
LOAN000158,2025-01-31,0,0.1138,0.5232,0.0
LOAN000442,2025-01-31,0,0.1497,0.6832,0.0
LOAN000463,2025-01-31,0,0.0446,0.5661,0.0
LOAN000833,2025-01-31,0,0.121,0.3867,30.0
LOAN000361,2025-01-31,0,0.2628,0.7664,0.0
LOAN000208,2025-01-31,0,0.1965,0.2199,0.0
LOAN000953,2025-01-31,0,0.1852,0.2103,30.0
LOAN000613,2025-01-31,0,0.295,0.3139,0.0
LOAN000311,2025-01-31,90,0.032,0.2809,30.0
LOAN000483,2025-01-31,90,0.2815,0.382,0.0
LOAN000117,2025-01-31,60,0.2834,0.405,30.0
LOAN000904,2025-01-31,0,0.2328,0.7931,0.0
LOAN000038,2025-01-31,0,0.2321,0.3386,0.0
LOAN000367,2025-01-31,0,0.0965,0.4881,0.0
LOAN000431,2025-01-31,90,0.0971,0.6228,0.0
LOAN000789,2025-01-31,0,0.2871,0.3855,60.0
LOAN000358,2025-01-31,0,0.0168,0.7183,60.0
LOAN000034,2025-01-31,0,0.2059,0.4288,0.0
LOAN000616,2025-01-31,0,0.0554,0.629,0.0
LOAN000495,2025-01-31,0,0.2572,0.7397,0.0
LOAN000913,2025-01-31,90,0.1483,0.8398,30.0
LOAN000396,2025-01-31,0,0.0635,0.4873,0.0
LOAN000570,2025-01-31,0,0.2124,0.7662,0.0
LOAN000153,2025-01-31,0,0.2479,0.8575,0.0
LOAN000449,2025-01-31,0,0.1448,0.7411,0.0
LOAN000377,2025-01-31,0,0.0942,0.8678,30.0
LOAN000322,2025-01-31,0,0.0737,0.7629,0.0
LOAN000020,2025-01-31,30,0.113,0.2828,0.0
LOAN000429,2025-01-31,0,0.2837,0.7486,30.0
LOAN000547,2025-01-31,0,0.0749,0.7868,0.0
LOAN000672,2025-01-31,0,0.1015,0.3615,60.0
LOAN000829,2025-01-31,0,0.2069,0.2402,0.0
LOAN000284,2025-01-31,30,0.23,0.4479,0.0
LOAN000956,2025-01-31,30,0.1474,0.6499,60.0
LOAN000059,2025-01-31,0,0.0267,0.2568,0.0
LOAN000194,2025-01-31,0,0.0404,0.8832,0.0
LOAN000443,2025-01-31,0,0.1834,0.2063,30.0
LOAN000944,2025-01-31,0,0.144,0.741,0.0
LOAN000075,2025-01-31,0,0.1259,0.55,0.0
LOAN000969,2025-01-31,0,0.1207,0.2897,0.0
LOAN000325,2025-01-31,0,0.1661,0.5517,0.0
LOAN000462,2025-01-31,0,0.2475,0.4956,0.0
LOAN000466,2025-01-31,0,0.27,0.8953,0.0
LOAN000772,2025-01-31,0,0.11,0.2524,30.0
LOAN000538,2025-01-31,60,0.1822,0.3818,0.0
LOAN000743,2025-01-31,0,0.0491,0.3839,0.0
LOAN000209,2025-01-31,0,0.0741,0.2876,60.0
LOAN000354,2025-01-31,0,0.0352,0.3496,0.0
LOAN000739,2025-01-31,60,0.2959,0.2828,60.0
LOAN000782,2025-01-31,0,0.2209,0.7273,0.0
LOAN000983,2025-01-31,90,0.2342,0.8076,0.0
LOAN000871,2025-01-31,0,0.0458,0.649,60.0
LOAN000202,2025-01-31,0,0.1866,0.6229,0.0
LOAN000464,2025-01-31,0,0.0865,0.8816,0.0
LOAN000036,2025-01-31,60,0.0302,0.5615,0.0
LOAN000013,2025-01-31,60,0.0636,0.8331,30.0
LOAN000638,2025-01-31,0,0.0736,0.6489,0.0
LOAN000968,2025-01-31,0,0.274,0.7161,30.0
LOAN000525,2025-01-31,60,0.1289,0.4322,0.0
LOAN000922,2025-01-31,0,0.0217,0.262,0.0
LOAN000602,2025-01-31,0,0.2293,0.5021,0.0
LOAN000280,2025-01-31,0,0.2171,0.4785,0.0
LOAN000981,2025-01-31,30,0.2696,0.4641,0.0
LOAN000666,2025-01-31,60,0.0428,0.418,0.0
LOAN000436,2025-01-31,60,0.0903,0.8617,30.0
LOAN000034,2025-01-31,0,0.0353,0.6728,0.0
LOAN000659,2025-01-31,60,0.0886,0.7134,0.0
LOAN000345,2025-01-31,0,0.018,0.3255,0.0
LOAN000025,2025-01-31,0,0.1291,0.7053,30.0
LOAN000470,2025-01-31,0,0.2401,0.7514,0.0
LOAN000701,2025-01-31,60,0.2888,0.3575,30.0
LOAN000384,2025-01-31,0,0.1816,0.4354,30.0
LOAN000041,2025-01-31,0,0.1481,0.6652,0.0
LOAN000798,2025-01-31,0,0.1312,0.4946,0.0
LOAN000988,2025-01-31,60,0.1532,0.6836,0.0
LOAN000131,2025-01-31,0,0.224,0.3399,0.0
LOAN000192,2025-01-31,60,0.296,0.7731,60.0
LOAN000650,2025-01-31,60,0.2783,0.5705,0.0
LOAN000537,2025-01-31,60,0.2543,0.7308,30.0
LOAN000558,2025-01-31,0,0.0719,0.7629,60.0
LOAN000261,2025-01-31,0,0.0628,0.2534,0.0
LOAN000873,2025-01-31,0,0.1913,0.3361,0.0
LOAN000864,2025-01-31,0,0.2405,0.8821,90.0
LOAN000461,2025-01-31,0,0.0813,0.4441,0.0
LOAN000821,2025-01-31,0,0.2363,0.5537,0.0
LOAN000178,2025-01-31,0,0.1082,0.2863,0.0
LOAN000502,2025-01-31,0,0.1588,0.2223,60.0
LOAN000716,2025-01-31,0,0.1295,0.8123,0.0
LOAN000776,2025-01-31,0,0.1533,0.2019,0.0
LOAN000252,2025-01-31,0,0.2113,0.3101,0.0
LOAN000271,2025-01-31,0,0.0777,0.5562,0.0
LOAN000562,2025-01-31,0,0.0665,0.2435,60.0
LOAN000810,2025-01-31,0,0.1162,0.5737,0.0
LOAN000538,2025-01-31,30,0.2889,0.851,60.0
LOAN000317,2025-01-31,0,0.0103,0.4456,0.0
LOAN000479,2025-01-31,30,0.2323,0.3698,30.0
LOAN000633,2025-01-31,60,0.1605,0.3467,0.0
LOAN000591,2025-01-31,60,0.2866,0.3719,0.0
LOAN000344,2025-01-31,0,0.1682,0.2998,0.0
LOAN000584,2025-01-31,60,0.0645,0.875,0.0
LOAN000344,2025-01-31,60,0.0444,0.4541,0.0
LOAN000451,2025-01-31,0,0.2641,0.5937,0.0
LOAN000963,2025-01-31,0,0.1824,0.4711,0.0
LOAN000368,2025-01-31,0,0.0797,0.7087,90.0
LOAN000782,2025-01-31,90,0.0626,0.7954,0.0
LOAN000232,2025-01-31,60,0.1746,0.7579,0.0
LOAN000626,2025-01-31,0,0.1738,0.6559,0.0
LOAN000979,2025-01-31,0,0.247,0.3875,0.0
LOAN000213,2025-01-31,0,0.2553,0.7269,30.0
LOAN000945,2025-01-31,30,0.0607,0.3352,30.0
LOAN000177,2025-01-31,0,0.1051,0.2299,0.0
LOAN000050,2025-01-31,0,0.16,0.2795,0.0
LOAN000176,2025-01-31,0,0.0601,0.255,0.0
LOAN000983,2025-01-31,30,0.276,0.4648,90.0
LOAN000745,2025-01-31,0,0.1421,0.5798,0.0
LOAN000474,2025-01-31,0,0.278,0.6474,30.0
LOAN000296,2025-01-31,0,0.1616,0.2078,30.0
LOAN000176,2025-01-31,0,0.2471,0.2582,0.0
LOAN000548,2025-01-31,0,0.017,0.3904,0.0
LOAN000527,2025-01-31,0,0.0558,0.8888,30.0
LOAN000322,2025-01-31,0,0.2778,0.5454,0.0
LOAN000460,2025-01-31,60,0.1719,0.4116,30.0
LOAN000348,2025-01-31,30,0.13,0.5398,0.0
LOAN000265,2025-01-31,0,0.1638,0.3255,60.0
LOAN000407,2025-01-31,0,0.1642,0.5572,0.0
LOAN000712,2025-01-31,0,0.0417,0.6875,0.0
LOAN000207,2025-01-31,0,0.0799,0.5912,30.0
LOAN000764,2025-01-31,0,0.2067,0.4132,60.0
LOAN000697,2025-01-31,30,0.2994,0.4204,0.0
LOAN000302,2025-01-31,0,0.1058,0.6236,0.0
LOAN000974,2025-01-31,0,0.1135,0.7404,0.0
LOAN000022,2025-01-31,30,0.2658,0.4215,0.0
LOAN000271,2025-01-31,0,0.2277,0.2902,0.0
LOAN000195,2025-01-31,60,0.1289,0.8336,30.0
LOAN000853,2025-01-31,0,0.13,0.5027,0.0
LOAN000741,2025-01-31,30,0.1811,0.5627,0.0
LOAN000371,2025-01-31,0,0.2826,0.5604,0.0
LOAN000602,2025-01-31,90,0.0984,0.8956,0.0
LOAN000741,2025-01-31,0,0.2829,0.7989,30.0
LOAN000465,2025-01-31,90,0.2063,0.5191,0.0
LOAN000215,2025-01-31,0,0.0818,0.609,0.0
LOAN000078,2025-01-31,0,0.2497,0.3502,30.0
LOAN000504,2025-01-31,0,0.1868,0.6433,0.0
LOAN000386,2025-01-31,0,0.2976,0.7331,0.0
LOAN000413,2025-01-31,30,0.2081,0.4186,30.0
LOAN000404,2025-01-31,30,0.163,0.6128,90.0
LOAN000276,2025-01-31,0,0.0941,0.6163,0.0
LOAN000465,2025-01-31,60,0.2676,0.8449,90.0
LOAN000860,2025-01-31,60,0.0118,0.6038,0.0
LOAN000280,2025-01-31,30,0.1207,0.8529,0.0
LOAN000201,2025-01-31,60,0.044,0.6466,60.0
LOAN000451,2025-01-31,60,0.2722,0.2421,0.0
LOAN000176,2025-01-31,30,0.1179,0.8557,0.0
LOAN000371,2025-01-31,90,0.0786,0.5196,0.0
LOAN000842,2025-01-31,0,0.2507,0.6243,0.0
LOAN000247,2025-01-31,30,0.2254,0.8915,0.0
LOAN000337,2025-01-31,0,0.2874,0.3583,0.0
LOAN000593,2025-01-31,0,0.0646,0.3819,30.0
LOAN000334,2025-01-31,60,0.0146,0.2851,30.0
LOAN000533,2025-01-31,0,0.0392,0.474,0.0
LOAN000525,2025-01-31,30,0.0104,0.361,60.0
LOAN000168,2025-01-31,30,0.0991,0.6158,60.0
LOAN000735,2025-01-31,0,0.1702,0.4144,0.0
LOAN000980,2025-01-31,30,0.1846,0.2251,0.0
LOAN000917,2025-01-31,30,0.032,0.5459,0.0
LOAN000333,2025-01-31,30,0.2818,0.5267,30.0
LOAN000173,2025-01-31,0,0.1367,0.2175,30.0
LOAN000397,2025-01-31,0,0.0239,0.3005,60.0
LOAN000408,2025-01-31,0,0.2583,0.2075,0.0
LOAN000692,2025-01-31,0,0.0658,0.8589,90.0
LOAN000875,2025-01-31,0,0.1198,0.2526,0.0
LOAN000537,2025-01-31,90,0.2087,0.688,60.0
LOAN000584,2025-01-31,0,0.203,0.7048,60.0
LOAN000490,2025-01-31,30,0.2496,0.2758,0.0
LOAN000769,2025-01-31,0,0.0489,0.5035,0.0
LOAN000797,2025-01-31,30,0.2907,0.6934,0.0
LOAN000498,2025-01-31,0,0.0892,0.6799,0.0
LOAN000780,2025-01-31,0,0.1921,0.6983,0.0
LOAN000730,2025-01-31,0,0.1621,0.8042,0.0
LOAN000838,2025-01-31,60,0.0951,0.8832,0.0
LOAN000203,2025-01-31,90,0.2344,0.529,0.0
LOAN000639,2025-01-31,0,0.1609,0.227,0.0
LOAN000141,2025-01-31,60,0.2373,0.6488,60.0
LOAN000841,2025-01-31,30,0.2486,0.4327,60.0
LOAN000298,2025-01-31,0,0.2699,0.4933,60.0
LOAN000619,2025-01-31,0,0.2459,0.3711,0.0
LOAN000635,2025-01-31,0,0.2203,0.5338,0.0
LOAN000791,2025-01-31,0,0.2725,0.2145,60.0
LOAN000262,2025-01-31,60,0.1251,0.6352,60.0
LOAN000645,2025-01-31,0,0.0894,0.2934,90.0
LOAN000608,2025-01-31,0,0.0168,0.5973,0.0
LOAN000681,2025-01-31,0,0.1647,0.2738,0.0
LOAN000488,2025-01-31,0,0.0777,0.7455,0.0
LOAN000791,2025-01-31,0,0.2354,0.4408,0.0
LOAN000351,2025-01-31,0,0.0119,0.4483,30.0
LOAN000631,2025-01-31,0,0.2966,0.8792,60.0
LOAN000659,2025-01-31,60,0.0322,0.7264,60.0
LOAN000803,2025-01-31,60,0.2076,0.4015,30.0
LOAN000900,2025-01-31,0,0.1756,0.4814,30.0
LOAN000812,2025-01-31,0,0.279,0.8551,0.0
LOAN000199,2025-01-31,90,0.1384,0.893,0.0
LOAN000339,2025-01-31,30,0.0189,0.5541,0.0
LOAN000459,2025-01-31,0,0.0891,0.8843,0.0
LOAN000604,2025-01-31,0,0.268,0.3245,30.0
LOAN000026,2025-01-31,0,0.1417,0.2431,60.0
LOAN000321,2025-01-31,0,0.0854,0.3453,0.0
LOAN000761,2025-01-31,0,0.0762,0.5741,0.0
LOAN000087,2025-01-31,0,0.2621,0.3544,0.0
LOAN000622,2025-01-31,0,0.2215,0.3097,30.0
LOAN000178,2025-01-31,60,0.1532,0.5735,0.0
LOAN000116,2025-01-31,60,0.2619,0.7129,0.0
LOAN000468,2025-01-31,60,0.1944,0.3432,0.0
LOAN000160,2025-01-31,0,0.1084,0.5966,0.0
LOAN000815,2025-01-31,30,0.2492,0.6146,60.0
LOAN000139,2025-01-31,30,0.1187,0.6135,0.0
LOAN000939,2025-01-31,30,0.0262,0.7937,60.0
LOAN000276,2025-01-31,30,0.2398,0.3029,0.0
LOAN000762,2025-01-31,30,0.0271,0.201,30.0
LOAN000972,2025-01-31,60,0.0457,0.6317,0.0
LOAN000232,2025-01-31,0,0.1535,0.4873,60.0
LOAN000572,2025-01-31,30,0.2498,0.3264,0.0
LOAN000390,2025-01-31,0,0.063,0.3893,60.0
LOAN000361,2025-01-31,90,0.2602,0.8994,0.0
LOAN000163,2025-01-31,0,0.2761,0.5061,0.0
LOAN000235,2025-01-31,0,0.0745,0.6874,0.0
LOAN000513,2025-01-31,0,0.1844,0.6681,0.0
LOAN000804,2025-01-31,30,0.2388,0.4462,0.0
LOAN000326,2025-01-31,0,0.1931,0.5717,0.0
LOAN000979,2025-01-31,0,0.0117,0.3409,0.0
LOAN000598,2025-01-31,0,0.1747,0.2619,0.0
LOAN000805,2025-01-31,0,0.1481,0.6828,0.0
LOAN000555,2025-01-31,0,0.2001,0.5069,0.0
LOAN000832,2025-01-31,30,0.0346,0.5722,30.0
LOAN000869,2025-01-31,0,0.2388,0.6168,0.0
LOAN000885,2025-01-31,0,0.1018,0.589,60.0
LOAN000995,2025-01-31,0,0.0882,0.8731,30.0
LOAN000347,2025-01-31,0,0.1955,0.4708,0.0
LOAN000320,2025-01-31,0,0.2102,0.2561,90.0
LOAN000030,2025-01-31,0,0.1817,0.8324,60.0
LOAN000461,2025-01-31,0,0.044,0.898,0.0
LOAN000252,2025-01-31,0,0.106,0.4715,0.0
LOAN000509,2025-01-31,30,0.0525,0.6842,60.0
LOAN000575,2025-01-31,0,0.2831,0.3556,0.0
LOAN000457,2025-01-31,0,0.2716,0.3378,60.0
LOAN000274,2025-01-31,90,0.1181,0.8781,0.0
LOAN000477,2025-01-31,0,0.2207,0.5997,0.0
LOAN000038,2025-01-31,30,0.0746,0.8649,0.0
LOAN000409,2025-01-31,0,0.2392,0.8145,90.0
LOAN000286,2025-01-31,0,0.2821,0.8087,0.0
LOAN000081,2025-01-31,0,0.1328,0.557,60.0
LOAN000512,2025-01-31,0,0.0705,0.3293,0.0
LOAN000161,2025-01-31,30,0.0858,0.2773,0.0
LOAN000683,2025-01-31,90,0.2394,0.6448,60.0
LOAN000082,2025-01-31,0,0.1946,0.3,0.0
LOAN000041,2025-01-31,0,0.2211,0.4553,0.0
LOAN000058,2025-01-31,0,0.0613,0.3063,30.0
LOAN000939,2025-01-31,0,0.0248,0.7371,30.0
LOAN000520,2025-01-31,0,0.0843,0.3149,0.0
LOAN000041,2025-01-31,0,0.1966,0.889,0.0
LOAN000859,2025-01-31,90,0.0514,0.8885,30.0
LOAN000935,2025-01-31,60,0.0585,0.2747,0.0
LOAN000384,2025-01-31,0,0.1247,0.5148,0.0
LOAN000201,2025-01-31,0,0.2045,0.2726,60.0
LOAN000591,2025-01-31,0,0.0975,0.4533,60.0
LOAN000205,2025-01-31,30,0.0736,0.268,0.0
LOAN000493,2025-01-31,90,0.279,0.8489,0.0
LOAN000777,2025-01-31,0,0.2857,0.5752,0.0
LOAN000920,2025-01-31,30,0.1154,0.4666,0.0
LOAN000230,2025-01-31,0,0.2043,0.4102,0.0
LOAN000687,2025-01-31,0,0.118,0.4176,0.0
LOAN000647,2025-01-31,60,0.1432,0.4959,0.0
LOAN000763,2025-01-31,30,0.194,0.7302,0.0
LOAN000840,2025-01-31,30,0.274,0.4749,0.0
LOAN000616,2025-01-31,60,0.036,0.4122,0.0
LOAN000299,2025-01-31,30,0.0819,0.8482,90.0
LOAN000095,2025-01-31,0,0.0491,0.506,90.0
LOAN000957,2025-01-31,0,0.2319,0.8509,0.0
LOAN000750,2025-01-31,0,0.2458,0.4519,0.0
LOAN000870,2025-01-31,0,0.0728,0.6452,0.0
LOAN000560,2025-01-31,0,0.2724,0.6488,0.0
LOAN000226,2025-01-31,0,0.1971,0.2213,0.0
LOAN000563,2025-01-31,0,0.2356,0.5356,0.0
LOAN000113,2025-01-31,90,0.1045,0.5979,30.0
LOAN000071,2025-01-31,60,0.0731,0.5739,0.0
LOAN000519,2025-01-31,30,0.0459,0.5995,60.0
LOAN000500,2025-01-31,0,0.2454,0.3055,0.0
LOAN000963,2025-01-31,0,0.1812,0.8355,0.0
LOAN000065,2025-01-31,0,0.2917,0.8721,0.0
LOAN000103,2025-01-31,0,0.1635,0.8653,0.0
LOAN000324,2025-01-31,0,0.0105,0.8688,60.0
LOAN000901,2025-01-31,30,0.2754,0.7194,0.0
LOAN000838,2025-01-31,0,0.0992,0.59,60.0
LOAN000571,2025-01-31,30,0.1312,0.681,30.0
LOAN000271,2025-01-31,0,0.03,0.7052,0.0
LOAN000204,2025-01-31,0,0.0769,0.6691,30.0
